사고번호,사고일시,요일,시군구,사고내용,사망자수,중상자수,경상자수,부상신고자수,사고유형,법규위반,노면상태,기상상태,도로형태,가해운전자 차종,가해운전자 성별,가해운전자 연령,가해운전자 상해정도,피해운전자 차종,피해운전자 성별,피해운전자 연령,피해운전자 상해정도
2020020400100083,2020년 2월 4일 07시,화요일,대전광역시 유성구 궁동,중상사고,0,1,1,0,차대사람 - 기타,신호위반,건조,맑음,교차로 - 교차로횡단보도내,승용,남,62세,상해없음,보행자,남,19세,경상
2020020400100120,2020년 2월 4일 08시,화요일,대전광역시 서구 둔산동,경상사고,0,0,2,0,차대차 - 기타,신호위반,건조,맑음,단일로 - 기타,승용,여,48세,경상,승용,여,56세,경상
2020020400100121,2020년 2월 4일 08시,화요일,대전광역시 유성구 원신흥동,경상사고,0,0,1,0,차대사람 - 횡단중,보행자보호의무위반,건조,맑음,교차로 - 교차로안,승용,남,71세,기타불명,보행자,여,46세,경상
2020020400100151,2020년 2월 4일 09시,화요일,대전광역시 대덕구 오정동,경상사고,0,0,1,0,차대차 - 기타,안전운전불이행,건조,맑음,단일로 - 기타,화물,남,43세,상해없음,승용,여,39세,경상
2020020400100184,2020년 2월 4일 10시,화요일,대전광역시 서구 갈마동,경상사고,0,0,2,0,차대차 - 기타,안전운전불이행,건조,맑음,교차로 - 교차로안,승용,여,72세,상해없음,승용,남,80세,경상
2020020400100211,2020년 2월 4일 11시,화요일,대전광역시 중구 용두동,중상사고,0,1,0,0,차대차 - 측면충돌,안전운전불이행,건조,맑음,단일로 - 기타,자전거,남,24세,상해없음,자전거,남,67세,중상
2020020400100212,2020년 2월 4일 11시,화요일,대전광역시 서구 관저동,경상사고,0,0,1,0,차대차 - 측면충돌,신호위반,건조,맑음,교차로 - 교차로안,승용,남,42세,상해없음,승용,남,53세,경상
2020020400100268,2020년 2월 4일 13시,화요일,대전광역시 동구 중동,중상사고,0,1,1,0,차대차 - 측면충돌,안전운전불이행,건조,맑음,기타 - 기타,승용,여,27세,상해없음,이륜,남,66세,경상
2020020400100304,2020년 2월 4일 14시,화요일,대전광역시 서구 가수원동,경상사고,0,0,1,0,차대차 - 측면충돌,안전운전불이행,건조,맑음,단일로 - 기타,승용,여,72세,기타불명,승용,여,72세,경상
2020020400100341,2020년 2월 4일 15시,화요일,대전광역시 대덕구 상서동,중상사고,0,1,1,0,차대차 - 추돌,안전운전불이행,건조,맑음,교차로 - 교차로부근,승용,여,54세,상해없음,승용,여,71세,중상
2020020400100375,2020년 2월 4일 16시,화요일,대전광역시 중구 선화동,경상사고,0,0,1,0,차량단독 - 기타,안전운전불이행,건조,맑음,단일로 - 기타,승합,남,43세,상해없음,,,,
2020020400100376,2020년 2월 4일 16시,화요일,대전광역시 대덕구 비래동,중상사고,0,1,0,0,차대차 - 기타,안전운전불이행,건조,맑음,단일로 - 기타,화물,남,61세,상해없음,승용,남,42세,중상
2020020400100377,2020년 2월 4일 16시,화요일,대전광역시 서구 둔산동,경상사고,0,0,4,0,차대차 - 기타,안전운전불이행,건조,맑음,교차로 - 교차로횡단보도내,승용,여,58세,상해없음,이륜,남,33세,경상
2020020400100378,2020년 2월 4일 16시,화요일,대전광역시 유성구 노은동,중상사고,0,1,1,0,차대차 - 기타,신호위반,건조,맑음,교차로 - 교차로안,승용,여,53세,상해없음,승용,남,67세,중상
2020020400100419,2020년 2월 4일 17시,화요일,대전광역시 중구 문화동,중상사고,0,1,0,0,차대사람 - 기타,신호위반,건조,맑음,단일로 - 기타,승용,여,36세,상해없음,보행자,여,22세,기타불명
2020020400100420,2020년 2월 4일 17시,화요일,대전광역시 서구 둔산동,경상사고,0,0,1,0,차대사람 - 기타,안전운전불이행,건조,맑음,단일로 - 기타,승용,여,37세,상해없음,보행자,남,17세,경상
2020020400100486,2020년 2월 4일 18시,화요일,대전광역시 서구 둔산동,경상사고,0,0,1,0,차대차 - 추돌,안전거리미확보,건조,맑음,교차로 - 교차로안,이륜,남,51세,상해없음,승용,여,43세,경상
2020020400100487,2020년 2월 4일 18시,화요일,대전광역시 유성구 원내동,중상사고,0,1,0,0,차대사람 - 횡단중,보행자보호의무위반,건조,맑음,교차로 - 교차로안,승용,여,57세,상해없음,보행자,여,75세,중상
2020020400100607,2020년 2월 4일 21시,화요일,대전광역시 중구 유천동,경상사고,0,0,1,0,차대차 - 측면충돌,안전운전불이행,건조,맑음,교차로 - 교차로안,승용,여,58세,경상,화물,남,80세,상해없음
2020020400100633,2020년 2월 4일 22시,화요일,대전광역시 동구 삼성동,경상사고,0,0,1,0,차대차 - 기타,안전거리미확보,건조,맑음,교차로 - 교차로부근,승용,남,45세,상해없음,승합,남,29세,경상
2020020400100634,2020년 2월 4일 22시,화요일,대전광역시 대덕구 신탄진동,경상사고,0,0,1,0,차대사람 - 기타,안전운전불이행,건조,맑음,단일로 - 기타,화물,남,57세,기타불명,보행자,남,36세,경상
2020020400100635,2020년 2월 4일 22시,화요일,대전광역시 서구 월평동,경상사고,0,0,1,0,차대차 - 추돌,안전운전불이행,젖음/습기,눈,단일로 - 기타,승용,남,28세,상해없음,승용,남,54세,경상
2020020400100651,2020년 2월 4일 23시,화요일,대전광역시 서구 둔산동,경상사고,0,0,1,1,차대차 - 정면충돌,신호위반,젖음/습기,눈,교차로 - 교차로안,승용,여,46세,부상신고,승용,남,57세,경상
2020020500100014,2020년 2월 5일 00시,수요일,대전광역시 서구 가장동,경상사고,0,0,1,0,차대차 - 측면충돌,안전운전불이행,젖음/습기,비,교차로 - 교차로부근,승용,여,29세,상해없음,화물,남,38세,경상
2020020500100024,2020년 2월 5일 01시,수요일,대전광역시 서구 만년동,경상사고,0,0,2,0,차대차 - 기타,신호위반,젖음/습기,흐림,교차로 - 교차로부근,건설기계,남,49세,경상,승용,남,45세,상해없음
2020020500100046,2020년 2월 5일 04시,수요일,대전광역시 서구 관저동,경상사고,0,0,1,0,차대차 - 측면충돌,신호위반,젖음/습기,눈,교차로 - 교차로안,승용,남,31세,기타불명,승용,남,24세,경상
2020020500100053,2020년 2월 5일 05시,수요일,대전광역시 중구 석교동,경상사고,0,0,1,0,차대차 - 추돌,안전거리미확보,적설,눈,단일로 - 기타,화물,남,45세,상해없음,승용,남,30세,경상
2020020500100054,2020년 2월 5일 05시,수요일,대전광역시 중구 태평동,경상사고,0,0,1,0,차대차 - 측면충돌,안전운전불이행,건조,맑음,기타 - 기타,승용,남,45세,상해없음,자전거,여,63세,경상
2020020500100122,2020년 2월 5일 08시,수요일,대전광역시 중구 대사동,경상사고,0,0,2,0,차대차 - 측면충돌,교차로운행방법위반,건조,맑음,교차로 - 교차로부근,승용,남,53세,기타불명,화물,남,42세,경상
2020020500100123,2020년 2월 5일 08시,수요일,대전광역시 동구 인동,중상사고,0,1,0,0,차대사람 - 보도통행중,기타,건조,맑음,단일로 - 기타,화물,남,75세,상해없음,보행자,여,33세,중상
2020020500100124,2020년 2월 5일 08시,수요일,대전광역시 대덕구 읍내동,경상사고,0,0,2,0,차대차 - 측면충돌,직진우회전진행방해,건조,맑음,교차로 - 교차로안,승용,여,48세,상해없음,승용,남,63세,경상
2020020500100161,2020년 2월 5일 09시,수요일,대전광역시 서구 정림동,경상사고,0,0,1,0,차대차 - 추돌,안전운전불이행,건조,맑음,단일로 - 기타,승용,남,58세,상해없음,승용,여,80세,경상
2020020500100162,2020년 2월 5일 09시,수요일,대전광역시 서구 만년동,경상사고,0,0,1,0,차대차 - 기타,안전운전불이행,건조,맑음,교차로 - 교차로안,승용,여,65세,상해없음,승용,남,50세,경상
2020020500100195,2020년 2월 5일 10시,수요일,대전광역시 중구 문화동,경상사고,0,0,1,0,차대차 - 기타,안전운전불이행,건조,맑음,교차로 - 교차로부근,승용,여,43세,상해없음,승용,여,33세,경상
2020020500100196,2020년 2월 5일 10시,수요일,대전광역시 서구 복수동,부상신고사고,0,0,0,1,차대차 - 측면충돌,안전운전불이행,건조,맑음,교차로 - 교차로안,승용,여,63세,기타불명,승용,남,67세,부상신고
2020020500100197,2020년 2월 5일 10시,수요일,대전광역시 서구 월평동,경상사고,0,0,1,0,차대차 - 기타,안전운전불이행,건조,맑음,교차로 - 교차로부근,승용,남,46세,상해없음,이륜,남,47세,경상
2020020500100232,2020년 2월 5일 11시,수요일,대전광역시 동구 가양동,중상사고,0,1,0,0,차대차 - 측면충돌,안전운전불이행,건조,맑음,교차로 - 교차로안,이륜,남,44세,중상,승용,남,63세,상해없음
2020020500100264,2020년 2월 5일 12시,수요일,대전광역시 대덕구 석봉동,경상사고,0,0,1,0,차대사람 - 횡단중,안전운전불이행,건조,맑음,교차로 - 교차로안,승용,남,63세,상해없음,보행자,여,48세,경상
2020020500100265,2020년 2월 5일 12시,수요일,대전광역시 서구 탄방동,경상사고,0,0,1,0,차대차 - 기타,안전운전불이행,건조,맑음,단일로 - 기타,승용,남,29세,상해없음,자전거,남,64세,경상
2020020500100266,2020년 2월 5일 12시,수요일,대전광역시 서구 갈마동,경상사고,0,0,2,0,차대차 - 기타,안전거리미확보,건조,맑음,단일로 - 기타,승용,남,62세,상해없음,승용,여,49세,경상
2020020500100372,2020년 2월 5일 15시,수요일,대전광역시 동구 원동,경상사고,0,0,1,0,차대차 - 측면충돌,안전거리미확보,건조,맑음,단일로 - 기타,승용,남,69세,상해없음,승합,남,48세,경상
2020020500100409,2020년 2월 5일 16시,수요일,대전광역시 유성구 구암동,경상사고,0,0,1,0,차대차 - 기타,안전운전불이행,건조,맑음,단일로 - 기타,승용,남,67세,상해없음,이륜,남,35세,경상
2020020500100451,2020년 2월 5일 17시,수요일,대전광역시 중구 석교동,경상사고,0,0,1,0,차대사람 - 횡단중,안전운전불이행,건조,맑음,교차로 - 교차로안,승용,여,63세,상해없음,보행자,여,72세,경상
2020020500100452,2020년 2월 5일 17시,수요일,대전광역시 서구 괴정동,경상사고,0,0,2,0,차대차 - 측면충돌,안전운전불이행,건조,맑음,기타 - 기타,이륜,남,23세,상해없음,승용,여,38세,경상
2020020500100506,2020년 2월 5일 18시,수요일,대전광역시 유성구 노은동,경상사고,0,0,1,0,차대차 - 추돌,안전운전불이행,건조,맑음,단일로 - 지하차도(도로)내,승용,남,50세,상해없음,승용,여,41세,경상
2020020500100569,2020년 2월 5일 19시,수요일,대전광역시 서구 둔산동,경상사고,0,0,1,0,차대차 - 기타,안전거리미확보,건조,맑음,단일로 - 기타,승용,남,50세,상해없음,이륜,남,27세,경상
2020020500100599,2020년 2월 5일 20시,수요일,대전광역시 유성구 장대동,중상사고,0,1,1,0,차대차 - 기타,신호위반,건조,맑음,교차로 - 교차로안,승용,여,37세,상해없음,승용,여,31세,중상
2020020500100633,2020년 2월 5일 21시,수요일,대전광역시 유성구 원신흥동,중상사고,0,1,0,0,차대사람 - 횡단중,보행자보호의무위반,건조,맑음,교차로 - 교차로안,승용,남,36세,상해없음,보행자,남,60세,중상
2020020500100662,2020년 2월 5일 22시,수요일,대전광역시 유성구 봉명동,경상사고,0,0,1,0,차대차 - 기타,안전운전불이행,젖음/습기,비,교차로 - 교차로부근,이륜,남,40세,상해없음,승용,남,42세,경상
2020020600100017,2020년 2월 6일 00시,목요일,대전광역시 유성구 봉명동,경상사고,0,0,2,0,차대차 - 후진중충돌,안전운전불이행,건조,맑음,단일로 - 기타,승용,남,24세,상해없음,승용,남,38세,경상
2020020600100043,2020년 2월 6일 03시,목요일,대전광역시 서구 도마동,경상사고,0,0,2,0,차대차 - 측면충돌,교차로운행방법위반,건조,맑음,교차로 - 교차로안,이륜,남,29세,경상,승용,남,42세,경상
2020020600100048,2020년 2월 6일 04시,목요일,대전광역시 서구 둔산동,경상사고,0,0,1,0,차대사람 - 기타,안전운전불이행,건조,맑음,교차로 - 교차로부근,승용,남,60세,상해없음,보행자,남,31세,경상
2020020600100079,2020년 2월 6일 06시,목요일,대전광역시 동구 대동,경상사고,0,0,1,0,차대사람 - 횡단중,보행자보호의무위반,건조,맑음,교차로 - 교차로횡단보도내,화물,남,48세,상해없음,보행자,남,49세,경상
2020020600100080,2020년 2월 6일 06시,목요일,대전광역시 유성구 장대동,경상사고,0,0,1,0,차대사람 - 기타,안전운전불이행,건조,맑음,단일로 - 기타,승용,남,34세,상해없음,보행자,남,54세,경상
2020020600100081,2020년 2월 6일 06시,목요일,대전광역시 유성구 관평동,경상사고,0,0,1,0,차대차 - 기타,안전운전불이행,건조,맑음,단일로 - 기타,승용,여,44세,상해없음,승용,남,59세,경상
2020020600100141,2020년 2월 6일 08시,목요일,대전광역시 유성구 덕명동,경상사고,0,0,1,0,차대차 - 추돌,안전운전불이행,건조,맑음,기타 - 기타,승용,여,42세,상해없음,승용,남,64세,경상
2020020600100175,2020년 2월 6일 09시,목요일,대전광역시 유성구 관평동,경상사고,0,0,1,0,차대차 - 측면충돌,안전운전불이행,건조,맑음,교차로 - 교차로부근,승용,여,51세,상해없음,자전거,여,22세,경상
2020020600100176,2020년 2월 6일 09시,목요일,대전광역시 유성구 관평동,경상사고,0,0,1,0,차대차 - 측면충돌,신호위반,건조,맑음,단일로 - 기타,승용,남,51세,상해없음,승용,여,36세,경상
2020020600100207,2020년 2월 6일 10시,목요일,대전광역시 서구 탄방동,중상사고,0,1,1,0,차량단독 - 기타,안전운전불이행,건조,맑음,단일로 - 기타,승합,남,55세,상해없음,,,,
2020020600100247,2020년 2월 6일 11시,목요일,대전광역시 중구 오류동,경상사고,0,0,3,0,차대차 - 후진중충돌,안전운전불이행,건조,맑음,교차로 - 교차로부근,화물,남,71세,상해없음,승용,남,24세,경상
2020020600100282,2020년 2월 6일 12시,목요일,대전광역시 유성구 구암동,중상사고,0,1,1,0,차대차 - 기타,교차로운행방법위반,건조,맑음,교차로 - 교차로안,승용,여,51세,기타불명,이륜,남,54세,중상
2020020600100310,2020년 2월 6일 13시,목요일,대전광역시 동구 삼성동,경상사고,0,0,1,0,차대차 - 측면충돌,신호위반,건조,맑음,단일로 - 터널,승용,남,27세,상해없음,승용,남,66세,경상
2020020600100311,2020년 2월 6일 13시,목요일,대전광역시 대덕구 오정동,경상사고,0,0,3,0,차대차 - 추돌,안전운전불이행,건조,맑음,단일로 - 기타,화물,남,61세,상해없음,승용,남,37세,경상
2020020600100312,2020년 2월 6일 13시,목요일,대전광역시 서구 월평동,경상사고,0,0,1,0,차대차 - 기타,안전거리미확보,건조,맑음,교차로 - 교차로안,승용,여,60세,기타불명,승용,여,35세,경상
2020020600100313,2020년 2월 6일 13시,목요일,대전광역시 유성구 원내동,경상사고,0,0,2,0,차대차 - 추돌,교차로운행방법위반,건조,맑음,교차로 - 교차로안,화물,남,55세,기타불명,승용,여,61세,경상
2020020600100347,2020년 2월 6일 14시,목요일,대전광역시 중구 선화동,중상사고,0,1,0,0,차대차 - 기타,교차로운행방법위반,건조,맑음,교차로 - 교차로안,승용,남,77세,상해없음,이륜,남,66세,중상
2020020600100348,2020년 2월 6일 14시,목요일,대전광역시 중구 오류동,경상사고,0,0,1,0,차대사람 - 기타,기타,건조,맑음,기타 - 기타,승합,남,31세,상해없음,보행자,여,62세,경상
2020020600100349,2020년 2월 6일 14시,목요일,대전광역시 동구 삼성동,중상사고,0,1,0,0,차대사람 - 횡단중,안전운전불이행,건조,맑음,단일로 - 기타,승합,남,57세,상해없음,보행자,남,75세,중상
2020020600100350,2020년 2월 6일 14시,목요일,대전광역시 동구 중동,경상사고,0,0,1,0,차대차 - 측면충돌,신호위반,건조,맑음,교차로 - 교차로안,승용,남,50세,상해없음,이륜,여,64세,경상
2020020600100381,2020년 2월 6일 15시,목요일,대전광역시 서구 괴정동,경상사고,0,0,1,0,차대차 - 추돌,안전운전불이행,건조,맑음,단일로 - 기타,승용,남,26세,상해없음,승용,남,29세,경상
2020020600100410,2020년 2월 6일 16시,목요일,대전광역시 동구 성남동,경상사고,0,0,1,0,차대사람 - 기타,안전운전불이행,건조,맑음,교차로 - 교차로안,승용,남,58세,상해없음,보행자,여,81세,경상
2020020600100411,2020년 2월 6일 16시,목요일,대전광역시 대덕구 신대동,경상사고,0,0,3,0,차대차 - 추돌,신호위반,건조,맑음,단일로 - 기타,승용,남,57세,상해없음,승합,남,47세,경상
2020020600100442,2020년 2월 6일 17시,목요일,대전광역시 중구 오류동,경상사고,0,0,1,0,차대사람 - 횡단중,신호위반,건조,맑음,단일로 - 기타,이륜,남,51세,상해없음,보행자,남,23세,경상
2020020600100490,2020년 2월 6일 18시,목요일,대전광역시 중구 문화동,경상사고,0,0,1,0,차대차 - 측면충돌,안전운전불이행,건조,맑음,교차로 - 교차로안,승용,남,70세,상해없음,승용,여,29세,경상
2020020600100491,2020년 2월 6일 18시,목요일,대전광역시 서구 만년동,경상사고,0,0,1,0,차대차 - 기타,신호위반,건조,맑음,교차로 - 교차로안,승용,남,27세,상해없음,승합,남,65세,상해없음
2020020600100531,2020년 2월 6일 19시,목요일,대전광역시 서구 갈마동,경상사고,0,0,1,0,차대차 - 기타,교차로운행방법위반,건조,맑음,교차로 - 교차로안,이륜,남,29세,상해없음,승용,남,52세,경상
2020020600100532,2020년 2월 6일 19시,목요일,대전광역시 유성구 원신흥동,경상사고,0,0,1,0,차대사람 - 기타,안전운전불이행,건조,맑음,단일로 - 기타,승용,남,33세,상해없음,보행자,남,56세,경상
2020020600100594,2020년 2월 6일 21시,목요일,대전광역시 유성구 봉명동,경상사고,0,0,1,0,차대사람 - 기타,안전운전불이행,건조,맑음,단일로 - 기타,승용,여,55세,상해없음,보행자,남,35세,경상
2020020600100618,2020년 2월 6일 22시,목요일,대전광역시 중구 선화동,경상사고,0,0,2,0,차대차 - 측면충돌,신호위반,건조,맑음,교차로 - 교차로부근,승용,남,61세,경상,승용,여,54세,경상
2020020600100619,2020년 2월 6일 22시,목요일,대전광역시 서구 괴정동,중상사고,0,1,0,0,차대차 - 기타,중앙선침범,건조,맑음,단일로 - 기타,승용,남,53세,상해없음,이륜,남,38세,중상
2020020600100641,2020년 2월 6일 23시,목요일,대전광역시 서구 관저동,경상사고,0,0,1,0,차대차 - 측면충돌,안전운전불이행,건조,맑음,단일로 - 기타,승용,남,24세,상해없음,이륜,남,17세,경상
2020020700100080,2020년 2월 7일 06시,금요일,대전광역시 유성구 봉산동,경상사고,0,0,1,0,차대사람 - 기타,안전운전불이행,건조,맑음,기타 - 기타,승용,남,46세,상해없음,보행자,남,37세,경상
2020020700100140,2020년 2월 7일 08시,금요일,대전광역시 중구 산성동,경상사고,0,0,1,0,차대차 - 추돌,안전거리미확보,건조,맑음,교차로 - 교차로부근,화물,남,50세,상해없음,승용,여,46세,경상
2020020700100141,2020년 2월 7일 08시,금요일,대전광역시 동구 용전동,중상사고,0,2,4,0,차대차 - 기타,안전거리미확보,건조,맑음,단일로 - 기타,승용,여,44세,상해없음,승합,남,59세,경상
2020020700100142,2020년 2월 7일 08시,금요일,대전광역시 동구 삼성동,경상사고,0,0,4,0,차대차 - 추돌,안전운전불이행,건조,맑음,단일로 - 기타,승용,여,45세,상해없음,승용,남,52세,경상
2020020700100172,2020년 2월 7일 09시,금요일,대전광역시 동구 삼성동,중상사고,0,1,1,0,차대차 - 추돌,안전운전불이행,건조,맑음,단일로 - 기타,승용,여,49세,상해없음,승용,여,42세,중상
2020020700100173,2020년 2월 7일 09시,금요일,대전광역시 서구 갈마동,중상사고,0,1,0,0,차대차 - 기타,안전운전불이행,건조,맑음,교차로 - 교차로안,승합,남,36세,상해없음,이륜,남,34세,중상
2020020700100233,2020년 2월 7일 11시,금요일,대전광역시 서구 관저동,경상사고,0,0,1,0,차대차 - 측면충돌,직진우회전진행방해,건조,맑음,교차로 - 교차로안,승용,남,44세,상해없음,이륜,남,28세,경상
2020020700100234,2020년 2월 7일 11시,금요일,대전광역시 대덕구 상서동,경상사고,0,0,1,0,차대차 - 기타,안전운전불이행,건조,맑음,단일로 - 기타,화물,남,64세,상해없음,승용,남,37세,경상
2020020700100235,2020년 2월 7일 11시,금요일,대전광역시 유성구 원내동,경상사고,0,0,2,0,차대차 - 추돌,안전운전불이행,건조,맑음,교차로 - 교차로부근,승용,여,56세,상해없음,승용,남,66세,경상
2020020700100266,2020년 2월 7일 12시,금요일,대전광역시 서구 탄방동,중상사고,0,1,0,0,차대차 - 기타,안전거리미확보,건조,맑음,교차로 - 교차로부근,승합,여,63세,상해없음,이륜,남,40세,중상
2020020700100267,2020년 2월 7일 12시,금요일,대전광역시 유성구 관평동,경상사고,0,0,3,0,차대차 - 측면충돌,교차로운행방법위반,건조,맑음,교차로 - 교차로안,승용,남,30세,경상,승용,남,37세,경상
2020020700100297,2020년 2월 7일 13시,금요일,대전광역시 중구 오류동,경상사고,0,0,1,0,차대차 - 측면충돌,안전운전불이행,건조,맑음,교차로 - 교차로안,승용,남,59세,상해없음,승합,남,57세,경상
2020020700100298,2020년 2월 7일 13시,금요일,대전광역시 서구 월평동,부상신고사고,0,0,0,1,차대차 - 기타,안전운전불이행,건조,맑음,단일로 - 기타,이륜,남,29세,부상신고,승합,남,56세,상해없음
2020020700100328,2020년 2월 7일 14시,금요일,대전광역시 동구 가양동,경상사고,0,0,1,0,차대차 - 측면충돌,교차로운행방법위반,건조,맑음,교차로 - 교차로안,승합,남,77세,상해없음,화물,남,27세,경상
2020020700100329,2020년 2월 7일 14시,금요일,대전광역시 유성구 대정동,중상사고,0,1,0,0,차대사람 - 기타,안전운전불이행,건조,맑음,교차로 - 교차로부근,건설기계,남,53세,상해없음,보행자,남,55세,중상
2020020700100366,2020년 2월 7일 15시,금요일,대전광역시 중구 문창동,중상사고,0,1,0,0,차대차 - 측면충돌,안전거리미확보,건조,맑음,교차로 - 교차로부근,승용,여,53세,상해없음,승용,남,23세,중상
2020020700100367,2020년 2월 7일 15시,금요일,대전광역시 대덕구 석봉동,중상사고,0,1,0,0,차대사람 - 기타,안전운전불이행,건조,맑음,교차로 - 교차로안,화물,남,28세,상해없음,보행자,여,61세,중상
2020020700100368,2020년 2월 7일 15시,금요일,대전광역시 대덕구 중리동,중상사고,0,1,0,0,차대사람 - 기타,안전운전불이행,건조,맑음,단일로 - 기타,승합,남,57세,상해없음,보행자,여,81세,중상
2020020700100369,2020년 2월 7일 15시,금요일,대전광역시 서구 갈마동,중상사고,0,1,0,0,차대사람 - 횡단중,신호위반,건조,맑음,교차로 - 교차로횡단보도내,이륜,남,33세,상해없음,보행자,여,59세,중상
2020020700100405,2020년 2월 7일 16시,금요일,대전광역시 서구 관저동,경상사고,0,0,1,0,차대차 - 측면충돌,교차로운행방법위반,건조,맑음,교차로 - 교차로안,승합,남,68세,상해없음,승용,여,59세,경상
2020020700100406,2020년 2월 7일 16시,금요일,대전광역시 서구 둔산동,경상사고,0,0,1,0,차대차 - 측면충돌,안전거리미확보,건조,맑음,교차로 - 교차로안,승용,남,59세,상해없음,승용,남,31세,경상
2020020700100514,2020년 2월 7일 18시,금요일,대전광역시 서구 월평동,경상사고,0,0,1,0,차대차 - 추돌,안전운전불이행,건조,맑음,단일로 - 기타,승용,남,63세,상해없음,승용,남,51세,경상
2020020700100515,2020년 2월 7일 18시,금요일,대전광역시 유성구 장대동,중상사고,0,1,0,0,차대차 - 기타,신호위반,건조,맑음,교차로 - 교차로안,승용,남,24세,상해없음,승용,남,38세,중상
2020020700100516,2020년 2월 7일 18시,금요일,대전광역시 유성구 도룡동,경상사고,0,0,2,0,차대차 - 기타,안전거리미확보,건조,맑음,단일로 - 기타,승용,여,48세,상해없음,승용,남,22세,경상
2020020700100618,2020년 2월 7일 20시,금요일,대전광역시 서구 탄방동,경상사고,0,0,1,0,차대차 - 측면충돌,중앙선침범,건조,맑음,단일로 - 기타,승용,남,39세,상해없음,이륜,남,51세,경상
2020020700100654,2020년 2월 7일 21시,금요일,대전광역시 서구 월평동,경상사고,0,0,1,0,차대사람 - 횡단중,보행자보호의무위반,건조,맑음,단일로 - 기타,이륜,남,52세,상해없음,보행자,남,30세,경상
2020020700100689,2020년 2월 7일 22시,금요일,대전광역시 서구 월평동,경상사고,0,0,1,0,차대차 - 기타,안전거리미확보,건조,맑음,단일로 - 기타,승용,여,54세,상해없음,이륜,남,48세,경상
2020020700100716,2020년 2월 7일 23시,금요일,대전광역시 서구 도마동,중상사고,0,2,2,0,차대차 - 추돌,안전운전불이행,건조,맑음,교차로 - 교차로부근,승용,여,36세,상해없음,승용,남,58세,중상
2020020700100717,2020년 2월 7일 23시,금요일,대전광역시 서구 괴정동,경상사고,0,0,1,0,차대차 - 측면충돌,안전운전불이행,건조,맑음,교차로 - 교차로횡단보도내,승용,남,58세,상해없음,이륜,남,29세,경상
2020020700100718,2020년 2월 7일 23시,금요일,대전광역시 서구 월평동,경상사고,0,0,2,0,차대차 - 추돌,안전운전불이행,건조,맑음,교차로 - 교차로부근,승용,남,39세,상해없음,승용,남,68세,경상
2020020800100034,2020년 2월 8일 01시,토요일,대전광역시 서구 둔산동,경상사고,0,0,1,0,차대차 - 기타,안전운전불이행,건조,맑음,단일로 - 기타,승용,남,40세,상해없음,승용,남,24세,상해없음
2020020800100075,2020년 2월 8일 04시,토요일,대전광역시 동구 대성동,경상사고,0,0,1,0,차대차 - 추돌,안전운전불이행,건조,맑음,교차로 - 교차로부근,승합,남,46세,상해없음,승용,남,22세,경상
2020020800100088,2020년 2월 8일 05시,토요일,대전광역시 서구 관저동,경상사고,0,0,3,0,차대차 - 측면충돌,신호위반,건조,맑음,교차로 - 교차로안,화물,남,53세,상해없음,승용,남,52세,경상
2020020800100104,2020년 2월 8일 06시,토요일,대전광역시 중구 선화동,중상사고,0,1,1,0,차대차 - 정면충돌,신호위반,건조,맑음,교차로 - 교차로안,화물,남,33세,경상,승용,남,50세,중상
2020020800100105,2020년 2월 8일 06시,토요일,대전광역시 대덕구 오정동,중상사고,0,1,0,0,차대차 - 추돌,안전운전불이행,건조,맑음,교차로 - 교차로부근,승용,여,29세,상해없음,이륜,남,57세,중상
2020020800100150,2020년 2월 8일 09시,토요일,대전광역시 동구 천동,경상사고,0,0,1,0,차대차 - 기타,안전운전불이행,건조,맑음,단일로 - 기타,화물,남,51세,상해없음,이륜,남,58세,경상
2020020800100151,2020년 2월 8일 09시,토요일,대전광역시 서구 둔산동,경상사고,0,0,1,0,차대차 - 기타,안전거리미확보,건조,맑음,단일로 - 기타,승용,여,47세,상해없음,승합,남,56세,상해없음
2020020800100172,2020년 2월 8일 10시,토요일,대전광역시 중구 옥계동,중상사고,0,1,0,0,차대사람 - 기타,중앙선침범,건조,맑음,기타 - 기타,승합,남,64세,상해없음,보행자,여,75세,중상
2020020800100199,2020년 2월 8일 11시,토요일,대전광역시 중구 목동,중상사고,0,1,0,0,차대차 - 기타,안전운전불이행,건조,맑음,기타 - 기타,승용,여,24세,상해없음,승합,남,38세,중상
2020020800100200,2020년 2월 8일 11시,토요일,대전광역시 유성구 반석동,경상사고,0,0,1,0,차대차 - 추돌,안전운전불이행,건조,맑음,교차로 - 교차로부근,건설기계,남,66세,상해없음,승용,여,59세,경상
2020020800100295,2020년 2월 8일 14시,토요일,대전광역시 중구 대사동,중상사고,0,1,0,0,차대차 - 기타,안전운전불이행,건조,맑음,교차로 - 교차로안,승용,남,51세,상해없음,승용,여,51세,중상
2020020800100296,2020년 2월 8일 14시,토요일,대전광역시 서구 둔산동,경상사고,0,0,1,0,차대차 - 기타,교차로운행방법위반,건조,맑음,교차로 - 교차로부근,승용,남,51세,상해없음,승용,남,40세,경상
2020020800100297,2020년 2월 8일 14시,토요일,대전광역시 서구 월평동,중상사고,0,1,0,0,차대차 - 기타,안전운전불이행,기타,맑음,교차로 - 교차로안,이륜,남,32세,중상,승용,여,55세,상해없음
2020020800100322,2020년 2월 8일 15시,토요일,대전광역시 중구 문화동,경상사고,0,0,1,0,차대차 - 기타,안전운전불이행,건조,맑음,단일로 - 기타,승용,여,50세,상해없음,이륜,남,38세,경상
2020020800100323,2020년 2월 8일 15시,토요일,대전광역시 유성구 지족동,중상사고,0,1,0,0,차대차 - 측면충돌,안전운전불이행,건조,맑음,교차로 - 교차로안,승용,남,60세,상해없음,이륜,남,24세,중상