사고번호,사고일시,요일,시군구,사고내용,사망자수,중상자수,경상자수,부상신고자수,사고유형,법규위반,노면상태,기상상태,도로형태,가해운전자 차종,가해운전자 성별,가해운전자 연령,가해운전자 상해정도,피해운전자 차종,피해운전자 성별,피해운전자 연령,피해운전자 상해정도
2020030600100284,2020년 3월 6일 14시,금요일,대전광역시 중구 용두동,중상사고,0,1,0,0,차대차 - 측면충돌,안전운전불이행,건조,맑음,교차로 - 교차로안,자전거,남,73세,상해없음,이륜,남,19세,중상
2020030600100285,2020년 3월 6일 14시,금요일,대전광역시 서구 가장동,중상사고,0,1,0,0,차대차 - 기타,안전운전불이행,건조,맑음,교차로 - 교차로안,승용,남,61세,상해없음,자전거,남,71세,중상
2020030600100315,2020년 3월 6일 15시,금요일,대전광역시 동구 삼성동,경상사고,0,0,3,0,차대차 - 측면충돌,안전운전불이행,건조,맑음,단일로 - 기타,승용,남,42세,경상,승용,남,32세,상해없음
2020030600100316,2020년 3월 6일 15시,금요일,대전광역시 서구 탄방동,경상사고,0,0,1,0,차대차 - 기타,안전운전불이행,건조,맑음,단일로 - 기타,건설기계,남,57세,상해없음,승용,남,52세,경상
2020030600100317,2020년 3월 6일 15시,금요일,대전광역시 유성구 구암동,경상사고,0,0,2,0,차대차 - 기타,안전운전불이행,건조,맑음,교차로 - 교차로안,승용,남,46세,상해없음,승용,남,60세,경상
2020030600100349,2020년 3월 6일 16시,금요일,대전광역시 동구 대동,경상사고,0,0,1,0,차대차 - 기타,교차로운행방법위반,건조,맑음,교차로 - 교차로안,승용,남,34세,상해없음,이륜,남,20세,경상
2020030600100350,2020년 3월 6일 16시,금요일,대전광역시 유성구 송강동,경상사고,0,0,1,0,차대사람 - 횡단중,신호위반,건조,맑음,교차로 - 교차로횡단보도내,이륜,남,64세,상해없음,보행자,여,28세,경상
2020030600100408,2020년 3월 6일 17시,금요일,대전광역시 중구 태평동,경상사고,0,0,1,0,차대차 - 측면충돌,신호위반,건조,맑음,교차로 - 교차로안,승용,남,58세,상해없음,자전거,여,70세,경상
2020030600100409,2020년 3월 6일 17시,금요일,대전광역시 서구 변동,중상사고,0,1,0,0,차대사람 - 기타,안전운전불이행,건조,맑음,교차로 - 교차로부근,승용,남,56세,상해없음,보행자,남,40세,중상
2020030600100484,2020년 3월 6일 19시,금요일,대전광역시 유성구 봉명동,경상사고,0,0,1,0,차대차 - 기타,안전거리미확보,건조,맑음,단일로 - 기타,승용,여,75세,상해없음,승용,여,49세,경상
2020030600100485,2020년 3월 6일 19시,금요일,대전광역시 유성구 방동,경상사고,0,0,2,0,차대차 - 추돌,안전운전불이행,건조,맑음,단일로 - 기타,화물,남,51세,상해없음,승용,남,44세,경상
2020030600100513,2020년 3월 6일 20시,금요일,대전광역시 유성구 봉명동,경상사고,0,0,6,0,차대차 - 기타,안전운전불이행,건조,맑음,단일로 - 기타,승용,여,31세,경상,승용,남,24세,경상
2020030600100541,2020년 3월 6일 21시,금요일,대전광역시 중구 유천동,경상사고,0,0,1,1,차대차 - 측면충돌,안전운전불이행,건조,맑음,교차로 - 교차로부근,승용,여,61세,경상,화물,남,67세,부상신고
2020030600100581,2020년 3월 6일 23시,금요일,대전광역시 동구 가양동,중상사고,0,1,2,0,차대차 - 측면충돌,신호위반,건조,맑음,교차로 - 교차로부근,승용,남,62세,상해없음,승용,남,42세,경상
2020030700100009,2020년 3월 7일 00시,토요일,대전광역시 유성구 송강동,경상사고,0,0,2,0,차대차 - 측면충돌,신호위반,건조,맑음,교차로 - 교차로안,승용,여,26세,상해없음,승용,남,52세,경상
2020030700100069,2020년 3월 7일 06시,토요일,대전광역시 대덕구 덕암동,중상사고,0,1,0,0,차대차 - 기타,안전운전불이행,건조,맑음,교차로 - 교차로횡단보도내,화물,남,54세,상해없음,자전거,여,24세,중상
2020030700100070,2020년 3월 7일 06시,토요일,대전광역시 유성구 죽동,경상사고,0,0,1,0,차대차 - 측면충돌,안전운전불이행,건조,맑음,단일로 - 기타,승용,남,66세,상해없음,승용,남,43세,경상
2020030700100127,2020년 3월 7일 10시,토요일,대전광역시 서구 둔산동,경상사고,0,0,1,0,차대차 - 기타,직진우회전진행방해,건조,맑음,교차로 - 교차로안,승용,남,31세,상해없음,승용,남,55세,경상
2020030700100128,2020년 3월 7일 10시,토요일,대전광역시 서구 둔산동,경상사고,0,0,2,0,차대차 - 추돌,안전운전불이행,건조,맑음,교차로 - 교차로부근,승용,여,49세,상해없음,승용,남,30세,경상
2020030700100184,2020년 3월 7일 12시,토요일,대전광역시 서구 탄방동,경상사고,0,0,1,0,차대차 - 기타,안전운전불이행,건조,맑음,교차로 - 교차로안,승용,남,60세,상해없음,이륜,남,38세,경상
2020030700100185,2020년 3월 7일 12시,토요일,대전광역시 유성구 봉명동,중상사고,0,1,0,0,차대차 - 측면충돌,안전운전불이행,건조,맑음,교차로 - 교차로안,승용,남,30세,상해없음,이륜,남,22세,중상
2020030700100228,2020년 3월 7일 14시,토요일,대전광역시 대덕구 법동,경상사고,0,0,1,0,차대차 - 기타,안전운전불이행,건조,맑음,단일로 - 기타,승용,남,64세,상해없음,이륜,여,70세,경상
2020030700100229,2020년 3월 7일 14시,토요일,대전광역시 서구 갈마동,경상사고,0,0,4,0,차대차 - 기타,안전거리미확보,건조,맑음,교차로 - 교차로부근,승용,여,33세,경상,승용,남,23세,경상
2020030700100230,2020년 3월 7일 14시,토요일,대전광역시 서구 월평동,경상사고,0,0,1,0,차대차 - 기타,안전거리미확보,건조,맑음,단일로 - 기타,승용,남,44세,상해없음,건설기계,남,59세,경상
2020030700100231,2020년 3월 7일 14시,토요일,대전광역시 서구 둔산동,경상사고,0,0,2,0,차대차 - 기타,안전운전불이행,건조,맑음,교차로 - 교차로부근,화물,남,41세,상해없음,승용,여,50세,경상
2020030700100251,2020년 3월 7일 15시,토요일,대전광역시 서구 도마동,부상신고사고,0,0,0,1,차대차 - 측면충돌,안전운전불이행,건조,맑음,교차로 - 교차로안,승용,남,54세,상해없음,자전거,남,23세,부상신고
2020030700100252,2020년 3월 7일 15시,토요일,대전광역시 서구 정림동,경상사고,0,0,1,0,차대차 - 측면충돌,안전운전불이행,건조,맑음,기타 - 기타,승용,남,72세,상해없음,이륜,남,31세,경상
2020030700100278,2020년 3월 7일 16시,토요일,대전광역시 유성구 봉명동,중상사고,0,1,0,0,차대차 - 측면충돌,안전거리미확보,건조,흐림,단일로 - 기타,이륜,여,53세,중상,승용,여,41세,상해없음
2020030700100326,2020년 3월 7일 18시,토요일,대전광역시 대덕구 대화동,경상사고,0,0,1,0,차대사람 - 기타,안전운전불이행,건조,맑음,단일로 - 기타,승용,여,49세,상해없음,보행자,여,54세,경상
2020030700100358,2020년 3월 7일 19시,토요일,대전광역시 중구 용두동,경상사고,0,0,1,0,차대차 - 측면충돌,신호위반,건조,맑음,교차로 - 교차로안,승용,남,54세,상해없음,이륜,남,21세,경상
2020030700100407,2020년 3월 7일 21시,토요일,대전광역시 동구 판암동,경상사고,0,0,1,0,차대사람 - 차도통행중,안전운전불이행,건조,맑음,교차로 - 교차로안,화물,남,31세,상해없음,보행자,남,59세,경상
2020030700100437,2020년 3월 7일 23시,토요일,대전광역시 동구 대성동,경상사고,0,0,1,0,차대차 - 추돌,안전운전불이행,건조,맑음,단일로 - 기타,승용,여,56세,상해없음,승용,남,46세,경상
2020030800100020,2020년 3월 8일 01시,일요일,대전광역시 유성구 용계동,경상사고,0,0,1,0,차대차 - 기타,신호위반,건조,맑음,교차로 - 교차로안,승용,남,29세,상해없음,특수,남,39세,경상
2020030800100033,2020년 3월 8일 02시,일요일,대전광역시 서구 둔산동,경상사고,0,0,1,0,차대차 - 기타,안전운전불이행,건조,맑음,단일로 - 기타,승용,남,22세,상해없음,승용,남,49세,경상
2020030800100072,2020년 3월 8일 07시,일요일,대전광역시 중구 부사동,중상사고,0,1,0,0,차대차 - 측면충돌,안전운전불이행,건조,맑음,단일로 - 기타,승용,남,60세,상해없음,승용,여,50세,중상
2020030800100134,2020년 3월 8일 12시,일요일,대전광역시 중구 용두동,경상사고,0,0,2,0,차대차 - 측면충돌,신호위반,건조,맑음,교차로 - 교차로안,원동기,남,37세,기타불명,승용,여,31세,경상
2020030800100152,2020년 3월 8일 13시,일요일,대전광역시 동구 정동,경상사고,0,0,2,0,차대차 - 측면충돌,안전운전불이행,건조,맑음,단일로 - 기타,승용,남,31세,상해없음,승용,남,68세,경상
2020030800100182,2020년 3월 8일 14시,일요일,대전광역시 유성구 구암동,경상사고,0,0,1,0,차대차 - 추돌,안전운전불이행,건조,맑음,교차로 - 교차로부근,승용,남,59세,상해없음,승용,여,58세,경상
2020030800100268,2020년 3월 8일 17시,일요일,대전광역시 중구 문창동,경상사고,0,0,1,0,차대차 - 측면충돌,직진우회전진행방해,건조,맑음,교차로 - 교차로안,승용,남,56세,상해없음,화물,남,52세,경상
2020030800100269,2020년 3월 8일 17시,일요일,대전광역시 동구 판암동,사망사고,1,0,0,0,차대차 - 추돌,안전운전불이행,건조,맑음,단일로 - 기타,이륜,남,63세,사망,특수,남,47세,기타불명
2020030800100270,2020년 3월 8일 17시,일요일,대전광역시 유성구 지족동,중상사고,0,1,0,0,차대사람 - 기타,기타,건조,맑음,기타 - 기타,이륜,남,19세,상해없음,보행자,남,51세,중상
2020030800100271,2020년 3월 8일 17시,일요일,대전광역시 유성구 원촌동,경상사고,0,0,4,0,차대차 - 측면충돌,안전거리미확보,건조,맑음,단일로 - 기타,승용,여,54세,경상,승용,여,51세,경상
2020030800100289,2020년 3월 8일 18시,일요일,대전광역시 중구 안영동,경상사고,0,0,1,0,차대차 - 기타,안전운전불이행,건조,맑음,주차장 - 주차장,승용,남,50세,상해없음,자전거,남,62세,경상
2020030800100290,2020년 3월 8일 18시,일요일,대전광역시 동구 낭월동,중상사고,0,1,0,0,차대차 - 추돌,안전운전불이행,건조,맑음,교차로 - 교차로부근,승용,남,41세,상해없음,원동기,남,59세,중상
2020030800100291,2020년 3월 8일 18시,일요일,대전광역시 동구 용전동,경상사고,0,0,1,0,차량단독 - 기타,안전운전불이행,건조,맑음,단일로 - 기타,승용,남,49세,상해없음,,,,
2020030800100314,2020년 3월 8일 19시,일요일,대전광역시 서구 갈마동,경상사고,0,0,1,0,차대차 - 기타,신호위반,건조,맑음,교차로 - 교차로안,화물,남,62세,상해없음,이륜,남,35세,경상
2020030800100352,2020년 3월 8일 21시,일요일,대전광역시 동구 가오동,경상사고,0,0,2,0,차대차 - 기타,안전거리미확보,젖음/습기,맑음,교차로 - 교차로부근,승용,남,53세,경상,승용,여,23세,경상
2020030800100361,2020년 3월 8일 22시,일요일,대전광역시 동구 삼성동,경상사고,0,0,1,0,차대사람 - 기타,안전운전불이행,건조,맑음,단일로 - 기타,승합,남,58세,상해없음,보행자,여,58세,경상
2020030800100373,2020년 3월 8일 23시,일요일,대전광역시 서구 갈마동,경상사고,0,0,1,0,차대차 - 측면충돌,신호위반,건조,흐림,교차로 - 교차로횡단보도내,승용,남,72세,상해없음,자전거,남,29세,경상
2020030900100007,2020년 3월 9일 00시,월요일,대전광역시 중구 산성동,경상사고,0,0,1,0,차대차 - 측면충돌,안전운전불이행,건조,맑음,단일로 - 기타,승용,남,62세,상해없음,승용,남,43세,경상
2020030900100018,2020년 3월 9일 02시,월요일,대전광역시 서구 갈마동,경상사고,0,0,2,0,차대차 - 추돌,안전운전불이행,건조,맑음,교차로 - 교차로부근,승용,남,47세,상해없음,승용,남,36세,경상
2020030900100047,2020년 3월 9일 06시,월요일,대전광역시 동구 용전동,경상사고,0,0,4,0,차대차 - 추돌,교차로운행방법위반,건조,맑음,교차로 - 교차로안,승용,남,27세,상해없음,화물,남,47세,경상
2020030900100069,2020년 3월 9일 07시,월요일,대전광역시 대덕구 상서동,경상사고,0,0,1,0,차대차 - 기타,안전운전불이행,건조,맑음,교차로 - 교차로안,승용,남,51세,상해없음,이륜,남,75세,경상
2020030900100106,2020년 3월 9일 08시,월요일,대전광역시 동구 원동,경상사고,0,0,1,0,차대차 - 측면충돌,신호위반,건조,맑음,단일로 - 기타,승용,남,62세,상해없음,승용,여,53세,경상
2020030900100107,2020년 3월 9일 08시,월요일,대전광역시 서구 도마동,경상사고,0,0,2,0,차대차 - 측면충돌,과속,건조,맑음,단일로 - 기타,승용,남,29세,상해없음,승용,남,59세,경상
2020030900100139,2020년 3월 9일 09시,월요일,대전광역시 동구 용운동,중상사고,0,1,1,0,차대차 - 측면충돌,안전거리미확보,건조,맑음,단일로 - 기타,이륜,남,74세,중상,승용,남,65세,상해없음
2020030900100140,2020년 3월 9일 09시,월요일,대전광역시 유성구 구암동,경상사고,0,0,1,0,차대차 - 기타,안전운전불이행,건조,맑음,기타 - 기타,승용,남,63세,상해없음,자전거,남,17세,경상
2020030900100141,2020년 3월 9일 09시,월요일,대전광역시 유성구 봉명동,경상사고,0,0,1,0,차대차 - 기타,안전거리미확보,건조,맑음,교차로 - 교차로부근,승용,남,68세,상해없음,승용,여,29세,경상
2020030900100160,2020년 3월 9일 10시,월요일,대전광역시 유성구 원신흥동,중상사고,0,1,1,0,차대차 - 기타,안전운전불이행,건조,맑음,단일로 - 기타,화물,남,57세,상해없음,승용,남,42세,중상
2020030900100195,2020년 3월 9일 11시,월요일,대전광역시 중구 사정동,경상사고,0,0,1,0,차대차 - 측면충돌,신호위반,건조,맑음,교차로 - 교차로안,승용,남,73세,상해없음,승용,여,57세,경상
2020030900100196,2020년 3월 9일 11시,월요일,대전광역시 대덕구 석봉동,경상사고,0,0,1,0,차대차 - 측면충돌,안전운전불이행,건조,맑음,단일로 - 지하차도(도로)내,화물,남,68세,상해없음,승용,남,30세,경상
2020030900100197,2020년 3월 9일 11시,월요일,대전광역시 서구 만년동,경상사고,0,0,2,0,차대차 - 추돌,안전운전불이행,건조,맑음,단일로 - 기타,화물,남,59세,상해없음,승용,남,48세,경상
2020030900100220,2020년 3월 9일 12시,월요일,대전광역시 중구 용두동,중상사고,0,1,1,0,차대차 - 추돌,안전운전불이행,건조,맑음,단일로 - 기타,승용,여,61세,상해없음,승용,여,47세,경상
2020030900100221,2020년 3월 9일 12시,월요일,대전광역시 동구 주산동,중상사고,0,1,0,0,차대차 - 기타,중앙선침범,건조,흐림,단일로 - 기타,승용,남,65세,상해없음,승용,남,67세,중상
2020030900100222,2020년 3월 9일 12시,월요일,대전광역시 유성구 노은동,경상사고,0,0,1,0,차대차 - 기타,직진우회전진행방해,건조,맑음,교차로 - 교차로안,화물,남,31세,상해없음,이륜,남,43세,경상
2020030900100278,2020년 3월 9일 14시,월요일,대전광역시 중구 은행동,경상사고,0,0,2,0,차대차 - 측면충돌,신호위반,건조,맑음,교차로 - 교차로안,승용,여,53세,상해없음,승용,여,40세,경상
2020030900100329,2020년 3월 9일 16시,월요일,대전광역시 유성구 안산동,중상사고,0,1,1,0,차대차 - 기타,안전거리미확보,건조,맑음,단일로 - 기타,화물,남,55세,상해없음,승용,남,55세,중상
2020030900100330,2020년 3월 9일 16시,월요일,대전광역시 유성구 봉명동,경상사고,0,0,1,0,차대차 - 기타,신호위반,건조,맑음,교차로 - 교차로안,화물,남,50세,상해없음,승용,남,32세,경상
2020030900100360,2020년 3월 9일 17시,월요일,대전광역시 대덕구 비래동,중상사고,0,1,0,0,차대차 - 기타,안전운전불이행,건조,맑음,단일로 - 기타,화물,남,47세,상해없음,승용,남,37세,중상
2020030900100401,2020년 3월 9일 18시,월요일,대전광역시 중구 문화동,경상사고,0,0,1,0,차대사람 - 횡단중,보행자보호의무위반,건조,맑음,단일로 - 기타,승용,남,32세,상해없음,보행자,남,35세,경상
2020030900100402,2020년 3월 9일 18시,월요일,대전광역시 중구 부사동,경상사고,0,0,1,0,차대차 - 측면충돌,교차로운행방법위반,건조,맑음,교차로 - 교차로안,이륜,남,22세,상해없음,승용,여,29세,경상
2020030900100403,2020년 3월 9일 18시,월요일,대전광역시 서구 갈마동,경상사고,0,0,1,0,차대사람 - 기타,안전운전불이행,건조,맑음,단일로 - 기타,승용,남,34세,상해없음,보행자,여,41세,경상
2020030900100404,2020년 3월 9일 18시,월요일,대전광역시 서구 둔산동,중상사고,0,1,0,0,차대차 - 측면충돌,안전운전불이행,건조,맑음,교차로 - 교차로안,승용,여,43세,상해없음,이륜,남,58세,중상
2020030900100405,2020년 3월 9일 18시,월요일,대전광역시 유성구 장동,경상사고,0,0,1,0,차대차 - 추돌,안전운전불이행,젖음/습기,비,단일로 - 기타,기타불명,기타불명,미분류,기타불명,승용,여,30세,경상
2020030900100435,2020년 3월 9일 19시,월요일,대전광역시 동구 신안동,중상사고,0,1,0,0,차대사람 - 보도통행중,신호위반,젖음/습기,비,교차로 - 교차로안,이륜,남,22세,상해없음,보행자,여,49세,중상
2020030900100436,2020년 3월 9일 19시,월요일,대전광역시 동구 삼성동,중상사고,0,1,4,0,차대차 - 측면충돌,신호위반,건조,맑음,단일로 - 교량,승용,남,61세,중상,승용,남,32세,경상
2020030900100461,2020년 3월 9일 20시,월요일,대전광역시 서구 관저동,중상사고,0,1,0,0,차대사람 - 횡단중,안전운전불이행,젖음/습기,비,교차로 - 교차로부근,승용,여,24세,상해없음,보행자,여,9세,중상
2020030900100498,2020년 3월 9일 21시,월요일,대전광역시 동구 천동,경상사고,0,0,3,0,차대차 - 측면충돌,안전운전불이행,젖음/습기,비,단일로 - 기타,승용,남,76세,상해없음,승용,남,26세,경상
2020030900100499,2020년 3월 9일 21시,월요일,대전광역시 서구 도마동,경상사고,0,0,1,0,차대차 - 측면충돌,안전운전불이행,젖음/습기,비,교차로 - 교차로부근,승용,남,59세,상해없음,승용,남,44세,상해없음
2020030900100500,2020년 3월 9일 21시,월요일,대전광역시 유성구 전민동,경상사고,0,0,1,0,차대사람 - 기타,안전운전불이행,젖음/습기,비,교차로 - 교차로부근,승용,남,48세,상해없음,보행자,남,28세,경상
2020030900100522,2020년 3월 9일 22시,월요일,대전광역시 서구 도마동,경상사고,0,0,1,0,차대사람 - 횡단중,신호위반,젖음/습기,비,교차로 - 교차로횡단보도내,이륜,남,59세,상해없음,보행자,남,62세,경상
2020030900100542,2020년 3월 9일 23시,월요일,대전광역시 중구 선화동,경상사고,0,0,1,0,차대차 - 추돌,안전운전불이행,젖음/습기,비,교차로 - 교차로안,승용,남,52세,상해없음,이륜,남,32세,경상
2020031000100023,2020년 3월 10일 00시,화요일,대전광역시 동구 판암동,중상사고,0,1,0,0,차대사람 - 횡단중,안전운전불이행,젖음/습기,비,교차로 - 교차로부근,승용,여,41세,상해없음,보행자,여,60세,중상
2020031000100088,2020년 3월 10일 07시,화요일,대전광역시 서구 도안동,경상사고,0,0,1,0,차대차 - 측면충돌,안전거리미확보,젖음/습기,비,교차로 - 교차로부근,승용,여,33세,상해없음,승용,남,42세,경상
2020031000100132,2020년 3월 10일 09시,화요일,대전광역시 대덕구 상서동,경상사고,0,0,1,0,차대차 - 추돌,안전운전불이행,건조,맑음,단일로 - 기타,화물,남,75세,상해없음,승용,여,43세,경상
2020031000100154,2020년 3월 10일 10시,화요일,대전광역시 유성구 궁동,경상사고,0,0,2,0,차대차 - 기타,안전운전불이행,젖음/습기,비,교차로 - 교차로부근,승용,남,19세,상해없음,승용,남,42세,경상
2020031000100177,2020년 3월 10일 11시,화요일,대전광역시 동구 용운동,경상사고,0,0,1,0,차대사람 - 길가장자리구역통행중,안전운전불이행,젖음/습기,비,단일로 - 기타,승용,남,67세,상해없음,보행자,여,54세,경상
2020031000100197,2020년 3월 10일 12시,화요일,대전광역시 서구 둔산동,경상사고,0,0,1,0,차대차 - 측면충돌,기타,젖음/습기,비,교차로 - 교차로안,승용,남,27세,상해없음,승용,여,49세,경상
2020031000100251,2020년 3월 10일 14시,화요일,대전광역시 유성구 관평동,경상사고,0,0,2,0,차대차 - 기타,안전운전불이행,건조,맑음,교차로 - 교차로부근,승용,남,52세,상해없음,승용,남,36세,경상
2020031000100354,2020년 3월 10일 18시,화요일,대전광역시 동구 자양동,경상사고,0,0,1,0,차대사람 - 차도통행중,안전운전불이행,건조,맑음,단일로 - 기타,승용,여,39세,상해없음,보행자,남,61세,경상
2020031000100355,2020년 3월 10일 18시,화요일,대전광역시 서구 둔산동,경상사고,0,0,3,0,차대차 - 추돌,안전거리미확보,건조,맑음,단일로 - 기타,승용,여,25세,상해없음,승용,남,62세,경상
2020031000100394,2020년 3월 10일 19시,화요일,대전광역시 대덕구 읍내동,경상사고,0,0,2,0,차대차 - 기타,안전운전불이행,건조,맑음,단일로 - 기타,승용,남,48세,상해없음,승용,남,43세,경상
2020031000100426,2020년 3월 10일 20시,화요일,대전광역시 대덕구 오정동,경상사고,0,0,2,0,차대차 - 기타,직진우회전진행방해,건조,맑음,교차로 - 교차로안,승용,남,54세,상해없음,승용,남,25세,경상
2020031100100012,2020년 3월 11일 00시,수요일,대전광역시 유성구 구암동,경상사고,0,0,2,0,차대차 - 측면충돌,안전거리미확보,건조,맑음,교차로 - 교차로안,화물,남,56세,상해없음,승용,남,47세,경상
2020031100100045,2020년 3월 11일 05시,수요일,대전광역시 중구 선화동,중상사고,0,1,1,0,차대차 - 측면충돌,신호위반,건조,맑음,교차로 - 교차로안,승용,남,29세,상해없음,승용,남,71세,중상
2020031100100055,2020년 3월 11일 06시,수요일,대전광역시 중구 산성동,경상사고,0,0,2,0,차대차 - 추돌,안전운전불이행,건조,맑음,교차로 - 교차로부근,승용,여,43세,상해없음,승용,남,43세,경상
2020031100100056,2020년 3월 11일 06시,수요일,대전광역시 유성구 덕명동,경상사고,0,0,1,0,차대차 - 기타,안전운전불이행,건조,맑음,단일로 - 기타,화물,남,59세,상해없음,승용,남,27세,경상
2020031100100077,2020년 3월 11일 07시,수요일,대전광역시 서구 만년동,경상사고,0,0,1,0,차대차 - 기타,안전운전불이행,건조,맑음,단일로 - 기타,승용,남,63세,상해없음,승용,남,30세,기타불명
2020031100100107,2020년 3월 11일 08시,수요일,대전광역시 동구 삼성동,경상사고,0,0,1,0,차대차 - 측면충돌,신호위반,건조,맑음,교차로 - 교차로안,자전거,남,61세,경상,승용,남,58세,상해없음
2020031100100108,2020년 3월 11일 08시,수요일,대전광역시 서구 둔산동,경상사고,0,0,2,0,차대차 - 기타,안전운전불이행,건조,맑음,단일로 - 기타,화물,남,34세,상해없음,승용,남,40세,경상
2020031100100124,2020년 3월 11일 09시,수요일,대전광역시 유성구 봉명동,경상사고,0,0,1,0,차대차 - 측면충돌,신호위반,건조,맑음,교차로 - 교차로안,승용,여,43세,상해없음,승용,남,40세,경상
2020031100100171,2020년 3월 11일 11시,수요일,대전광역시 유성구 궁동,중상사고,0,1,0,0,차대차 - 측면충돌,교차로운행방법위반,건조,맑음,교차로 - 교차로안,이륜,남,22세,상해없음,자전거,남,22세,중상
2020031100100229,2020년 3월 11일 13시,수요일,대전광역시 동구 가양동,경상사고,0,0,2,0,차대차 - 측면충돌,직진우회전진행방해,건조,맑음,교차로 - 교차로안,승용,남,35세,경상,승용,여,58세,경상
2020031100100260,2020년 3월 11일 14시,수요일,대전광역시 동구 효동,경상사고,0,0,1,0,차대차 - 정면충돌,안전운전불이행,건조,맑음,교차로 - 교차로부근,승용,여,54세,상해없음,승용,여,59세,경상
2020031100100261,2020년 3월 11일 14시,수요일,대전광역시 서구 둔산동,경상사고,0,0,1,0,차대차 - 기타,교차로운행방법위반,건조,맑음,교차로 - 교차로안,승용,여,42세,상해없음,이륜,남,47세,경상
2020031100100300,2020년 3월 11일 15시,수요일,대전광역시 서구 둔산동,경상사고,0,0,1,0,차대차 - 기타,신호위반,건조,맑음,교차로 - 교차로안,승용,남,67세,상해없음,승용,여,42세,경상
2020031100100375,2020년 3월 11일 17시,수요일,대전광역시 유성구 지족동,경상사고,0,0,1,0,차대차 - 추돌,안전거리미확보,건조,맑음,교차로 - 교차로부근,화물,남,55세,상해없음,승용,여,58세,경상
2020031100100376,2020년 3월 11일 17시,수요일,대전광역시 유성구 덕명동,경상사고,0,0,1,0,차대차 - 후진중충돌,안전운전불이행,건조,맑음,교차로 - 교차로안,승용,여,30세,경상,승용,남,21세,상해없음
2020031100100413,2020년 3월 11일 18시,수요일,대전광역시 서구 둔산동,경상사고,0,0,1,0,차대차 - 추돌,안전운전불이행,건조,맑음,단일로 - 지하차도(도로)내,승용,남,66세,상해없음,승용,남,24세,경상
2020031100100414,2020년 3월 11일 18시,수요일,대전광역시 유성구 방동,경상사고,0,0,1,0,차대차 - 추돌,안전거리미확보,건조,맑음,단일로 - 기타,화물,남,64세,상해없음,화물,남,61세,경상
2020031100100415,2020년 3월 11일 18시,수요일,대전광역시 유성구 죽동,경상사고,0,0,1,0,차대차 - 추돌,안전거리미확보,건조,맑음,단일로 - 기타,승용,남,49세,상해없음,승용,여,21세,경상
2020031100100500,2020년 3월 11일 21시,수요일,대전광역시 유성구 봉명동,경상사고,0,0,1,0,차대사람 - 기타,보행자보호의무위반,건조,맑음,교차로 - 교차로안,승용,여,38세,상해없음,보행자,남,35세,경상
2020031200100010,2020년 3월 12일 00시,목요일,대전광역시 서구 관저동,경상사고,0,0,2,0,차대차 - 기타,안전운전불이행,건조,맑음,교차로 - 교차로부근,승용,남,61세,상해없음,승용,남,61세,경상
2020031200100109,2020년 3월 12일 08시,목요일,대전광역시 대덕구 와동,경상사고,0,0,1,0,차대차 - 기타,안전운전불이행,건조,맑음,기타 - 기타,화물,남,37세,상해없음,승용,여,55세,경상
2020031200100146,2020년 3월 12일 09시,목요일,대전광역시 서구 정림동,경상사고,0,0,1,0,차대차 - 측면충돌,안전운전불이행,건조,맑음,단일로 - 기타,승용,여,55세,상해없음,승용,남,72세,경상
2020031200100147,2020년 3월 12일 09시,목요일,대전광역시 대덕구 중리동,중상사고,0,1,0,0,차대차 - 기타,신호위반,건조,맑음,교차로 - 교차로안,승용,여,54세,상해없음,이륜,여,77세,중상
2020031200100148,2020년 3월 12일 09시,목요일,대전광역시 서구 둔산동,중상사고,0,1,5,0,차대차 - 기타,신호위반,건조,맑음,교차로 - 교차로안,승용,여,58세,경상,승합,남,65세,중상
2020031200100171,2020년 3월 12일 10시,목요일,대전광역시 서구 변동,경상사고,0,0,1,0,차대사람 - 보도통행중,안전운전불이행,건조,맑음,교차로 - 교차로안,이륜,남,31세,상해없음,보행자,여,55세,경상
2020031200100172,2020년 3월 12일 10시,목요일,대전광역시 서구 탄방동,경상사고,0,0,1,0,차대사람 - 기타,안전운전불이행,건조,맑음,기타 - 기타,자전거,남,59세,상해없음,보행자,여,56세,경상
2020031200100202,2020년 3월 12일 11시,목요일,대전광역시 동구 가오동,경상사고,0,0,1,0,차대차 - 측면충돌,안전운전불이행,건조,맑음,교차로 - 교차로부근,화물,남,71세,상해없음,승용,남,53세,경상
2020031200100203,2020년 3월 12일 11시,목요일,대전광역시 서구 탄방동,경상사고,0,0,1,0,차대차 - 기타,안전운전불이행,건조,맑음,교차로 - 교차로부근,특수,남,42세,상해없음,이륜,남,27세,경상
2020031200100204,2020년 3월 12일 11시,목요일,대전광역시 유성구 구암동,경상사고,0,0,1,0,차대사람 - 기타,안전운전불이행,건조,맑음,단일로 - 기타,승용,여,54세,상해없음,보행자,남,33세,경상
2020031200100228,2020년 3월 12일 12시,목요일,대전광역시 중구 선화동,부상신고사고,0,0,0,1,차대사람 - 기타,안전운전불이행,건조,맑음,단일로 - 기타,승용,여,56세,상해없음,보행자,남,25세,부상신고
2020031200100267,2020년 3월 12일 13시,목요일,대전광역시 중구 사정동,부상신고사고,0,0,0,1,차대차 - 추돌,안전운전불이행,건조,맑음,교차로 - 교차로부근,승용,남,75세,상해없음,승용,남,72세,상해없음
2020031200100294,2020년 3월 12일 14시,목요일,대전광역시 동구 중동,경상사고,0,0,1,0,차대차 - 측면충돌,안전거리미확보,건조,맑음,단일로 - 기타,이륜,남,82세,경상,화물,남,30세,상해없음