사고번호,사고일시,요일,시군구,사고내용,사망자수,중상자수,경상자수,부상신고자수,사고유형,법규위반,노면상태,기상상태,도로형태,가해운전자 차종,가해운전자 성별,가해운전자 연령,가해운전자 상해정도,피해운전자 차종,피해운전자 성별,피해운전자 연령,피해운전자 상해정도
2020031900100146,2020년 3월 19일 11시,목요일,대전광역시 서구 탄방동,경상사고,0,0,1,0,차대사람 - 횡단중,신호위반,건조,맑음,교차로 - 교차로횡단보도내,이륜,남,26세,상해없음,보행자,여,56세,경상
2020031900100167,2020년 3월 19일 12시,목요일,대전광역시 서구 둔산동,경상사고,0,0,1,0,차대차 - 후진중충돌,안전운전불이행,건조,맑음,교차로 - 교차로부근,승합,남,41세,상해없음,승용,여,42세,경상
2020031900100220,2020년 3월 19일 14시,목요일,대전광역시 서구 둔산동,부상신고사고,0,0,0,1,차대차 - 기타,중앙선침범,건조,맑음,단일로 - 기타,이륜,남,25세,상해없음,승용,여,50세,상해없음
2020031900100280,2020년 3월 19일 16시,목요일,대전광역시 유성구 용계동,중상사고,0,1,1,0,차대차 - 측면충돌,신호위반,건조,맑음,교차로 - 교차로안,승용,남,33세,상해없음,승용,남,35세,중상
2020031900100360,2020년 3월 19일 18시,목요일,대전광역시 중구 옥계동,경상사고,0,0,1,0,차대차 - 추돌,안전거리미확보,건조,맑음,교차로 - 교차로부근,승용,남,28세,상해없음,승용,여,53세,경상
2020031900100398,2020년 3월 19일 19시,목요일,대전광역시 대덕구 오정동,경상사고,0,0,1,0,차대차 - 기타,교차로운행방법위반,건조,맑음,교차로 - 교차로안,승용,여,60세,상해없음,승용,남,25세,경상
2020031900100399,2020년 3월 19일 19시,목요일,대전광역시 유성구 원내동,경상사고,0,0,1,0,차대차 - 기타,안전거리미확보,건조,맑음,단일로 - 기타,승용,남,50세,상해없음,승용,남,46세,경상
2020031900100466,2020년 3월 19일 23시,목요일,대전광역시 동구 인동,경상사고,0,0,3,0,차대차 - 추돌,안전운전불이행,건조,맑음,단일로 - 기타,승용,남,36세,상해없음,승용,남,51세,경상
2020031900100467,2020년 3월 19일 23시,목요일,대전광역시 유성구 장대동,중상사고,0,1,0,0,차대차 - 기타,신호위반,건조,맑음,교차로 - 교차로안,승용,남,46세,상해없음,승용,남,36세,중상
2020032000100029,2020년 3월 20일 01시,금요일,대전광역시 서구 둔산동,중상사고,0,1,0,0,차대사람 - 기타,안전운전불이행,건조,맑음,교차로 - 교차로부근,승용,남,51세,상해없음,보행자,여,25세,중상
2020032000100056,2020년 3월 20일 05시,금요일,대전광역시 중구 오류동,중상사고,0,1,0,0,차대차 - 기타,안전운전불이행,건조,맑음,교차로 - 교차로횡단보도내,승용,남,56세,상해없음,자전거,남,57세,중상
2020032000100057,2020년 3월 20일 05시,금요일,대전광역시 대덕구 송촌동,중상사고,0,1,1,0,차대차 - 기타,신호위반,젖음/습기,흐림,교차로 - 교차로안,이륜,남,55세,중상,승용,남,51세,경상
2020032000100058,2020년 3월 20일 05시,금요일,대전광역시 서구 둔산동,경상사고,0,0,1,0,차대차 - 추돌,안전운전불이행,건조,맑음,교차로 - 교차로부근,승용,남,23세,상해없음,승용,남,61세,경상
2020032000100084,2020년 3월 20일 07시,금요일,대전광역시 서구 도마동,경상사고,0,0,1,0,차대차 - 추돌,안전운전불이행,건조,맑음,단일로 - 기타,화물,남,49세,상해없음,승합,남,57세,경상
2020032000100085,2020년 3월 20일 07시,금요일,대전광역시 유성구 궁동,경상사고,0,0,3,0,차대차 - 기타,안전운전불이행,건조,맑음,단일로 - 기타,화물,남,43세,상해없음,화물,남,49세,경상
2020032000100148,2020년 3월 20일 09시,금요일,대전광역시 서구 변동,부상신고사고,0,0,0,1,차대차 - 측면충돌,안전운전불이행,건조,맑음,교차로 - 교차로안,승용,남,62세,상해없음,승용,남,34세,부상신고
2020032000100149,2020년 3월 20일 09시,금요일,대전광역시 유성구 봉명동,경상사고,0,0,1,0,차대차 - 측면충돌,신호위반,건조,맑음,단일로 - 기타,자전거,여,41세,경상,이륜,남,29세,상해없음
2020032000100199,2020년 3월 20일 11시,금요일,대전광역시 대덕구 목상동,중상사고,0,1,1,0,차대차 - 기타,안전운전불이행,건조,맑음,교차로 - 교차로안,화물,남,68세,상해없음,원동기,남,55세,중상
2020032000100232,2020년 3월 20일 12시,금요일,대전광역시 동구 가양동,경상사고,0,0,1,0,차대차 - 측면충돌,중앙선침범,건조,맑음,단일로 - 기타,승용,남,76세,상해없음,승용,남,33세,경상
2020032000100233,2020년 3월 20일 12시,금요일,대전광역시 서구 관저동,중상사고,0,1,1,0,차대차 - 측면충돌,신호위반,건조,맑음,교차로 - 교차로안,이륜,남,78세,중상,승용,여,56세,경상
2020032000100234,2020년 3월 20일 12시,금요일,대전광역시 대덕구 오정동,경상사고,0,0,1,0,차대차 - 측면충돌,직진우회전진행방해,건조,맑음,교차로 - 교차로안,화물,남,43세,상해없음,화물,남,46세,경상
2020032000100235,2020년 3월 20일 12시,금요일,대전광역시 서구 탄방동,경상사고,0,0,1,0,차대차 - 기타,안전운전불이행,건조,맑음,교차로 - 교차로부근,화물,남,57세,상해없음,승용,남,32세,경상
2020032000100309,2020년 3월 20일 14시,금요일,대전광역시 대덕구 신탄진동,경상사고,0,0,1,0,차대차 - 기타,안전운전불이행,건조,맑음,단일로 - 기타,화물,남,50세,상해없음,승용,남,51세,경상
2020032000100310,2020년 3월 20일 14시,금요일,대전광역시 유성구 봉명동,중상사고,0,1,0,0,차대차 - 기타,안전운전불이행,건조,맑음,단일로 - 기타,승용,남,62세,상해없음,이륜,남,45세,중상
2020032000100349,2020년 3월 20일 15시,금요일,대전광역시 유성구 봉명동,경상사고,0,0,1,0,차대차 - 후진중충돌,안전운전불이행,건조,맑음,단일로 - 기타,승용,여,29세,기타불명,승용,여,60세,경상
2020032000100390,2020년 3월 20일 16시,금요일,대전광역시 중구 태평동,경상사고,0,0,1,0,차대차 - 측면충돌,안전운전불이행,건조,맑음,교차로 - 교차로횡단보도내,승용,여,48세,상해없음,자전거,남,9세,경상
2020032000100391,2020년 3월 20일 16시,금요일,대전광역시 동구 용전동,경상사고,0,0,1,0,차대사람 - 기타,보행자보호의무위반,건조,맑음,교차로 - 교차로횡단보도내,승용,남,81세,상해없음,보행자,여,48세,경상
2020032000100432,2020년 3월 20일 17시,금요일,대전광역시 대덕구 신대동,경상사고,0,0,3,1,차대차 - 추돌,안전거리미확보,건조,맑음,단일로 - 기타,승용,남,62세,경상,승용,남,65세,경상
2020032000100433,2020년 3월 20일 17시,금요일,대전광역시 대덕구 와동,경상사고,0,0,1,0,차대차 - 추돌,안전운전불이행,건조,맑음,단일로 - 기타,승용,남,61세,상해없음,승용,남,49세,경상
2020032000100537,2020년 3월 20일 20시,금요일,대전광역시 서구 가수원동,경상사고,0,0,1,0,차대차 - 측면충돌,안전운전불이행,건조,맑음,교차로 - 교차로부근,이륜,남,46세,상해없음,승용,여,28세,경상
2020032000100538,2020년 3월 20일 20시,금요일,대전광역시 서구 만년동,경상사고,0,0,3,0,차대차 - 기타,안전거리미확보,건조,맑음,교차로 - 교차로부근,승용,남,59세,기타불명,승용,남,58세,경상
2020032000100561,2020년 3월 20일 21시,금요일,대전광역시 유성구 노은동,경상사고,0,0,1,0,차대차 - 측면충돌,신호위반,건조,맑음,교차로 - 교차로안,승용,남,58세,상해없음,승용,남,46세,상해없음
2020032100100052,2020년 3월 21일 03시,토요일,대전광역시 서구 둔산동,경상사고,0,0,1,0,차대사람 - 기타,안전운전불이행,건조,맑음,단일로 - 기타,승용,남,58세,상해없음,보행자,남,26세,경상
2020032100100099,2020년 3월 21일 07시,토요일,대전광역시 동구 판암동,경상사고,0,0,1,0,차대차 - 기타,중앙선침범,건조,맑음,교차로 - 교차로안,화물,남,23세,상해없음,승용,남,57세,경상
2020032100100164,2020년 3월 21일 10시,토요일,대전광역시 중구 오류동,경상사고,0,0,2,0,차대차 - 기타,안전운전불이행,건조,맑음,교차로 - 교차로부근,승용,여,59세,상해없음,승용,남,56세,경상
2020032100100165,2020년 3월 21일 10시,토요일,대전광역시 서구 도마동,경상사고,0,0,1,0,차대차 - 기타,안전운전불이행,건조,맑음,기타 - 기타,승용,남,54세,상해없음,자전거,여,58세,경상
2020032100100166,2020년 3월 21일 10시,토요일,대전광역시 대덕구 오정동,경상사고,0,0,1,1,차대차 - 기타,불법유턴,건조,맑음,단일로 - 기타,승용,남,71세,기타불명,승용,남,41세,부상신고
2020032100100197,2020년 3월 21일 11시,토요일,대전광역시 동구 용전동,중상사고,0,1,0,0,차대차 - 측면충돌,신호위반,건조,맑음,교차로 - 교차로부근,승용,남,40세,상해없음,이륜,남,52세,중상
2020032100100198,2020년 3월 21일 11시,토요일,대전광역시 서구 정림동,중상사고,0,1,2,0,차대차 - 기타,안전운전불이행,건조,맑음,단일로 - 기타,건설기계,남,43세,상해없음,승용,남,56세,중상
2020032100100224,2020년 3월 21일 12시,토요일,대전광역시 서구 탄방동,중상사고,0,1,0,0,차대차 - 측면충돌,교차로운행방법위반,건조,맑음,단일로 - 기타,승용,남,48세,상해없음,이륜,남,23세,중상
2020032100100225,2020년 3월 21일 12시,토요일,대전광역시 서구 둔산동,경상사고,0,0,3,0,차대차 - 기타,안전거리미확보,건조,맑음,단일로 - 기타,승용,여,46세,경상,승용,여,26세,경상
2020032100100226,2020년 3월 21일 12시,토요일,대전광역시 유성구 둔곡동,경상사고,0,0,2,0,차대차 - 추돌,안전운전불이행,건조,맑음,단일로 - 기타,화물,남,57세,상해없음,승용,남,46세,경상
2020032100100368,2020년 3월 21일 16시,토요일,대전광역시 동구 용전동,경상사고,0,0,1,0,차대차 - 추돌,안전거리미확보,건조,맑음,교차로 - 교차로부근,화물,남,43세,상해없음,승용,남,68세,경상
2020032100100369,2020년 3월 21일 16시,토요일,대전광역시 대덕구 오정동,경상사고,0,0,4,0,차대차 - 추돌,안전운전불이행,건조,맑음,단일로 - 기타,화물,남,55세,상해없음,승용,여,21세,경상
2020032100100370,2020년 3월 21일 16시,토요일,대전광역시 서구 둔산동,경상사고,0,0,1,0,차량단독 - 기타,안전운전불이행,건조,맑음,단일로 - 기타,승합,남,59세,상해없음,,,,
2020032100100409,2020년 3월 21일 17시,토요일,대전광역시 중구 대흥동,경상사고,0,0,1,0,차대차 - 정면충돌,안전운전불이행,건조,맑음,단일로 - 기타,승합,남,49세,상해없음,승용,남,49세,경상
2020032100100410,2020년 3월 21일 17시,토요일,대전광역시 유성구 도룡동,경상사고,0,0,4,0,차대차 - 정면충돌,신호위반,건조,맑음,교차로 - 교차로안,승용,남,57세,경상,화물,남,38세,경상
2020032100100412,2020년 3월 21일 17시,토요일,대전광역시 유성구 봉명동,중상사고,0,1,0,0,차량단독 - 기타,안전운전불이행,건조,맑음,교차로 - 교차로부근,승합,남,56세,상해없음,,,,
2020032100100433,2020년 3월 21일 18시,토요일,대전광역시 유성구 봉명동,경상사고,0,0,1,0,차대차 - 기타,안전운전불이행,건조,맑음,단일로 - 기타,승용,남,63세,상해없음,이륜,여,28세,경상
2020032100100491,2020년 3월 21일 20시,토요일,대전광역시 서구 용문동,경상사고,0,0,3,0,차대차 - 측면충돌,안전거리미확보,건조,맑음,교차로 - 교차로안,승용,남,37세,상해없음,승용,남,40세,경상
2020032100100556,2020년 3월 21일 23시,토요일,대전광역시 유성구 관평동,경상사고,0,0,1,0,차대차 - 측면충돌,교차로운행방법위반,건조,맑음,교차로 - 교차로안,승용,남,60세,상해없음,승용,남,59세,상해없음
2020032200100019,2020년 3월 22일 00시,일요일,대전광역시 동구 가오동,경상사고,0,0,1,0,차대차 - 측면충돌,교차로운행방법위반,건조,맑음,교차로 - 교차로안,승용,여,34세,상해없음,승용,남,35세,경상
2020032200100020,2020년 3월 22일 00시,일요일,대전광역시 동구 가양동,경상사고,0,0,1,0,차대차 - 측면충돌,안전거리미확보,건조,맑음,단일로 - 기타,화물,남,27세,상해없음,승용,남,53세,경상
2020032200100085,2020년 3월 22일 08시,일요일,대전광역시 대덕구 법동,경상사고,0,0,1,0,차대차 - 기타,신호위반,건조,맑음,교차로 - 교차로안,승용,남,64세,상해없음,승용,남,58세,경상
2020032200100112,2020년 3월 22일 10시,일요일,대전광역시 서구 월평동,경상사고,0,0,1,1,차대차 - 측면충돌,안전거리미확보,건조,맑음,단일로 - 교량,승용,여,46세,상해없음,승용,여,48세,경상
2020032200100113,2020년 3월 22일 10시,일요일,대전광역시 유성구 봉명동,경상사고,0,0,1,0,차대차 - 후진중충돌,안전운전불이행,건조,맑음,교차로 - 교차로안,승용,남,50세,상해없음,승용,남,58세,경상
2020032200100139,2020년 3월 22일 11시,일요일,대전광역시 동구 용전동,중상사고,0,1,0,0,차대차 - 정면충돌,안전운전불이행,건조,맑음,교차로 - 교차로안,승용,남,29세,상해없음,이륜,남,43세,중상
2020032200100158,2020년 3월 22일 12시,일요일,대전광역시 동구 세천동,경상사고,0,0,1,0,차대차 - 측면충돌,안전운전불이행,건조,맑음,단일로 - 기타,승합,남,37세,상해없음,승용,남,33세,경상
2020032200100212,2020년 3월 22일 14시,일요일,대전광역시 유성구 탑립동,경상사고,0,0,1,0,차대차 - 기타,신호위반,건조,맑음,교차로 - 교차로안,승용,여,64세,상해없음,승용,여,56세,경상
2020032200100288,2020년 3월 22일 17시,일요일,대전광역시 중구 대흥동,경상사고,0,0,3,0,차대차 - 측면충돌,교차로운행방법위반,건조,맑음,교차로 - 교차로안,승용,남,47세,상해없음,승용,남,26세,경상
2020032200100289,2020년 3월 22일 17시,일요일,대전광역시 서구 월평동,경상사고,0,0,1,0,차대차 - 추돌,안전운전불이행,건조,맑음,단일로 - 기타,승용,여,18세,상해없음,승용,남,49세,경상
2020032200100342,2020년 3월 22일 19시,일요일,대전광역시 서구 월평동,경상사고,0,0,1,0,차대차 - 측면충돌,안전운전불이행,건조,맑음,교차로 - 교차로부근,승용,남,73세,상해없음,이륜,남,20세,경상
2020032200100402,2020년 3월 22일 23시,일요일,대전광역시 서구 탄방동,중상사고,0,1,0,0,차대차 - 측면충돌,안전운전불이행,건조,맑음,교차로 - 교차로안,승용,남,62세,상해없음,이륜,남,40세,중상
2020032300100018,2020년 3월 23일 01시,월요일,대전광역시 유성구 봉명동,경상사고,0,0,1,0,차대사람 - 기타,안전운전불이행,건조,맑음,단일로 - 기타,승용,남,37세,상해없음,보행자,남,43세,경상
2020032300100106,2020년 3월 23일 08시,월요일,대전광역시 유성구 장대동,경상사고,0,0,1,0,차대차 - 추돌,안전운전불이행,건조,맑음,단일로 - 기타,승용,여,31세,상해없음,승용,여,44세,경상
2020032300100107,2020년 3월 23일 08시,월요일,대전광역시 유성구 노은동,중상사고,0,1,0,0,차대사람 - 기타,안전운전불이행,건조,맑음,단일로 - 기타,승합,남,56세,상해없음,보행자,여,65세,중상
2020032300100139,2020년 3월 23일 09시,월요일,대전광역시 유성구 송강동,경상사고,0,0,1,0,차대차 - 기타,안전거리미확보,건조,맑음,단일로 - 기타,승용,남,29세,상해없음,승용,남,25세,상해없음
2020032300100178,2020년 3월 23일 10시,월요일,대전광역시 서구 가장동,경상사고,0,0,1,0,차량단독 - 기타,안전운전불이행,건조,맑음,교차로 - 교차로부근,승용,남,69세,상해없음,,,,
2020032300100221,2020년 3월 23일 11시,월요일,대전광역시 중구 석교동,경상사고,0,0,2,0,차대차 - 측면충돌,안전거리미확보,건조,맑음,기타 - 기타,승용,남,47세,상해없음,승용,남,62세,경상
2020032300100272,2020년 3월 23일 13시,월요일,대전광역시 동구 삼성동,경상사고,0,0,1,0,차대사람 - 횡단중,안전운전불이행,건조,맑음,교차로 - 교차로안,승용,여,59세,상해없음,보행자,여,46세,경상
2020032300100327,2020년 3월 23일 15시,월요일,대전광역시 동구 중동,중상사고,0,1,0,0,차량단독 - 기타,기타,건조,맑음,단일로 - 기타,승합,남,52세,상해없음,,,,
2020032300100393,2020년 3월 23일 17시,월요일,대전광역시 동구 대동,경상사고,0,0,1,0,차량단독 - 기타,기타,건조,맑음,단일로 - 기타,승합,남,50세,상해없음,,,,
2020032300100436,2020년 3월 23일 18시,월요일,대전광역시 중구 은행동,경상사고,0,0,1,0,차대차 - 측면충돌,안전운전불이행,건조,맑음,교차로 - 교차로안,승용,남,31세,상해없음,승용,남,65세,경상
2020032300100437,2020년 3월 23일 18시,월요일,대전광역시 서구 관저동,경상사고,0,0,1,0,차대차 - 후진중충돌,안전운전불이행,건조,맑음,단일로 - 기타,화물,남,57세,상해없음,승용,여,35세,경상
2020032300100476,2020년 3월 23일 19시,월요일,대전광역시 동구 홍도동,중상사고,0,1,0,0,차대차 - 측면충돌,안전운전불이행,건조,맑음,단일로 - 기타,승용,여,34세,상해없음,이륜,남,34세,중상
2020032300100477,2020년 3월 23일 19시,월요일,대전광역시 서구 용문동,경상사고,0,0,1,0,차대차 - 정면충돌,안전운전불이행,건조,맑음,교차로 - 교차로부근,승용,남,23세,상해없음,승용,남,32세,경상
2020032300100478,2020년 3월 23일 19시,월요일,대전광역시 유성구 구암동,경상사고,0,0,1,0,차대차 - 측면충돌,신호위반,건조,맑음,교차로 - 교차로안,승용,남,40세,상해없음,승용,남,39세,경상
2020032300100509,2020년 3월 23일 20시,월요일,대전광역시 유성구 원내동,경상사고,0,0,2,0,차대차 - 측면충돌,안전운전불이행,건조,맑음,단일로 - 기타,승용,남,44세,경상,승용,여,50세,경상
2020032300100534,2020년 3월 23일 21시,월요일,대전광역시 유성구 봉명동,중상사고,0,1,0,0,차대사람 - 기타,안전운전불이행,건조,맑음,기타 - 기타,승용,여,25세,상해없음,보행자,남,37세,중상
2020032300100561,2020년 3월 23일 22시,월요일,대전광역시 유성구 원신흥동,부상신고사고,0,0,0,1,차대차 - 추돌,안전운전불이행,건조,맑음,단일로 - 기타,승용,남,31세,상해없음,승용,남,52세,기타불명
2020032400100028,2020년 3월 24일 02시,화요일,대전광역시 유성구 궁동,경상사고,0,0,1,0,차대사람 - 기타,안전운전불이행,건조,맑음,단일로 - 기타,승용,남,59세,상해없음,보행자,여,23세,경상
2020032400100045,2020년 3월 24일 05시,화요일,대전광역시 서구 둔산동,경상사고,0,0,1,0,차대차 - 측면충돌,중앙선침범,건조,맑음,교차로 - 교차로부근,승용,남,65세,상해없음,자전거,남,61세,경상
2020032400100071,2020년 3월 24일 07시,화요일,대전광역시 대덕구 석봉동,경상사고,0,0,1,0,차대차 - 기타,안전운전불이행,건조,맑음,단일로 - 기타,승용,남,69세,상해없음,승용,남,24세,경상
2020032400100072,2020년 3월 24일 07시,화요일,대전광역시 유성구 도룡동,중상사고,0,1,1,0,차대차 - 기타,안전운전불이행,건조,맑음,기타 - 기타,원동기,남,58세,중상,자전거,남,44세,경상
2020032400100136,2020년 3월 24일 09시,화요일,대전광역시 동구 효동,경상사고,0,0,1,0,차대차 - 추돌,안전운전불이행,건조,맑음,교차로 - 교차로부근,승용,여,53세,상해없음,화물,남,25세,경상
2020032400100137,2020년 3월 24일 09시,화요일,대전광역시 유성구 궁동,중상사고,0,1,2,0,차대차 - 추돌,안전거리미확보,건조,맑음,단일로 - 지하차도(도로)내,승용,여,29세,경상,승용,남,50세,중상
2020032400100225,2020년 3월 24일 12시,화요일,대전광역시 서구 가장동,경상사고,0,0,1,0,차대차 - 기타,안전운전불이행,건조,맑음,교차로 - 교차로안,승용,여,26세,상해없음,이륜,여,21세,경상
2020032400100256,2020년 3월 24일 13시,화요일,대전광역시 서구 정림동,경상사고,0,0,4,0,차대차 - 기타,안전거리미확보,건조,맑음,교차로 - 교차로부근,승용,여,74세,경상,승용,남,47세,경상
2020032400100296,2020년 3월 24일 14시,화요일,대전광역시 대덕구 대화동,중상사고,0,1,0,0,차대차 - 기타,중앙선침범,건조,맑음,기타 - 기타,승용,남,25세,상해없음,이륜,남,54세,중상
2020032400100297,2020년 3월 24일 14시,화요일,대전광역시 대덕구 신탄진동,경상사고,0,0,1,0,차대차 - 추돌,안전거리미확보,건조,맑음,기타 - 기타,화물,남,64세,상해없음,화물,남,69세,경상
2020032400100333,2020년 3월 24일 15시,화요일,대전광역시 대덕구 중리동,경상사고,0,0,2,0,차대차 - 기타,안전운전불이행,건조,맑음,교차로 - 교차로안,화물,남,54세,기타불명,승용,여,39세,경상
2020032400100359,2020년 3월 24일 16시,화요일,대전광역시 서구 용문동,경상사고,0,0,1,0,차대사람 - 기타,안전운전불이행,건조,맑음,단일로 - 기타,승용,남,70세,상해없음,보행자,남,43세,경상
2020032400100360,2020년 3월 24일 16시,화요일,대전광역시 서구 갈마동,중상사고,0,1,1,0,차대차 - 기타,안전운전불이행,건조,맑음,단일로 - 기타,화물,남,49세,상해없음,승용,남,61세,중상
2020032400100401,2020년 3월 24일 17시,화요일,대전광역시 중구 중촌동,경상사고,0,0,2,0,차대차 - 기타,안전운전불이행,건조,맑음,단일로 - 기타,승용,남,33세,상해없음,승용,남,53세,경상
2020032400100402,2020년 3월 24일 17시,화요일,대전광역시 유성구 봉명동,경상사고,0,0,1,0,차대차 - 기타,안전운전불이행,건조,맑음,교차로 - 교차로안,승용,남,46세,상해없음,자전거,남,67세,경상
2020032400100403,2020년 3월 24일 17시,화요일,대전광역시 유성구 봉명동,경상사고,0,0,2,0,차대차 - 측면충돌,신호위반,건조,맑음,교차로 - 교차로안,승용,여,60세,상해없음,승용,여,53세,상해없음
2020032400100442,2020년 3월 24일 18시,화요일,대전광역시 유성구 장대동,경상사고,0,0,3,0,차대차 - 측면충돌,안전거리미확보,건조,맑음,단일로 - 기타,승용,남,28세,기타불명,승용,남,27세,상해없음
2020032400100479,2020년 3월 24일 19시,화요일,대전광역시 서구 탄방동,경상사고,0,0,1,0,차대차 - 기타,안전운전불이행,건조,기타,단일로 - 기타,승용,남,70세,상해없음,승용,여,49세,경상
2020032400100480,2020년 3월 24일 19시,화요일,대전광역시 유성구 장대동,경상사고,0,0,1,0,차대차 - 측면충돌,교차로운행방법위반,건조,맑음,교차로 - 교차로안,승용,여,47세,상해없음,이륜,남,34세,경상
2020032500100013,2020년 3월 25일 01시,수요일,대전광역시 서구 탄방동,중상사고,0,5,0,0,차대차 - 기타,중앙선침범,건조,맑음,단일로 - 기타,승용,남,39세,상해없음,승용,남,36세,중상
2020032500100051,2020년 3월 25일 06시,수요일,대전광역시 대덕구 신일동,경상사고,0,0,1,0,차대차 - 측면충돌,신호위반,건조,맑음,교차로 - 교차로안,승용,남,23세,기타불명,승용,남,41세,경상
2020032500100052,2020년 3월 25일 06시,수요일,대전광역시 유성구 봉명동,경상사고,0,0,1,0,차대차 - 측면충돌,신호위반,건조,맑음,교차로 - 교차로안,화물,남,69세,상해없음,화물,남,53세,경상
2020032500100101,2020년 3월 25일 08시,수요일,대전광역시 동구 가양동,경상사고,0,0,2,0,차대차 - 추돌,안전운전불이행,건조,맑음,교차로 - 교차로부근,승합,남,59세,상해없음,화물,남,54세,경상
2020032500100102,2020년 3월 25일 08시,수요일,대전광역시 유성구 노은동,경상사고,0,0,1,1,차대차 - 기타,기타,건조,맑음,단일로 - 기타,승용,남,29세,상해없음,승용,남,51세,경상
2020032500100127,2020년 3월 25일 09시,수요일,대전광역시 중구 오류동,경상사고,0,0,1,0,차대차 - 기타,차로위반,건조,맑음,단일로 - 기타,기타불명,기타불명,미분류,기타불명,승용,남,61세,상해없음
2020032500100128,2020년 3월 25일 09시,수요일,대전광역시 서구 갈마동,경상사고,0,0,1,0,차대사람 - 기타,안전운전불이행,건조,맑음,단일로 - 기타,승용,여,49세,기타불명,보행자,남,22세,경상
2020032500100129,2020년 3월 25일 09시,수요일,대전광역시 유성구 덕명동,경상사고,0,0,2,0,차대차 - 기타,안전거리미확보,건조,맑음,단일로 - 기타,승용,남,27세,상해없음,승용,남,65세,경상
2020032500100194,2020년 3월 25일 11시,수요일,대전광역시 서구 도마동,경상사고,0,0,3,0,차대차 - 측면충돌,안전운전불이행,건조,맑음,교차로 - 교차로부근,화물,남,65세,상해없음,승용,여,44세,경상
2020032500100195,2020년 3월 25일 11시,수요일,대전광역시 서구 도마동,중상사고,0,1,0,0,차량단독 - 기타,안전운전불이행,건조,맑음,단일로 - 기타,승합,남,65세,상해없음,,,,
2020032500100196,2020년 3월 25일 11시,수요일,대전광역시 유성구 교촌동,경상사고,0,0,1,0,차대차 - 기타,신호위반,건조,맑음,교차로 - 교차로부근,승용,남,56세,상해없음,자전거,여,22세,경상
2020032500100232,2020년 3월 25일 12시,수요일,대전광역시 중구 산성동,사망사고,1,0,1,0,차대차 - 측면충돌,신호위반,건조,맑음,교차로 - 교차로안,사륜오토바이(ATV),남,77세,사망,승용,남,67세,경상
2020032500100262,2020년 3월 25일 13시,수요일,대전광역시 동구 중동,경상사고,0,0,1,0,차대차 - 측면충돌,안전운전불이행,건조,맑음,교차로 - 교차로안,이륜,남,79세,상해없음,승용,여,47세,경상
2020032500100263,2020년 3월 25일 13시,수요일,대전광역시 유성구 노은동,중상사고,0,3,0,0,차대차 - 기타,신호위반,건조,맑음,단일로 - 기타,승용,남,72세,상해없음,승용,여,55세,중상
2020032500100296,2020년 3월 25일 14시,수요일,대전광역시 동구 삼성동,중상사고,0,1,0,0,차대차 - 추돌,안전거리미확보,건조,맑음,교차로 - 교차로부근,이륜,남,26세,상해없음,승용,여,32세,중상
2020032500100330,2020년 3월 25일 15시,수요일,대전광역시 대덕구 중리동,경상사고,0,0,2,0,차대차 - 추돌,안전운전불이행,건조,맑음,단일로 - 기타,화물,남,39세,상해없음,승용,여,31세,경상
2020032500100441,2020년 3월 25일 18시,수요일,대전광역시 유성구 궁동,경상사고,0,0,1,0,차대차 - 기타,신호위반,건조,맑음,교차로 - 교차로안,승용,남,30세,상해없음,이륜,남,56세,경상
2020032500100479,2020년 3월 25일 19시,수요일,대전광역시 유성구 구암동,경상사고,0,0,1,0,차대차 - 기타,신호위반,건조,맑음,교차로 - 교차로부근,승용,남,45세,상해없음,승합,남,33세,경상
2020032500100539,2020년 3월 25일 21시,수요일,대전광역시 중구 대흥동,경상사고,0,0,1,0,차대사람 - 기타,안전운전불이행,건조,맑음,교차로 - 교차로안,승용,남,50세,상해없음,보행자,남,45세,경상
2020032500100540,2020년 3월 25일 21시,수요일,대전광역시 동구 용운동,중상사고,0,1,0,0,차대차 - 측면충돌,안전운전불이행,건조,맑음,교차로 - 교차로부근,승용,남,60세,상해없음,이륜,남,41세,중상
2020032500100562,2020년 3월 25일 22시,수요일,대전광역시 유성구 봉명동,중상사고,0,1,0,0,차대차 - 기타,중앙선침범,건조,맑음,단일로 - 기타,개인형이동수단(PM),남,19세,상해없음,이륜,남,17세,상해없음
2020032600100056,2020년 3월 26일 06시,목요일,대전광역시 대덕구 읍내동,중상사고,0,1,0,0,차대차 - 기타,안전운전불이행,건조,맑음,단일로 - 기타,승용,남,65세,상해없음,승용,여,59세,중상
2020032600100117,2020년 3월 26일 09시,목요일,대전광역시 서구 탄방동,경상사고,0,0,1,2,차대차 - 기타,교차로운행방법위반,건조,맑음,교차로 - 교차로안,승용,여,38세,부상신고,승용,남,57세,부상신고
2020032600100174,2020년 3월 26일 11시,목요일,대전광역시 중구 오류동,경상사고,0,0,3,0,차대차 - 측면충돌,신호위반,건조,맑음,교차로 - 교차로안,화물,남,58세,상해없음,승용,남,60세,경상
2020032600100203,2020년 3월 26일 12시,목요일,대전광역시 중구 대사동,사망사고,1,0,0,0,차대사람 - 횡단중,안전운전불이행,건조,맑음,단일로 - 기타,승용,남,28세,상해없음,보행자,여,83세,사망
2020032600100204,2020년 3월 26일 12시,목요일,대전광역시 동구 대동,경상사고,0,0,1,0,차대차 - 측면충돌,안전거리미확보,건조,맑음,교차로 - 교차로부근,승용,여,64세,상해없음,승합,남,38세,경상