사고번호,사고일시,요일,시군구,사고내용,사망자수,중상자수,경상자수,부상신고자수,사고유형,법규위반,노면상태,기상상태,도로형태,가해운전자 차종,가해운전자 성별,가해운전자 연령,가해운전자 상해정도,피해운전자 차종,피해운전자 성별,피해운전자 연령,피해운전자 상해정도
2020032600100205,2020년 3월 26일 12시,목요일,대전광역시 유성구 관평동,경상사고,0,0,2,0,차대차 - 기타,안전운전불이행,건조,맑음,단일로 - 기타,승용,여,32세,경상,승용,여,50세,경상
2020032600100247,2020년 3월 26일 14시,목요일,대전광역시 서구 가수원동,경상사고,0,0,1,0,차대차 - 측면충돌,안전거리미확보,건조,맑음,교차로 - 교차로부근,화물,남,59세,기타불명,승합,남,63세,경상
2020032600100302,2020년 3월 26일 16시,목요일,대전광역시 서구 복수동,경상사고,0,0,2,0,차대차 - 추돌,안전운전불이행,건조,맑음,교차로 - 교차로부근,승용,남,65세,상해없음,승용,남,61세,경상
2020032600100303,2020년 3월 26일 16시,목요일,대전광역시 서구 둔산동,경상사고,0,0,1,0,차대차 - 기타,교차로운행방법위반,젖음/습기,비,교차로 - 교차로부근,승용,남,40세,상해없음,승용,여,61세,경상
2020032600100339,2020년 3월 26일 17시,목요일,대전광역시 중구 대흥동,경상사고,0,0,2,0,차대차 - 기타,안전운전불이행,건조,맑음,교차로 - 교차로안,승용,남,63세,상해없음,승용,남,22세,경상
2020032600100340,2020년 3월 26일 17시,목요일,대전광역시 서구 정림동,경상사고,0,0,1,0,차대차 - 측면충돌,안전운전불이행,건조,맑음,단일로 - 기타,승용,여,40세,상해없음,화물,남,29세,경상
2020032600100373,2020년 3월 26일 18시,목요일,대전광역시 서구 용문동,경상사고,0,0,1,0,차대사람 - 길가장자리구역통행중,안전운전불이행,젖음/습기,흐림,단일로 - 기타,승용,남,26세,상해없음,보행자,여,30세,경상
2020032600100374,2020년 3월 26일 18시,목요일,대전광역시 대덕구 중리동,경상사고,0,0,1,0,차량단독 - 기타,기타,건조,맑음,단일로 - 기타,승합,남,55세,상해없음,,,,
2020032600100375,2020년 3월 26일 18시,목요일,대전광역시 유성구 지족동,경상사고,0,0,1,0,차대차 - 측면충돌,교차로운행방법위반,젖음/습기,흐림,교차로 - 교차로안,승용,여,46세,상해없음,이륜,남,27세,경상
2020032600100419,2020년 3월 26일 19시,목요일,대전광역시 중구 대흥동,경상사고,0,0,1,0,차대사람 - 기타,안전운전불이행,건조,맑음,단일로 - 기타,승용,남,25세,기타불명,보행자,남,27세,경상
2020032600100420,2020년 3월 26일 19시,목요일,대전광역시 유성구 봉명동,경상사고,0,0,1,0,차대차 - 측면충돌,안전운전불이행,건조,맑음,기타 - 기타,승합,남,39세,기타불명,이륜,남,44세,경상
2020032600100462,2020년 3월 26일 20시,목요일,대전광역시 서구 정림동,경상사고,0,0,1,0,차대차 - 추돌,안전운전불이행,건조,맑음,교차로 - 교차로부근,화물,남,46세,상해없음,승용,남,46세,경상
2020032600100528,2020년 3월 26일 22시,목요일,대전광역시 동구 홍도동,경상사고,0,0,1,0,차대차 - 측면충돌,중앙선침범,건조,맑음,단일로 - 기타,승용,남,22세,상해없음,승합,남,36세,경상
2020032600100529,2020년 3월 26일 22시,목요일,대전광역시 서구 용문동,경상사고,0,0,1,0,차대차 - 측면충돌,안전운전불이행,건조,맑음,단일로 - 기타,화물,남,27세,상해없음,승용,여,27세,경상
2020032600100550,2020년 3월 26일 23시,목요일,대전광역시 중구 용두동,중상사고,0,2,0,0,차대차 - 정면충돌,중앙선침범,젖음/습기,비,교차로 - 교차로안,승용,남,65세,상해없음,승용,남,21세,중상
2020032600100551,2020년 3월 26일 23시,목요일,대전광역시 대덕구 오정동,경상사고,0,0,1,0,차대차 - 추돌,안전운전불이행,젖음/습기,비,단일로 - 기타,승용,남,26세,상해없음,승용,남,58세,경상
2020032700100019,2020년 3월 27일 00시,금요일,대전광역시 서구 탄방동,경상사고,0,0,2,0,차대차 - 기타,안전운전불이행,젖음/습기,비,교차로 - 교차로부근,화물,남,55세,상해없음,승용,남,56세,경상
2020032700100036,2020년 3월 27일 01시,금요일,대전광역시 유성구 신성동,경상사고,0,0,1,0,차량단독 - 기타,안전운전불이행,건조,맑음,교차로 - 교차로안,승용,남,57세,상해없음,,,,
2020032700100065,2020년 3월 27일 05시,금요일,대전광역시 유성구 신봉동,경상사고,0,0,1,0,차대차 - 측면충돌,교차로운행방법위반,건조,맑음,교차로 - 교차로안,승용,남,26세,상해없음,이륜,남,29세,경상
2020032700100096,2020년 3월 27일 07시,금요일,대전광역시 동구 구도동,경상사고,0,0,3,0,차대차 - 추돌,안전운전불이행,젖음/습기,비,교차로 - 교차로부근,승용,남,49세,상해없음,화물,기타불명,미분류,기타불명
2020032700100115,2020년 3월 27일 08시,금요일,대전광역시 서구 갈마동,경상사고,0,0,1,0,차대차 - 측면충돌,안전거리미확보,건조,맑음,단일로 - 기타,승용,여,51세,상해없음,승합,남,67세,경상
2020032700100159,2020년 3월 27일 10시,금요일,대전광역시 동구 대동,경상사고,0,0,1,0,차대사람 - 기타,안전운전불이행,젖음/습기,비,단일로 - 기타,승용,남,61세,상해없음,보행자,남,45세,경상
2020032700100215,2020년 3월 27일 12시,금요일,대전광역시 서구 둔산동,경상사고,0,0,1,0,차대차 - 기타,직진우회전진행방해,건조,맑음,교차로 - 교차로안,승용,여,53세,상해없음,이륜,남,31세,경상
2020032700100244,2020년 3월 27일 13시,금요일,대전광역시 대덕구 중리동,경상사고,0,0,1,0,차량단독 - 기타,안전운전불이행,건조,맑음,단일로 - 기타,승합,남,53세,상해없음,,,,
2020032700100245,2020년 3월 27일 13시,금요일,대전광역시 유성구 전민동,부상신고사고,0,0,0,1,차대차 - 기타,신호위반,건조,맑음,교차로 - 교차로안,기타불명,기타불명,미분류,기타불명,승용,남,27세,부상신고
2020032700100274,2020년 3월 27일 14시,금요일,대전광역시 동구 용전동,경상사고,0,0,1,0,차대차 - 측면충돌,안전운전불이행,건조,맑음,단일로 - 기타,이륜,남,36세,경상,승용,남,65세,기타불명
2020032700100303,2020년 3월 27일 15시,금요일,대전광역시 서구 도마동,중상사고,0,1,0,0,차대차 - 측면충돌,안전운전불이행,건조,맑음,교차로 - 교차로안,이륜,남,79세,중상,화물,남,38세,상해없음
2020032700100433,2020년 3월 27일 18시,금요일,대전광역시 중구 선화동,경상사고,0,0,2,0,차대차 - 추돌,안전거리미확보,건조,맑음,단일로 - 기타,승용,남,24세,상해없음,승용,남,30세,경상
2020032700100434,2020년 3월 27일 18시,금요일,대전광역시 서구 갈마동,경상사고,0,0,2,0,차대차 - 기타,안전운전불이행,건조,맑음,교차로 - 교차로안,승용,여,46세,경상,승용,남,23세,경상
2020032700100474,2020년 3월 27일 19시,금요일,대전광역시 중구 석교동,경상사고,0,0,1,0,차대차 - 기타,안전운전불이행,건조,맑음,단일로 - 기타,승용,여,53세,상해없음,자전거,남,58세,경상
2020032700100544,2020년 3월 27일 21시,금요일,대전광역시 대덕구 중리동,경상사고,0,0,1,0,차대차 - 기타,안전운전불이행,건조,맑음,교차로 - 교차로부근,승용,남,55세,상해없음,승용,여,51세,경상
2020032700100574,2020년 3월 27일 22시,금요일,대전광역시 대덕구 비래동,경상사고,0,0,1,0,차대차 - 추돌,안전운전불이행,건조,맑음,교차로 - 교차로부근,승용,남,47세,상해없음,승합,남,39세,경상
2020032700100575,2020년 3월 27일 22시,금요일,대전광역시 유성구 용산동,경상사고,0,0,1,0,차대차 - 기타,안전운전불이행,건조,맑음,교차로 - 교차로부근,승용,남,53세,상해없음,승용,남,35세,경상
2020032800100105,2020년 3월 28일 08시,토요일,대전광역시 동구 자양동,경상사고,0,0,1,0,차대차 - 측면충돌,안전운전불이행,건조,맑음,교차로 - 교차로안,이륜,남,25세,경상,승용,남,51세,상해없음
2020032800100138,2020년 3월 28일 09시,토요일,대전광역시 대덕구 법동,경상사고,0,0,1,0,차대차 - 측면충돌,안전운전불이행,건조,맑음,단일로 - 기타,승용,남,62세,상해없음,화물,남,33세,경상
2020032800100139,2020년 3월 28일 09시,토요일,대전광역시 서구 탄방동,중상사고,0,1,0,0,차대차 - 측면충돌,안전운전불이행,건조,맑음,단일로 - 기타,승용,남,79세,상해없음,자전거,남,54세,중상
2020032800100213,2020년 3월 28일 12시,토요일,대전광역시 서구 둔산동,중상사고,0,1,0,0,차대사람 - 횡단중,안전운전불이행,건조,맑음,단일로 - 기타,승용,여,59세,상해없음,보행자,남,65세,중상
2020032800100245,2020년 3월 28일 13시,토요일,대전광역시 중구 은행동,경상사고,0,0,2,0,차대차 - 추돌,안전운전불이행,건조,맑음,교차로 - 교차로안,이륜,남,17세,상해없음,승용,남,25세,경상
2020032800100269,2020년 3월 28일 14시,토요일,대전광역시 중구 산성동,경상사고,0,0,1,0,차대차 - 추돌,안전운전불이행,건조,맑음,단일로 - 기타,승용,남,24세,상해없음,이륜,남,36세,경상
2020032800100321,2020년 3월 28일 16시,토요일,대전광역시 서구 둔산동,중상사고,0,1,0,0,차대사람 - 횡단중,안전운전불이행,건조,맑음,교차로 - 교차로안,승용,여,54세,상해없음,보행자,남,44세,중상
2020032800100352,2020년 3월 28일 17시,토요일,대전광역시 유성구 원신흥동,경상사고,0,0,1,0,차대차 - 측면충돌,신호위반,건조,맑음,교차로 - 교차로안,승용,남,67세,상해없음,승합,남,61세,경상
2020032800100424,2020년 3월 28일 19시,토요일,대전광역시 서구 괴정동,중상사고,0,1,0,0,차대차 - 측면충돌,안전운전불이행,건조,맑음,교차로 - 교차로부근,승용,남,49세,상해없음,이륜,남,38세,중상
2020032800100451,2020년 3월 28일 20시,토요일,대전광역시 서구 도마동,중상사고,0,1,0,0,차대사람 - 횡단중,안전운전불이행,건조,맑음,교차로 - 교차로안,승용,남,55세,상해없음,보행자,남,80세,중상
2020032900100019,2020년 3월 29일 00시,일요일,대전광역시 동구 성남동,사망사고,1,0,2,0,차대차 - 측면충돌,신호위반,건조,맑음,교차로 - 교차로안,승용,남,13세,상해없음,승용,남,68세,경상
2020032900100020,2020년 3월 29일 00시,일요일,대전광역시 유성구 원내동,경상사고,0,0,1,0,차대차 - 측면충돌,신호위반,건조,맑음,기타 - 기타,승합,남,45세,상해없음,승용,남,70세,경상
2020032900100034,2020년 3월 29일 01시,일요일,대전광역시 서구 둔산동,중상사고,0,1,1,0,차대사람 - 기타,안전운전불이행,건조,맑음,단일로 - 기타,승용,남,28세,상해없음,보행자,남,24세,중상
2020032900100278,2020년 3월 29일 17시,일요일,대전광역시 유성구 지족동,경상사고,0,0,2,0,차대차 - 기타,안전운전불이행,건조,맑음,단일로 - 기타,승용,여,31세,경상,화물,남,64세,기타불명
2020032900100302,2020년 3월 29일 18시,일요일,대전광역시 동구 천동,중상사고,0,1,0,0,차대차 - 측면충돌,안전운전불이행,건조,맑음,단일로 - 기타,승용,여,42세,상해없음,자전거,남,22세,중상
2020032900100336,2020년 3월 29일 20시,일요일,대전광역시 유성구 방동,경상사고,0,0,2,0,차대차 - 추돌,안전운전불이행,건조,맑음,교차로 - 교차로부근,승용,여,33세,상해없음,화물,남,62세,경상
2020032900100388,2020년 3월 29일 23시,일요일,대전광역시 서구 갈마동,경상사고,0,0,1,0,차대사람 - 길가장자리구역통행중,안전운전불이행,건조,맑음,단일로 - 기타,승용,남,38세,상해없음,보행자,남,34세,경상
2020033000100044,2020년 3월 30일 06시,월요일,대전광역시 유성구 장대동,중상사고,0,3,0,0,차대차 - 기타,안전운전불이행,건조,흐림,교차로 - 교차로부근,승용,남,28세,상해없음,승용,남,24세,중상
2020033000100127,2020년 3월 30일 09시,월요일,대전광역시 중구 용두동,중상사고,0,1,0,0,차대차 - 측면충돌,안전운전불이행,건조,맑음,단일로 - 기타,승용,여,53세,상해없음,이륜,남,36세,중상
2020033000100156,2020년 3월 30일 10시,월요일,대전광역시 유성구 구암동,경상사고,0,0,1,0,차대차 - 측면충돌,안전거리미확보,건조,맑음,교차로 - 교차로안,승용,여,54세,기타불명,건설기계,남,46세,경상
2020033000100157,2020년 3월 30일 10시,월요일,대전광역시 유성구 봉명동,경상사고,0,0,3,0,차대차 - 측면충돌,교차로운행방법위반,건조,맑음,교차로 - 교차로안,승용,남,47세,경상,승용,여,29세,경상
2020033000100182,2020년 3월 30일 11시,월요일,대전광역시 중구 산성동,경상사고,0,0,1,0,차대차 - 측면충돌,안전운전불이행,건조,맑음,교차로 - 교차로횡단보도내,승용,남,30세,상해없음,자전거,여,51세,경상
2020033000100183,2020년 3월 30일 11시,월요일,대전광역시 중구 태평동,경상사고,0,0,1,0,차대차 - 측면충돌,안전운전불이행,건조,맑음,교차로 - 교차로안,승용,여,58세,상해없음,이륜,남,35세,경상
2020033000100184,2020년 3월 30일 11시,월요일,대전광역시 서구 둔산동,경상사고,0,0,3,0,차대차 - 기타,안전운전불이행,건조,맑음,단일로 - 기타,승용,남,75세,상해없음,승용,남,23세,경상
2020033000100287,2020년 3월 30일 14시,월요일,대전광역시 동구 대동,경상사고,0,0,1,0,차대차 - 측면충돌,교차로운행방법위반,건조,맑음,교차로 - 교차로안,승용,여,49세,상해없음,이륜,남,65세,경상
2020033000100288,2020년 3월 30일 14시,월요일,대전광역시 동구 판암동,중상사고,0,1,2,0,차대차 - 측면충돌,교차로운행방법위반,건조,맑음,교차로 - 교차로안,승용,여,67세,상해없음,화물,남,51세,경상
2020033000100318,2020년 3월 30일 15시,월요일,대전광역시 유성구 송강동,중상사고,0,1,0,0,차대사람 - 기타,안전운전불이행,건조,맑음,교차로 - 교차로횡단보도내,화물,남,42세,상해없음,보행자,여,56세,중상
2020033000100353,2020년 3월 30일 16시,월요일,대전광역시 중구 부사동,경상사고,0,0,1,0,차대차 - 측면충돌,안전운전불이행,건조,맑음,교차로 - 교차로안,승용,남,39세,상해없음,자전거,남,19세,경상
2020033000100427,2020년 3월 30일 18시,월요일,대전광역시 중구 태평동,중상사고,0,1,0,0,차대차 - 측면충돌,안전운전불이행,건조,맑음,교차로 - 교차로부근,승용,여,47세,상해없음,자전거,남,75세,중상
2020033000100428,2020년 3월 30일 18시,월요일,대전광역시 동구 용전동,경상사고,0,0,1,0,차대차 - 측면충돌,신호위반,건조,맑음,단일로 - 기타,승용,여,28세,상해없음,이륜,남,27세,경상
2020033000100429,2020년 3월 30일 18시,월요일,대전광역시 유성구 상대동,경상사고,0,0,1,0,차대차 - 기타,신호위반,건조,맑음,교차로 - 교차로안,승용,남,55세,상해없음,승용,여,29세,경상
2020033000100495,2020년 3월 30일 20시,월요일,대전광역시 대덕구 신탄진동,중상사고,0,1,0,0,차대사람 - 기타,안전운전불이행,건조,맑음,단일로 - 기타,승용,남,60세,상해없음,보행자,남,67세,중상
2020033000100512,2020년 3월 30일 21시,월요일,대전광역시 서구 갈마동,경상사고,0,0,1,0,차대차 - 추돌,안전운전불이행,건조,맑음,단일로 - 기타,승용,남,50세,상해없음,승용,남,39세,경상
2020033000100528,2020년 3월 30일 22시,월요일,대전광역시 중구 문화동,경상사고,0,0,2,0,차대차 - 측면충돌,신호위반,건조,맑음,교차로 - 교차로안,승용,여,50세,상해없음,승용,남,28세,경상
2020033000100538,2020년 3월 30일 23시,월요일,대전광역시 서구 월평동,경상사고,0,0,2,0,차대차 - 추돌,안전운전불이행,건조,맑음,단일로 - 기타,승용,남,37세,상해없음,승용,남,27세,경상
2020033000100539,2020년 3월 30일 23시,월요일,대전광역시 유성구 궁동,경상사고,0,0,1,0,차대사람 - 기타,안전운전불이행,건조,맑음,단일로 - 기타,승용,여,22세,상해없음,보행자,여,43세,경상
2020033100100049,2020년 3월 31일 06시,화요일,대전광역시 대덕구 상서동,경상사고,0,0,2,0,차대차 - 기타,안전운전불이행,건조,맑음,단일로 - 기타,승용,남,41세,상해없음,승용,남,59세,경상
2020033100100066,2020년 3월 31일 07시,화요일,대전광역시 유성구 봉명동,경상사고,0,0,1,0,차대사람 - 횡단중,보행자보호의무위반,건조,맑음,교차로 - 교차로부근,승용,남,82세,상해없음,보행자,남,63세,경상
2020033100100095,2020년 3월 31일 08시,화요일,대전광역시 서구 월평동,경상사고,0,0,3,0,차대차 - 기타,직진우회전진행방해,건조,맑음,교차로 - 교차로안,승용,여,56세,경상,승용,남,37세,경상
2020033100100193,2020년 3월 31일 11시,화요일,대전광역시 유성구 봉명동,경상사고,0,0,2,0,차대차 - 측면충돌,안전거리미확보,건조,맑음,교차로 - 교차로부근,승용,남,50세,상해없음,승합,남,49세,상해없음
2020033100100194,2020년 3월 31일 11시,화요일,대전광역시 유성구 구암동,중상사고,0,1,2,0,차대차 - 측면충돌,교차로운행방법위반,건조,맑음,교차로 - 교차로안,승용,여,59세,중상,승용,남,31세,경상
2020033100100219,2020년 3월 31일 12시,화요일,대전광역시 중구 선화동,경상사고,0,0,1,0,차대차 - 기타,중앙선침범,건조,맑음,단일로 - 기타,이륜,남,27세,상해없음,승용,남,25세,경상
2020033100100396,2020년 3월 31일 17시,화요일,대전광역시 유성구 장대동,경상사고,0,0,1,0,차대차 - 기타,안전운전불이행,건조,맑음,단일로 - 기타,승용,여,26세,상해없음,자전거,남,70세,경상
2020033100100425,2020년 3월 31일 18시,화요일,대전광역시 동구 삼성동,경상사고,0,0,1,0,차대차 - 측면충돌,교차로운행방법위반,건조,맑음,교차로 - 교차로안,승용,남,46세,상해없음,승용,남,64세,경상
2020033100100426,2020년 3월 31일 18시,화요일,대전광역시 유성구 봉명동,경상사고,0,0,1,0,차대차 - 기타,신호위반,건조,맑음,교차로 - 교차로안,승용,여,32세,상해없음,승용,남,44세,경상
2020033100100454,2020년 3월 31일 19시,화요일,대전광역시 유성구 봉명동,경상사고,0,0,1,0,차대차 - 기타,교차로운행방법위반,건조,맑음,단일로 - 기타,승용,여,30세,상해없음,승용,남,28세,경상
2020033100100501,2020년 3월 31일 21시,화요일,대전광역시 중구 대사동,경상사고,0,0,1,0,차대차 - 기타,안전운전불이행,건조,맑음,기타 - 기타,승용,남,63세,상해없음,승용,남,63세,상해없음
2020033100100502,2020년 3월 31일 21시,화요일,대전광역시 서구 정림동,중상사고,0,1,0,0,차대사람 - 횡단중,과속,건조,맑음,단일로 - 기타,승용,남,42세,상해없음,보행자,남,17세,중상
2020033100100518,2020년 3월 31일 22시,화요일,대전광역시 서구 갈마동,중상사고,0,1,2,0,차대차 - 기타,교차로운행방법위반,건조,맑음,교차로 - 교차로안,승용,남,56세,상해없음,승용,남,25세,경상
2020040100100014,2020년 4월 1일 00시,수요일,대전광역시 중구 대흥동,경상사고,0,0,1,0,차대차 - 측면충돌,신호위반,건조,맑음,교차로 - 교차로안,사륜오토바이(ATV),남,48세,상해없음,승용,남,52세,경상
2020040100100022,2020년 4월 1일 01시,수요일,대전광역시 동구 홍도동,중상사고,0,1,0,0,차대사람 - 횡단중,안전운전불이행,건조,맑음,교차로 - 교차로안,승용,남,53세,상해없음,보행자,남,36세,중상
2020040100100035,2020년 4월 1일 03시,수요일,대전광역시 서구 도마동,경상사고,0,0,1,0,차대차 - 측면충돌,안전거리미확보,건조,맑음,단일로 - 기타,화물,남,71세,상해없음,승용,남,31세,경상
2020040100100148,2020년 4월 1일 10시,수요일,대전광역시 서구 변동,경상사고,0,0,2,0,차대차 - 측면충돌,안전운전불이행,건조,맑음,교차로 - 교차로안,화물,남,29세,기타불명,이륜,남,59세,경상
2020040100100209,2020년 4월 1일 12시,수요일,대전광역시 중구 문화동,경상사고,0,0,1,0,차대사람 - 기타,안전운전불이행,건조,맑음,단일로 - 기타,승용,여,53세,상해없음,보행자,남,71세,경상
2020040100100266,2020년 4월 1일 14시,수요일,대전광역시 중구 은행동,경상사고,0,0,1,0,차대차 - 기타,신호위반,건조,맑음,교차로 - 교차로부근,승용,남,54세,상해없음,승용,남,27세,경상
2020040100100267,2020년 4월 1일 14시,수요일,대전광역시 대덕구 미호동,부상신고사고,0,0,0,1,차대차 - 측면충돌,교차로운행방법위반,건조,맑음,교차로 - 교차로부근,승용,남,19세,상해없음,자전거,남,58세,부상신고
2020040100100268,2020년 4월 1일 14시,수요일,대전광역시 서구 갈마동,중상사고,0,1,0,0,차대사람 - 기타,안전운전불이행,건조,맑음,단일로 - 기타,승용,남,68세,상해없음,보행자,남,69세,중상
2020040100100269,2020년 4월 1일 14시,수요일,대전광역시 서구 둔산동,경상사고,0,0,3,0,차대차 - 측면충돌,안전운전불이행,건조,맑음,교차로 - 교차로안,승용,여,27세,상해없음,승용,남,35세,경상
2020040100100334,2020년 4월 1일 16시,수요일,대전광역시 대덕구 덕암동,경상사고,0,0,1,0,차대차 - 측면충돌,기타,건조,맑음,단일로 - 기타,화물,남,65세,기타불명,승용,남,28세,경상
2020040100100362,2020년 4월 1일 17시,수요일,대전광역시 중구 산성동,경상사고,0,0,2,0,차대차 - 추돌,안전운전불이행,건조,맑음,단일로 - 기타,이륜,남,51세,상해없음,승용,남,43세,경상
2020040100100363,2020년 4월 1일 17시,수요일,대전광역시 서구 도마동,경상사고,0,0,4,0,차대차 - 기타,안전운전불이행,건조,맑음,교차로 - 교차로부근,승용,남,54세,상해없음,승용,여,61세,기타불명
2020040100100364,2020년 4월 1일 17시,수요일,대전광역시 서구 관저동,경상사고,0,0,1,0,차대차 - 추돌,신호위반,건조,맑음,교차로 - 교차로안,승용,여,41세,상해없음,승용,여,52세,경상
2020040100100398,2020년 4월 1일 18시,수요일,대전광역시 중구 오류동,경상사고,0,0,1,0,차대차 - 측면충돌,안전운전불이행,건조,맑음,단일로 - 기타,승용,남,27세,상해없음,승용,남,25세,경상
2020040100100399,2020년 4월 1일 18시,수요일,대전광역시 중구 중촌동,중상사고,0,1,0,0,차대차 - 측면충돌,안전운전불이행,건조,맑음,단일로 - 고가도로위,화물,남,54세,상해없음,승용,남,30세,중상
2020040100100400,2020년 4월 1일 18시,수요일,대전광역시 서구 갈마동,경상사고,0,0,6,0,차대차 - 기타,안전운전불이행,건조,맑음,교차로 - 교차로부근,승용,여,62세,경상,승용,남,31세,경상
2020040100100401,2020년 4월 1일 18시,수요일,대전광역시 서구 월평동,중상사고,0,1,0,0,차대차 - 기타,직진우회전진행방해,건조,맑음,교차로 - 교차로안,승용,남,59세,상해없음,이륜,남,46세,상해없음
2020040100100444,2020년 4월 1일 19시,수요일,대전광역시 중구 오류동,중상사고,0,1,0,0,차대차 - 측면충돌,안전운전불이행,건조,맑음,단일로 - 기타,승용,남,43세,상해없음,자전거,남,25세,중상
2020040100100445,2020년 4월 1일 19시,수요일,대전광역시 유성구 봉명동,경상사고,0,0,1,0,차대차 - 기타,안전운전불이행,건조,맑음,교차로 - 교차로부근,승용,남,27세,상해없음,승용,남,29세,경상
2020040100100470,2020년 4월 1일 20시,수요일,대전광역시 유성구 덕명동,경상사고,0,0,1,0,차대차 - 측면충돌,신호위반,건조,맑음,교차로 - 교차로안,승용,남,36세,상해없음,승용,남,40세,경상
2020040100100499,2020년 4월 1일 21시,수요일,대전광역시 동구 가양동,경상사고,0,0,1,0,차대차 - 후진중충돌,안전운전불이행,건조,맑음,교차로 - 교차로부근,승용,남,41세,상해없음,승용,남,59세,경상
2020040200100016,2020년 4월 2일 00시,목요일,대전광역시 동구 삼성동,경상사고,0,0,1,0,차량단독 - 공작물충돌,안전운전불이행,건조,맑음,교차로 - 교차로안,승용,남,21세,경상,,,,
2020040200100017,2020년 4월 2일 00시,목요일,대전광역시 서구 가수원동,경상사고,0,0,2,0,차대차 - 측면충돌,직진우회전진행방해,건조,맑음,교차로 - 교차로안,승용,남,21세,상해없음,승용,남,27세,경상
2020040200100018,2020년 4월 2일 00시,목요일,대전광역시 서구 둔산동,경상사고,0,0,1,0,차대차 - 기타,안전거리미확보,건조,맑음,교차로 - 교차로부근,승용,남,22세,상해없음,승용,남,32세,경상
2020040200100019,2020년 4월 2일 00시,목요일,대전광역시 유성구 봉명동,경상사고,0,0,1,0,차대사람 - 횡단중,보행자보호의무위반,건조,맑음,교차로 - 교차로횡단보도내,이륜,남,33세,상해없음,보행자,남,49세,경상
2020040200100114,2020년 4월 2일 08시,목요일,대전광역시 중구 유천동,경상사고,0,0,2,0,차대차 - 기타,안전운전불이행,건조,맑음,단일로 - 기타,사륜오토바이(ATV),여,48세,기타불명,승용,남,35세,경상
2020040200100115,2020년 4월 2일 08시,목요일,대전광역시 서구 갈마동,부상신고사고,0,0,0,1,차대차 - 추돌,안전운전불이행,건조,맑음,단일로 - 기타,승용,여,45세,상해없음,승용,여,47세,부상신고
2020040200100116,2020년 4월 2일 08시,목요일,대전광역시 유성구 구암동,경상사고,0,0,1,0,차대차 - 추돌,안전운전불이행,건조,맑음,단일로 - 기타,승용,남,62세,상해없음,승용,남,23세,경상
2020040200100139,2020년 4월 2일 09시,목요일,대전광역시 서구 갈마동,경상사고,0,0,2,0,차대차 - 추돌,안전운전불이행,건조,맑음,단일로 - 기타,승용,여,38세,상해없음,승용,여,38세,경상
2020040200100167,2020년 4월 2일 10시,목요일,대전광역시 대덕구 오정동,경상사고,0,0,1,0,차대차 - 기타,불법유턴,건조,맑음,교차로 - 교차로횡단보도내,자전거,남,74세,상해없음,이륜,남,38세,경상
2020040200100208,2020년 4월 2일 11시,목요일,대전광역시 서구 용문동,경상사고,0,0,1,0,차대차 - 추돌,안전운전불이행,건조,맑음,단일로 - 기타,승용,남,75세,상해없음,승용,여,38세,경상
2020040200100230,2020년 4월 2일 12시,목요일,대전광역시 동구 가오동,경상사고,0,0,1,0,차대사람 - 기타,안전운전불이행,건조,맑음,단일로 - 기타,자전거,남,39세,상해없음,보행자,여,68세,경상
2020040200100231,2020년 4월 2일 12시,목요일,대전광역시 유성구 전민동,경상사고,0,0,1,0,차대차 - 측면충돌,신호위반,건조,맑음,단일로 - 고가도로위,승용,남,57세,기타불명,승용,여,54세,경상
2020040200100263,2020년 4월 2일 13시,목요일,대전광역시 유성구 도룡동,중상사고,0,1,2,0,차대차 - 측면충돌,신호위반,건조,맑음,교차로 - 교차로안,이륜,남,26세,기타불명,승용,여,59세,경상
2020040200100372,2020년 4월 2일 16시,목요일,대전광역시 서구 월평동,중상사고,0,1,0,0,차대차 - 측면충돌,안전운전불이행,건조,맑음,단일로 - 기타,승용,남,31세,상해없음,자전거,남,85세,중상
2020040200100412,2020년 4월 2일 17시,목요일,대전광역시 동구 인동,경상사고,0,0,1,0,차대차 - 후진중충돌,안전운전불이행,건조,맑음,교차로 - 교차로안,화물,남,59세,상해없음,승용,남,55세,경상
2020040200100413,2020년 4월 2일 17시,목요일,대전광역시 서구 둔산동,경상사고,0,0,1,0,차대차 - 측면충돌,불법유턴,건조,맑음,교차로 - 교차로횡단보도내,자전거,남,67세,경상,승용,남,82세,상해없음
2020040200100414,2020년 4월 2일 17시,목요일,대전광역시 서구 월평동,경상사고,0,0,1,0,차대사람 - 길가장자리구역통행중,안전운전불이행,건조,맑음,단일로 - 기타,화물,남,35세,기타불명,보행자,여,31세,경상
2020040200100415,2020년 4월 2일 17시,목요일,대전광역시 유성구 덕명동,경상사고,0,0,2,0,차대차 - 추돌,안전운전불이행,건조,맑음,교차로 - 교차로부근,승용,남,61세,상해없음,승용,여,58세,경상
2020040200100457,2020년 4월 2일 18시,목요일,대전광역시 유성구 탑립동,경상사고,0,0,1,0,차대차 - 측면충돌,안전운전불이행,건조,맑음,교차로 - 교차로부근,이륜,남,26세,기타불명,승용,남,35세,경상
2020040200100496,2020년 4월 2일 19시,목요일,대전광역시 서구 둔산동,경상사고,0,0,1,0,차대차 - 기타,교차로운행방법위반,건조,맑음,교차로 - 교차로안,승합,남,58세,상해없음,승용,남,47세,상해없음
2020040200100497,2020년 4월 2일 19시,목요일,대전광역시 유성구 원내동,경상사고,0,0,2,0,차대차 - 추돌,안전운전불이행,건조,맑음,교차로 - 교차로부근,승용,남,71세,상해없음,승용,남,45세,경상