사고번호,사고일시,요일,시군구,사고내용,사망자수,중상자수,경상자수,부상신고자수,사고유형,법규위반,노면상태,기상상태,도로형태,가해운전자 차종,가해운전자 성별,가해운전자 연령,가해운전자 상해정도,피해운전자 차종,피해운전자 성별,피해운전자 연령,피해운전자 상해정도
2020040200100522,2020년 4월 2일 20시,목요일,대전광역시 중구 대흥동,경상사고,0,0,1,0,차대차 - 측면충돌,안전운전불이행,건조,맑음,교차로 - 교차로횡단보도내,자전거,남,22세,경상,승용,여,30세,상해없음
2020040200100523,2020년 4월 2일 20시,목요일,대전광역시 서구 복수동,중상사고,0,1,0,0,차량단독 - 기타,안전운전불이행,건조,맑음,단일로 - 기타,승합,남,53세,기타불명,,,,
2020040200100566,2020년 4월 2일 22시,목요일,대전광역시 유성구 원신흥동,중상사고,0,1,0,0,차대사람 - 횡단중,안전운전불이행,건조,맑음,교차로 - 교차로안,승용,남,25세,상해없음,보행자,남,37세,중상
2020040200100590,2020년 4월 2일 23시,목요일,대전광역시 중구 오류동,경상사고,0,0,1,0,차대차 - 기타,안전거리미확보,건조,맑음,교차로 - 교차로안,승용,남,64세,기타불명,승용,남,60세,경상
2020040300100125,2020년 4월 3일 09시,금요일,대전광역시 유성구 도룡동,중상사고,0,1,1,0,차대차 - 추돌,안전운전불이행,건조,맑음,단일로 - 기타,승합,남,35세,상해없음,승용,남,23세,경상
2020040300100158,2020년 4월 3일 10시,금요일,대전광역시 대덕구 신일동,중상사고,0,1,0,0,차대사람 - 횡단중,안전운전불이행,건조,맑음,교차로 - 교차로부근,승용,여,55세,상해없음,보행자,여,35세,중상
2020040300100159,2020년 4월 3일 10시,금요일,대전광역시 서구 월평동,경상사고,0,0,1,0,차대차 - 측면충돌,안전운전불이행,건조,맑음,교차로 - 교차로안,승용,남,32세,상해없음,자전거,남,69세,경상
2020040300100182,2020년 4월 3일 11시,금요일,대전광역시 중구 문화동,중상사고,0,1,0,0,차대차 - 기타,중앙선침범,건조,맑음,단일로 - 기타,화물,남,60세,상해없음,승용,남,73세,중상
2020040300100209,2020년 4월 3일 12시,금요일,대전광역시 중구 유천동,중상사고,0,1,1,0,차대차 - 기타,교차로운행방법위반,건조,맑음,교차로 - 교차로안,승용,남,85세,상해없음,화물,남,43세,중상
2020040300100265,2020년 4월 3일 14시,금요일,대전광역시 유성구 궁동,중상사고,0,1,0,1,차대차 - 기타,안전운전불이행,건조,맑음,기타 - 기타,승용,남,65세,상해없음,승용,남,46세,부상신고
2020040300100302,2020년 4월 3일 15시,금요일,대전광역시 서구 탄방동,경상사고,0,0,1,0,차대차 - 추돌,안전운전불이행,건조,맑음,단일로 - 기타,화물,남,72세,상해없음,승용,남,46세,경상
2020040300100386,2020년 4월 3일 17시,금요일,대전광역시 중구 문화동,중상사고,0,1,0,0,차대사람 - 횡단중,안전운전불이행,건조,맑음,교차로 - 교차로부근,승용,남,52세,상해없음,보행자,남,8세,중상
2020040300100436,2020년 4월 3일 18시,금요일,대전광역시 중구 문화동,경상사고,0,0,1,0,차대차 - 기타,교차로운행방법위반,건조,맑음,교차로 - 교차로안,승용,남,52세,상해없음,승용,남,41세,경상
2020040300100437,2020년 4월 3일 18시,금요일,대전광역시 서구 월평동,경상사고,0,0,1,0,차대사람 - 기타,안전운전불이행,건조,맑음,단일로 - 기타,승용,여,63세,상해없음,보행자,남,69세,경상
2020040300100438,2020년 4월 3일 18시,금요일,대전광역시 유성구 봉산동,경상사고,0,0,1,0,차대차 - 측면충돌,중앙선침범,건조,맑음,단일로 - 기타,이륜,남,48세,상해없음,이륜,남,26세,경상
2020040300100439,2020년 4월 3일 18시,금요일,대전광역시 유성구 지족동,경상사고,0,0,1,0,차대차 - 측면충돌,신호위반,건조,맑음,교차로 - 교차로횡단보도내,승용,남,59세,상해없음,개인형이동수단(PM),여,21세,경상
2020040300100485,2020년 4월 3일 19시,금요일,대전광역시 중구 태평동,중상사고,0,1,2,0,차대차 - 측면충돌,안전운전불이행,건조,맑음,교차로 - 교차로안,승용,남,70세,경상,화물,남,63세,중상
2020040300100486,2020년 4월 3일 19시,금요일,대전광역시 서구 탄방동,경상사고,0,0,2,0,차대차 - 추돌,안전운전불이행,건조,맑음,단일로 - 기타,승용,남,45세,상해없음,승용,남,58세,경상
2020040300100516,2020년 4월 3일 20시,금요일,대전광역시 동구 용운동,경상사고,0,0,1,0,차대차 - 추돌,안전운전불이행,건조,맑음,단일로 - 기타,이륜,남,59세,상해없음,승용,여,50세,경상
2020040300100517,2020년 4월 3일 20시,금요일,대전광역시 대덕구 석봉동,경상사고,0,0,1,0,차대차 - 기타,안전거리미확보,건조,맑음,단일로 - 기타,승합,남,58세,기타불명,승용,여,33세,경상
2020040300100548,2020년 4월 3일 21시,금요일,대전광역시 동구 용전동,경상사고,0,0,3,0,차대차 - 추돌,안전운전불이행,건조,맑음,교차로 - 교차로부근,승용,남,41세,상해없음,승용,남,37세,경상
2020040300100549,2020년 4월 3일 21시,금요일,대전광역시 서구 가수원동,중상사고,0,1,0,0,차대차 - 정면충돌,중앙선침범,건조,맑음,교차로 - 교차로부근,승용,여,58세,상해없음,이륜,남,21세,중상
2020040300100550,2020년 4월 3일 21시,금요일,대전광역시 서구 월평동,중상사고,0,1,0,0,차대차 - 측면충돌,안전운전불이행,건조,맑음,단일로 - 기타,승용,남,46세,상해없음,이륜,남,51세,중상
2020040300100551,2020년 4월 3일 21시,금요일,대전광역시 유성구 탑립동,경상사고,0,0,1,0,차대차 - 측면충돌,신호위반,건조,맑음,교차로 - 교차로안,승용,여,49세,상해없음,승용,남,27세,경상
2020040300100552,2020년 4월 3일 21시,금요일,대전광역시 유성구 봉명동,중상사고,0,1,0,0,차대사람 - 횡단중,안전운전불이행,건조,맑음,기타 - 기타,기타불명,기타불명,미분류,기타불명,보행자,남,54세,중상
2020040300100570,2020년 4월 3일 22시,금요일,대전광역시 중구 목동,중상사고,0,2,0,0,차대차 - 추돌,안전운전불이행,건조,맑음,교차로 - 교차로부근,승용,남,46세,상해없음,승용,남,29세,중상
2020040300100601,2020년 4월 3일 23시,금요일,대전광역시 서구 변동,경상사고,0,0,1,0,차대차 - 측면충돌,안전운전불이행,건조,맑음,단일로 - 기타,승용,남,47세,상해없음,승용,남,65세,경상
2020040400100027,2020년 4월 4일 01시,토요일,대전광역시 서구 둔산동,경상사고,0,0,1,0,차대사람 - 길가장자리구역통행중,안전운전불이행,건조,맑음,교차로 - 교차로안,승용,남,20세,상해없음,보행자,남,28세,경상
2020040400100028,2020년 4월 4일 01시,토요일,대전광역시 서구 갈마동,경상사고,0,0,1,0,차대차 - 측면충돌,중앙선침범,건조,맑음,단일로 - 기타,이륜,남,36세,상해없음,이륜,남,33세,경상
2020040400100038,2020년 4월 4일 02시,토요일,대전광역시 중구 선화동,중상사고,0,3,3,0,차대차 - 기타,신호위반,건조,맑음,교차로 - 교차로안,승용,남,22세,경상,승용,남,65세,중상
2020040400100047,2020년 4월 4일 03시,토요일,대전광역시 동구 자양동,경상사고,0,0,2,0,차대차 - 측면충돌,신호위반,건조,맑음,교차로 - 교차로안,승용,남,18세,상해없음,승용,여,48세,경상
2020040400100048,2020년 4월 4일 03시,토요일,대전광역시 서구 월평동,부상신고사고,0,0,0,1,차대차 - 추돌,안전운전불이행,건조,맑음,교차로 - 교차로부근,기타불명,기타불명,미분류,기타불명,승합,남,35세,부상신고
2020040400100092,2020년 4월 4일 07시,토요일,대전광역시 서구 가장동,경상사고,0,0,1,0,차대차 - 추돌,안전운전불이행,건조,맑음,교차로 - 교차로부근,승용,남,68세,상해없음,승용,여,47세,경상
2020040400100126,2020년 4월 4일 09시,토요일,대전광역시 대덕구 덕암동,중상사고,0,1,0,0,차대사람 - 기타,기타,건조,맑음,기타 - 기타,승용,남,59세,상해없음,보행자,여,62세,중상
2020040400100200,2020년 4월 4일 11시,토요일,대전광역시 대덕구 덕암동,경상사고,0,0,1,0,차대차 - 기타,안전운전불이행,건조,맑음,교차로 - 교차로안,특수,남,49세,상해없음,원동기,남,50세,경상
2020040400100265,2020년 4월 4일 13시,토요일,대전광역시 서구 만년동,경상사고,0,0,1,0,차대차 - 기타,안전운전불이행,건조,맑음,단일로 - 기타,승용,남,42세,상해없음,승용,여,49세,경상
2020040400100300,2020년 4월 4일 14시,토요일,대전광역시 동구 대동,경상사고,0,0,2,0,차대차 - 측면충돌,신호위반,건조,맑음,교차로 - 교차로부근,승용,여,31세,상해없음,승용,남,23세,경상
2020040400100301,2020년 4월 4일 14시,토요일,대전광역시 서구 도마동,중상사고,0,1,0,0,차대차 - 측면충돌,신호위반,건조,맑음,교차로 - 교차로안,승용,남,63세,상해없음,이륜,남,48세,중상
2020040400100347,2020년 4월 4일 15시,토요일,대전광역시 유성구 원내동,부상신고사고,0,0,0,1,차대차 - 측면충돌,교차로운행방법위반,건조,맑음,교차로 - 교차로안,승용,여,58세,상해없음,승용,여,43세,부상신고
2020040400100385,2020년 4월 4일 16시,토요일,대전광역시 중구 유천동,부상신고사고,0,0,0,1,차대사람 - 기타,안전운전불이행,건조,맑음,단일로 - 기타,승용,남,57세,상해없음,보행자,남,28세,부상신고
2020040400100386,2020년 4월 4일 16시,토요일,대전광역시 유성구 대정동,경상사고,0,0,1,0,차대차 - 측면충돌,신호위반,건조,맑음,단일로 - 기타,승용,남,37세,상해없음,자전거,남,21세,경상
2020040400100387,2020년 4월 4일 16시,토요일,대전광역시 유성구 어은동,중상사고,0,1,0,0,차대차 - 측면충돌,안전운전불이행,건조,맑음,단일로 - 기타,승합,남,54세,상해없음,자전거,남,71세,중상
2020040400100388,2020년 4월 4일 16시,토요일,대전광역시 유성구 도룡동,경상사고,0,0,5,0,차대차 - 기타,신호위반,건조,맑음,단일로 - 기타,기타불명,기타불명,미분류,기타불명,승용,여,38세,경상
2020040400100389,2020년 4월 4일 16시,토요일,대전광역시 유성구 구암동,경상사고,0,0,1,0,차대차 - 측면충돌,안전거리미확보,건조,맑음,교차로 - 교차로부근,승용,남,49세,상해없음,승용,여,73세,경상
2020040400100464,2020년 4월 4일 18시,토요일,대전광역시 동구 자양동,경상사고,0,0,3,0,차대차 - 기타,교차로운행방법위반,건조,맑음,교차로 - 교차로안,이륜,남,40세,경상,승용,남,23세,경상
2020040400100465,2020년 4월 4일 18시,토요일,대전광역시 서구 월평동,경상사고,0,0,1,0,차대사람 - 기타,안전운전불이행,건조,맑음,교차로 - 교차로안,이륜,남,56세,상해없음,보행자,남,47세,경상
2020040400100500,2020년 4월 4일 19시,토요일,대전광역시 서구 괴정동,중상사고,0,1,0,0,차대사람 - 횡단중,안전운전불이행,건조,맑음,단일로 - 기타,이륜,남,31세,상해없음,보행자,여,47세,중상
2020040400100501,2020년 4월 4일 19시,토요일,대전광역시 서구 가수원동,경상사고,0,0,1,0,차대차 - 기타,신호위반,건조,맑음,교차로 - 교차로안,승용,남,37세,상해없음,승합,남,41세,경상
2020040400100502,2020년 4월 4일 19시,토요일,대전광역시 유성구 송강동,경상사고,0,0,1,0,차대차 - 측면충돌,안전운전불이행,건조,맑음,교차로 - 교차로안,승용,남,27세,상해없음,승용,남,35세,경상
2020040400100549,2020년 4월 4일 21시,토요일,대전광역시 서구 갈마동,경상사고,0,0,1,0,차대차 - 기타,안전운전불이행,건조,맑음,교차로 - 교차로안,승용,여,47세,상해없음,승용,여,25세,경상
2020040400100577,2020년 4월 4일 22시,토요일,대전광역시 서구 갈마동,경상사고,0,0,1,0,차대차 - 측면충돌,안전운전불이행,건조,맑음,교차로 - 교차로안,승용,남,52세,상해없음,이륜,남,30세,경상
2020040400100601,2020년 4월 4일 23시,토요일,대전광역시 중구 문창동,경상사고,0,0,2,0,차대차 - 기타,교차로운행방법위반,건조,맑음,교차로 - 교차로안,승용,남,59세,상해없음,승용,남,49세,경상
2020040400100602,2020년 4월 4일 23시,토요일,대전광역시 서구 둔산동,경상사고,0,0,5,0,차대차 - 기타,신호위반,건조,맑음,교차로 - 교차로안,승용,남,38세,상해없음,승용,남,29세,경상
2020040500100032,2020년 4월 5일 01시,일요일,대전광역시 서구 월평동,경상사고,0,0,1,0,차대차 - 측면충돌,안전운전불이행,건조,맑음,교차로 - 교차로안,승용,남,31세,상해없음,승용,남,56세,경상
2020040500100043,2020년 4월 5일 02시,일요일,대전광역시 서구 가장동,중상사고,0,1,1,0,차대차 - 기타,신호위반,건조,맑음,교차로 - 교차로안,승용,남,25세,기타불명,승용,남,64세,경상
2020040500100078,2020년 4월 5일 07시,일요일,대전광역시 대덕구 오정동,경상사고,0,0,1,0,차대차 - 기타,교차로운행방법위반,건조,맑음,교차로 - 교차로부근,승용,남,23세,상해없음,이륜,남,49세,경상
2020040500100079,2020년 4월 5일 07시,일요일,대전광역시 유성구 상대동,경상사고,0,0,2,0,차대차 - 기타,신호위반,건조,맑음,교차로 - 교차로부근,승합,남,42세,상해없음,화물,여,59세,경상
2020040500100119,2020년 4월 5일 10시,일요일,대전광역시 동구 대성동,경상사고,0,0,1,0,차대차 - 기타,안전운전불이행,건조,맑음,기타 - 기타,승용,남,58세,상해없음,자전거,여,66세,경상
2020040500100148,2020년 4월 5일 11시,일요일,대전광역시 서구 갈마동,경상사고,0,0,1,0,차대차 - 기타,안전운전불이행,건조,맑음,단일로 - 기타,승용,남,64세,상해없음,이륜,남,47세,경상
2020040500100233,2020년 4월 5일 14시,일요일,대전광역시 서구 갈마동,중상사고,0,1,0,0,차대사람 - 기타,안전운전불이행,건조,맑음,교차로 - 교차로안,화물,남,54세,상해없음,보행자,여,82세,중상
2020040500100292,2020년 4월 5일 16시,일요일,대전광역시 유성구 봉명동,부상신고사고,0,0,0,1,차대사람 - 기타,안전운전불이행,건조,맑음,단일로 - 기타,자전거,남,7세,상해없음,보행자,여,53세,부상신고
2020040500100334,2020년 4월 5일 18시,일요일,대전광역시 중구 오류동,경상사고,0,0,2,0,차대차 - 측면충돌,안전운전불이행,건조,맑음,교차로 - 교차로안,승용,남,60세,상해없음,화물,남,49세,경상
2020040500100335,2020년 4월 5일 18시,일요일,대전광역시 유성구 봉명동,경상사고,0,0,1,0,차대차 - 측면충돌,안전거리미확보,건조,맑음,단일로 - 기타,승용,남,18세,상해없음,승합,남,59세,상해없음
2020040500100356,2020년 4월 5일 19시,일요일,대전광역시 중구 태평동,경상사고,0,0,1,0,차대차 - 후진중충돌,안전운전불이행,건조,맑음,기타 - 기타,승용,여,52세,상해없음,승용,남,30세,경상
2020040500100357,2020년 4월 5일 19시,일요일,대전광역시 동구 삼성동,경상사고,0,0,2,0,차대차 - 추돌,안전운전불이행,건조,맑음,단일로 - 기타,승용,남,71세,상해없음,승용,여,62세,경상
2020040500100358,2020년 4월 5일 19시,일요일,대전광역시 서구 월평동,경상사고,0,0,2,0,차대차 - 기타,불법유턴,건조,맑음,기타 - 기타,승용,남,51세,상해없음,이륜,남,23세,경상
2020040600100016,2020년 4월 6일 01시,월요일,대전광역시 중구 문화동,경상사고,0,0,1,0,차량단독 - 공작물충돌,안전운전불이행,건조,맑음,단일로 - 기타,승용,여,39세,상해없음,,,,
2020040600100139,2020년 4월 6일 09시,월요일,대전광역시 서구 월평동,경상사고,0,0,1,0,차대차 - 측면충돌,안전운전불이행,건조,맑음,기타 - 기타,화물,남,39세,상해없음,승용,남,22세,경상
2020040600100197,2020년 4월 6일 11시,월요일,대전광역시 유성구 지족동,경상사고,0,0,1,0,차대사람 - 기타,안전운전불이행,건조,맑음,교차로 - 교차로횡단보도내,승용,남,65세,기타불명,보행자,여,14세,경상
2020040600100235,2020년 4월 6일 12시,월요일,대전광역시 중구 태평동,경상사고,0,0,1,0,차대차 - 추돌,안전운전불이행,건조,맑음,교차로 - 교차로안,승용,남,54세,상해없음,화물,남,59세,상해없음
2020040600100236,2020년 4월 6일 12시,월요일,대전광역시 동구 가양동,경상사고,0,0,1,0,차대사람 - 기타,안전운전불이행,건조,맑음,교차로 - 교차로안,자전거,남,9세,상해없음,보행자,남,63세,경상
2020040600100310,2020년 4월 6일 14시,월요일,대전광역시 중구 태평동,경상사고,0,0,2,0,차대차 - 측면충돌,안전거리미확보,건조,맑음,단일로 - 기타,승용,남,56세,상해없음,승용,남,37세,상해없음
2020040600100342,2020년 4월 6일 15시,월요일,대전광역시 중구 선화동,경상사고,0,0,2,0,차대차 - 기타,안전거리미확보,건조,맑음,단일로 - 기타,이륜,남,53세,상해없음,승용,남,57세,경상
2020040600100343,2020년 4월 6일 15시,월요일,대전광역시 서구 오동,중상사고,0,2,1,0,차대차 - 기타,안전운전불이행,건조,맑음,교차로 - 교차로안,승용,남,79세,상해없음,승용,남,74세,중상
2020040600100344,2020년 4월 6일 15시,월요일,대전광역시 유성구 봉명동,경상사고,0,0,2,0,차대차 - 기타,안전운전불이행,건조,맑음,단일로 - 기타,승용,여,51세,상해없음,승용,여,63세,경상
2020040600100383,2020년 4월 6일 16시,월요일,대전광역시 중구 태평동,사망사고,1,0,0,0,차대사람 - 횡단중,안전운전불이행,건조,맑음,단일로 - 기타,이륜,남,64세,상해없음,보행자,여,83세,사망
2020040600100416,2020년 4월 6일 17시,월요일,대전광역시 유성구 원내동,경상사고,0,0,1,0,차대차 - 추돌,안전운전불이행,건조,맑음,교차로 - 교차로안,승용,남,19세,상해없음,승용,남,45세,경상
2020040600100450,2020년 4월 6일 18시,월요일,대전광역시 동구 용운동,경상사고,0,0,1,0,차대차 - 측면충돌,안전운전불이행,건조,맑음,교차로 - 교차로안,승용,남,40세,상해없음,이륜,남,22세,경상
2020040600100556,2020년 4월 6일 23시,월요일,대전광역시 중구 유천동,경상사고,0,0,1,0,차대차 - 기타,안전운전불이행,건조,맑음,단일로 - 기타,화물,남,32세,상해없음,승용,남,21세,경상
2020040700100036,2020년 4월 7일 05시,화요일,대전광역시 유성구 봉명동,경상사고,0,0,1,0,차대차 - 기타,신호위반,건조,맑음,교차로 - 교차로안,이륜,남,59세,상해없음,승용,남,69세,경상
2020040700100055,2020년 4월 7일 07시,화요일,대전광역시 대덕구 덕암동,중상사고,0,1,1,0,차대차 - 측면충돌,안전운전불이행,건조,맑음,단일로 - 기타,승용,남,39세,상해없음,승합,남,26세,경상
2020040700100094,2020년 4월 7일 08시,화요일,대전광역시 중구 부사동,중상사고,0,1,0,0,차대사람 - 횡단중,신호위반,건조,맑음,교차로 - 교차로안,승합,남,63세,상해없음,보행자,여,50세,중상
2020040700100095,2020년 4월 7일 08시,화요일,대전광역시 서구 둔산동,경상사고,0,0,1,0,차대차 - 기타,안전운전불이행,건조,맑음,단일로 - 기타,승용,남,63세,기타불명,자전거,남,36세,경상
2020040700100096,2020년 4월 7일 08시,화요일,대전광역시 서구 둔산동,경상사고,0,0,1,0,차대차 - 기타,안전운전불이행,건조,맑음,교차로 - 교차로안,승용,남,52세,상해없음,기타불명,여,61세,경상
2020040700100097,2020년 4월 7일 08시,화요일,대전광역시 서구 둔산동,경상사고,0,0,1,0,차대차 - 추돌,안전거리미확보,건조,맑음,교차로 - 교차로부근,승용,남,31세,상해없음,승용,남,40세,경상
2020040700100098,2020년 4월 7일 08시,화요일,대전광역시 유성구 가정동,중상사고,0,1,0,0,차대차 - 측면충돌,안전운전불이행,건조,맑음,단일로 - 기타,화물,남,50세,상해없음,승합,남,62세,상해없음
2020040700100126,2020년 4월 7일 09시,화요일,대전광역시 유성구 구암동,경상사고,0,0,1,0,차대차 - 기타,안전운전불이행,건조,맑음,단일로 - 기타,화물,남,46세,상해없음,승용,남,40세,경상
2020040700100155,2020년 4월 7일 10시,화요일,대전광역시 서구 도마동,경상사고,0,0,1,0,차대사람 - 횡단중,신호위반,건조,맑음,교차로 - 교차로안,이륜,남,78세,상해없음,보행자,여,69세,경상
2020040700100156,2020년 4월 7일 10시,화요일,대전광역시 대덕구 송촌동,부상신고사고,0,0,0,1,차대차 - 기타,안전운전불이행,건조,맑음,교차로 - 교차로안,승용,여,25세,상해없음,승합,남,46세,부상신고
2020040700100253,2020년 4월 7일 13시,화요일,대전광역시 동구 자양동,중상사고,0,1,0,0,차대사람 - 기타,안전운전불이행,건조,맑음,단일로 - 기타,승용,남,57세,상해없음,보행자,남,37세,중상
2020040700100310,2020년 4월 7일 15시,화요일,대전광역시 서구 도마동,경상사고,0,0,1,0,차대사람 - 기타,안전운전불이행,건조,맑음,교차로 - 교차로부근,승용,남,64세,상해없음,보행자,여,18세,경상
2020040700100340,2020년 4월 7일 16시,화요일,대전광역시 동구 정동,경상사고,0,0,1,0,차대사람 - 기타,안전운전불이행,건조,맑음,단일로 - 기타,승용,남,62세,상해없음,보행자,남,53세,경상
2020040700100422,2020년 4월 7일 18시,화요일,대전광역시 중구 대사동,경상사고,0,0,1,0,차대차 - 측면충돌,교차로운행방법위반,건조,맑음,교차로 - 교차로안,승용,여,48세,상해없음,승용,남,27세,경상
2020040700100423,2020년 4월 7일 18시,화요일,대전광역시 동구 낭월동,중상사고,0,1,0,0,차대사람 - 횡단중,안전운전불이행,건조,맑음,교차로 - 교차로횡단보도내,화물,남,68세,상해없음,보행자,여,82세,중상
2020040700100424,2020년 4월 7일 18시,화요일,대전광역시 대덕구 중리동,경상사고,0,0,1,0,차대차 - 추돌,안전운전불이행,건조,맑음,기타 - 기타,승용,남,52세,상해없음,승용,여,28세,경상
2020040700100425,2020년 4월 7일 18시,화요일,대전광역시 서구 둔산동,경상사고,0,0,1,0,차대차 - 측면충돌,중앙선침범,건조,맑음,단일로 - 기타,이륜,여,53세,경상,승용,남,30세,상해없음
2020040700100460,2020년 4월 7일 19시,화요일,대전광역시 중구 대흥동,경상사고,0,0,1,0,차대차 - 추돌,안전운전불이행,건조,맑음,교차로 - 교차로부근,승용,남,42세,상해없음,승용,여,50세,경상
2020040700100461,2020년 4월 7일 19시,화요일,대전광역시 중구 오류동,중상사고,0,1,0,0,차대사람 - 횡단중,안전운전불이행,건조,맑음,교차로 - 교차로안,화물,남,52세,상해없음,보행자,여,70세,중상
2020040700100462,2020년 4월 7일 19시,화요일,대전광역시 유성구 화암동,경상사고,0,0,1,0,차대차 - 측면충돌,안전운전불이행,건조,맑음,단일로 - 기타,승용,남,40세,상해없음,자전거,남,58세,경상
2020040700100489,2020년 4월 7일 20시,화요일,대전광역시 중구 유천동,경상사고,0,0,1,0,차대차 - 추돌,안전거리미확보,건조,맑음,단일로 - 기타,승용,남,49세,상해없음,승용,남,47세,경상
2020040700100515,2020년 4월 7일 21시,화요일,대전광역시 중구 유천동,경상사고,0,0,4,0,차대차 - 측면충돌,신호위반,건조,맑음,교차로 - 교차로부근,이륜,남,43세,기타불명,승용,남,46세,경상
2020040700100531,2020년 4월 7일 22시,화요일,대전광역시 서구 변동,경상사고,0,0,1,0,차대사람 - 기타,안전운전불이행,건조,맑음,단일로 - 기타,승용,여,35세,상해없음,보행자,남,4세,경상
2020040800100021,2020년 4월 8일 01시,수요일,대전광역시 동구 가양동,사망사고,1,0,0,0,차량단독 - 기타,안전운전불이행,건조,맑음,교차로 - 교차로부근,화물,남,65세,상해없음,,,,
2020040800100049,2020년 4월 8일 05시,수요일,대전광역시 서구 월평동,경상사고,0,0,1,0,차대차 - 기타,안전운전불이행,건조,맑음,교차로 - 교차로부근,승용,남,26세,상해없음,승용,남,47세,경상
2020040800100065,2020년 4월 8일 06시,수요일,대전광역시 서구 가수원동,사망사고,1,0,0,0,차대차 - 측면충돌,안전거리미확보,건조,맑음,단일로 - 기타,자전거,남,62세,사망,승합,남,43세,상해없음
2020040800100123,2020년 4월 8일 08시,수요일,대전광역시 대덕구 목상동,중상사고,0,1,0,0,차대차 - 기타,안전거리미확보,건조,맑음,단일로 - 기타,특수,남,64세,상해없음,승용,여,32세,중상
2020040800100146,2020년 4월 8일 09시,수요일,대전광역시 중구 문화동,경상사고,0,0,3,0,차대차 - 추돌,교차로운행방법위반,건조,맑음,교차로 - 교차로안,승용,남,54세,경상,승용,남,60세,경상
2020040800100240,2020년 4월 8일 12시,수요일,대전광역시 동구 가양동,경상사고,0,0,4,0,차대차 - 측면충돌,직진우회전진행방해,건조,맑음,교차로 - 교차로안,승용,남,35세,기타불명,승용,여,58세,경상
2020040800100267,2020년 4월 8일 13시,수요일,대전광역시 유성구 구암동,중상사고,0,1,0,0,차대차 - 측면충돌,교차로운행방법위반,건조,맑음,교차로 - 교차로안,승용,남,61세,상해없음,승용,남,33세,중상
2020040800100296,2020년 4월 8일 14시,수요일,대전광역시 대덕구 중리동,경상사고,0,0,1,0,차대사람 - 횡단중,보행자보호의무위반,건조,맑음,교차로 - 교차로안,승용,남,62세,기타불명,보행자,남,64세,경상
2020040800100362,2020년 4월 8일 16시,수요일,대전광역시 중구 오류동,경상사고,0,0,1,0,차대사람 - 기타,안전운전불이행,건조,맑음,교차로 - 교차로안,승용,여,34세,상해없음,보행자,남,52세,경상
2020040800100413,2020년 4월 8일 17시,수요일,대전광역시 서구 탄방동,중상사고,0,1,0,0,차대차 - 기타,안전운전불이행,건조,맑음,교차로 - 교차로안,승용,여,35세,상해없음,이륜,남,46세,중상
2020040800100446,2020년 4월 8일 18시,수요일,대전광역시 서구 내동,경상사고,0,0,2,0,차대차 - 추돌,안전운전불이행,건조,맑음,교차로 - 교차로부근,승용,여,49세,상해없음,승용,여,50세,경상
2020040800100447,2020년 4월 8일 18시,수요일,대전광역시 유성구 죽동,경상사고,0,0,2,0,차대차 - 기타,안전운전불이행,건조,맑음,교차로 - 교차로횡단보도내,승용,여,28세,상해없음,원동기,여,24세,경상
2020040800100504,2020년 4월 8일 20시,수요일,대전광역시 중구 중촌동,경상사고,0,0,1,0,차대차 - 추돌,안전운전불이행,건조,맑음,단일로 - 기타,승용,남,51세,상해없음,화물,남,48세,상해없음
2020040800100505,2020년 4월 8일 20시,수요일,대전광역시 서구 둔산동,경상사고,0,0,1,0,차대차 - 측면충돌,안전운전불이행,건조,맑음,단일로 - 기타,승용,남,62세,상해없음,이륜,남,37세,경상
2020040800100506,2020년 4월 8일 20시,수요일,대전광역시 유성구 노은동,중상사고,0,2,1,0,차대차 - 추돌,신호위반,건조,맑음,교차로 - 교차로안,승용,여,23세,중상,이륜,남,38세,경상
2020040900100017,2020년 4월 9일 01시,목요일,대전광역시 동구 용전동,경상사고,0,0,1,0,차대사람 - 횡단중,안전운전불이행,건조,맑음,교차로 - 교차로횡단보도내,승용,남,54세,상해없음,보행자,남,33세,경상
2020040900100018,2020년 4월 9일 01시,목요일,대전광역시 서구 도마동,경상사고,0,0,1,0,차대차 - 측면충돌,안전운전불이행,건조,맑음,단일로 - 기타,승용,남,26세,상해없음,승용,남,32세,기타불명
2020040900100070,2020년 4월 9일 07시,목요일,대전광역시 대덕구 오정동,경상사고,0,0,1,0,차대차 - 측면충돌,신호위반,건조,맑음,교차로 - 교차로안,화물,남,57세,상해없음,화물,남,68세,경상
2020040900100110,2020년 4월 9일 08시,목요일,대전광역시 서구 탄방동,경상사고,0,0,3,0,차대차 - 기타,안전거리미확보,건조,맑음,단일로 - 기타,승용,남,21세,경상,승용,여,59세,경상
2020040900100168,2020년 4월 9일 10시,목요일,대전광역시 동구 용전동,경상사고,0,0,1,0,차대차 - 측면충돌,안전운전불이행,건조,맑음,단일로 - 기타,화물,남,58세,상해없음,화물,남,65세,경상
2020040900100195,2020년 4월 9일 11시,목요일,대전광역시 중구 산성동,경상사고,0,0,2,0,차대차 - 측면충돌,중앙선침범,건조,맑음,단일로 - 기타,이륜,남,52세,상해없음,승용,남,64세,상해없음
2020040900100196,2020년 4월 9일 11시,목요일,대전광역시 중구 용두동,경상사고,0,0,1,0,차대차 - 추돌,안전운전불이행,건조,맑음,교차로 - 교차로부근,승용,남,62세,상해없음,승용,남,58세,상해없음
2020040900100232,2020년 4월 9일 12시,목요일,대전광역시 중구 은행동,경상사고,0,0,6,0,차대차 - 측면충돌,신호위반,건조,맑음,교차로 - 교차로안,승용,여,60세,상해없음,승용,남,52세,경상