사고번호,사고일시,요일,시군구,사고내용,사망자수,중상자수,경상자수,부상신고자수,사고유형,법규위반,노면상태,기상상태,도로형태,가해운전자 차종,가해운전자 성별,가해운전자 연령,가해운전자 상해정도,피해운전자 차종,피해운전자 성별,피해운전자 연령,피해운전자 상해정도
2020040900100233,2020년 4월 9일 12시,목요일,대전광역시 중구 안영동,경상사고,0,0,1,0,차대차 - 기타,안전운전불이행,건조,맑음,교차로 - 교차로안,승용,여,46세,상해없음,승용,남,58세,경상
2020040900100234,2020년 4월 9일 12시,목요일,대전광역시 동구 천동,경상사고,0,0,1,0,차대차 - 추돌,안전운전불이행,건조,맑음,단일로 - 기타,이륜,남,27세,경상,화물,남,61세,상해없음
2020040900100235,2020년 4월 9일 12시,목요일,대전광역시 대덕구 문평동,중상사고,0,1,0,0,차대차 - 측면충돌,신호위반,건조,맑음,교차로 - 교차로안,승용,남,60세,기타불명,승용,남,38세,중상
2020040900100298,2020년 4월 9일 14시,목요일,대전광역시 동구 가양동,중상사고,0,1,1,0,차대차 - 측면충돌,안전거리미확보,건조,맑음,단일로 - 기타,이륜,남,25세,중상,화물,남,33세,경상
2020040900100299,2020년 4월 9일 14시,목요일,대전광역시 서구 둔산동,경상사고,0,0,1,0,차대차 - 측면충돌,신호위반,건조,맑음,교차로 - 교차로안,승용,여,50세,상해없음,승용,여,45세,경상
2020040900100346,2020년 4월 9일 15시,목요일,대전광역시 중구 용두동,경상사고,0,0,2,0,차대차 - 추돌,안전운전불이행,건조,맑음,교차로 - 교차로부근,승용,남,48세,상해없음,승용,여,52세,경상
2020040900100347,2020년 4월 9일 15시,목요일,대전광역시 서구 도마동,중상사고,0,1,0,0,차대차 - 기타,안전운전불이행,건조,맑음,단일로 - 기타,이륜,남,63세,상해없음,자전거,남,73세,중상
2020040900100348,2020년 4월 9일 15시,목요일,대전광역시 유성구 봉산동,중상사고,0,1,1,0,차대차 - 기타,안전운전불이행,건조,맑음,단일로 - 기타,자전거,남,64세,경상,자전거,남,59세,중상
2020040900100385,2020년 4월 9일 16시,목요일,대전광역시 대덕구 비래동,경상사고,0,0,1,0,차대차 - 측면충돌,중앙선침범,건조,맑음,단일로 - 기타,승용,남,55세,상해없음,승용,남,49세,경상
2020040900100386,2020년 4월 9일 16시,목요일,대전광역시 유성구 궁동,경상사고,0,0,2,0,차대차 - 측면충돌,안전운전불이행,건조,맑음,교차로 - 교차로부근,개인형이동수단(PM),남,24세,경상,이륜,남,53세,경상
2020040900100465,2020년 4월 9일 18시,목요일,대전광역시 대덕구 송촌동,경상사고,0,0,1,0,차대차 - 기타,안전거리미확보,건조,맑음,교차로 - 교차로부근,승용,여,39세,상해없음,이륜,남,32세,경상
2020040900100466,2020년 4월 9일 18시,목요일,대전광역시 대덕구 송촌동,경상사고,0,0,1,0,차대사람 - 기타,기타,건조,맑음,단일로 - 기타,승용,여,23세,상해없음,보행자,여,53세,경상
2020040900100529,2020년 4월 9일 20시,목요일,대전광역시 서구 갈마동,중상사고,0,1,0,0,차대차 - 기타,안전운전불이행,건조,맑음,주차장 - 주차장,승용,여,51세,상해없음,승용,여,25세,중상
2020041000100013,2020년 4월 10일 00시,금요일,대전광역시 서구 용문동,경상사고,0,0,1,0,차대차 - 정면충돌,신호위반,건조,맑음,교차로 - 교차로안,승용,남,27세,상해없음,승용,남,50세,경상
2020041000100014,2020년 4월 10일 00시,금요일,대전광역시 유성구 도룡동,중상사고,0,2,0,0,차대차 - 추돌,안전운전불이행,건조,맑음,교차로 - 교차로부근,승용,여,32세,상해없음,승용,여,33세,중상
2020041000100027,2020년 4월 10일 02시,금요일,대전광역시 대덕구 목상동,경상사고,0,0,1,0,차대차 - 추돌,안전운전불이행,건조,맑음,단일로 - 기타,화물,남,50세,상해없음,특수,남,66세,경상
2020041000100052,2020년 4월 10일 05시,금요일,대전광역시 중구 태평동,경상사고,0,0,2,0,차대차 - 기타,신호위반,건조,맑음,교차로 - 교차로안,화물,남,70세,상해없음,승용,남,36세,경상
2020041000100115,2020년 4월 10일 08시,금요일,대전광역시 중구 유천동,부상신고사고,0,0,0,1,차대차 - 후진중충돌,안전운전불이행,건조,맑음,교차로 - 교차로안,승용,여,50세,상해없음,승용,남,65세,상해없음
2020041000100116,2020년 4월 10일 08시,금요일,대전광역시 동구 원동,경상사고,0,0,1,0,차대차 - 정면충돌,신호위반,건조,맑음,교차로 - 교차로안,승합,여,60세,상해없음,이륜,여,55세,경상
2020041000100117,2020년 4월 10일 08시,금요일,대전광역시 동구 천동,경상사고,0,0,1,0,차대차 - 추돌,안전운전불이행,건조,맑음,교차로 - 교차로부근,승합,남,43세,상해없음,승용,여,53세,경상
2020041000100119,2020년 4월 10일 08시,금요일,대전광역시 유성구 방동,경상사고,0,0,1,0,차대차 - 기타,안전운전불이행,건조,맑음,단일로 - 기타,승용,남,27세,상해없음,승용,남,59세,경상
2020041000100136,2020년 4월 10일 09시,금요일,대전광역시 중구 유천동,중상사고,0,1,0,0,차대사람 - 기타,안전운전불이행,건조,맑음,교차로 - 교차로부근,승합,남,68세,기타불명,보행자,여,66세,중상
2020041000100162,2020년 4월 10일 10시,금요일,대전광역시 서구 도마동,중상사고,0,1,0,0,차대사람 - 횡단중,신호위반,건조,맑음,교차로 - 교차로횡단보도내,기타불명,기타불명,미분류,기타불명,보행자,여,80세,중상
2020041000100164,2020년 4월 10일 10시,금요일,대전광역시 유성구 반석동,경상사고,0,0,1,0,차대차 - 기타,교차로운행방법위반,건조,맑음,교차로 - 교차로안,승용,여,62세,기타불명,승용,남,64세,경상
2020041000100197,2020년 4월 10일 11시,금요일,대전광역시 중구 유천동,경상사고,0,0,1,0,차대차 - 기타,안전운전불이행,건조,맑음,단일로 - 기타,화물,남,75세,상해없음,자전거,여,59세,경상
2020041000100198,2020년 4월 10일 11시,금요일,대전광역시 동구 용전동,경상사고,0,0,1,0,차대차 - 추돌,안전운전불이행,건조,맑음,단일로 - 기타,화물,남,31세,상해없음,승용,남,33세,경상
2020041000100199,2020년 4월 10일 11시,금요일,대전광역시 유성구 원신흥동,중상사고,0,1,0,0,차대사람 - 횡단중,안전운전불이행,건조,맑음,단일로 - 기타,승용,여,41세,상해없음,보행자,여,75세,중상
2020041000100238,2020년 4월 10일 12시,금요일,대전광역시 대덕구 오정동,경상사고,0,0,3,0,차대차 - 기타,안전운전불이행,건조,맑음,단일로 - 기타,승용,여,53세,상해없음,승용,남,23세,경상
2020041000100239,2020년 4월 10일 12시,금요일,대전광역시 유성구 관평동,경상사고,0,0,1,0,차대차 - 기타,안전운전불이행,건조,맑음,단일로 - 기타,승용,여,41세,기타불명,자전거,여,27세,경상
2020041000100306,2020년 4월 10일 14시,금요일,대전광역시 중구 오류동,경상사고,0,0,1,0,차대사람 - 기타,안전운전불이행,건조,맑음,단일로 - 기타,화물,남,46세,상해없음,보행자,여,73세,경상
2020041000100307,2020년 4월 10일 14시,금요일,대전광역시 유성구 송강동,중상사고,0,1,0,0,차대차 - 기타,신호위반,건조,맑음,교차로 - 교차로안,승용,남,61세,상해없음,승용,여,57세,중상
2020041000100347,2020년 4월 10일 15시,금요일,대전광역시 서구 괴정동,경상사고,0,0,1,0,차대차 - 측면충돌,신호위반,건조,맑음,단일로 - 지하차도(도로)내,승용,남,22세,기타불명,승용,남,59세,경상
2020041000100405,2020년 4월 10일 17시,금요일,대전광역시 서구 가수원동,경상사고,0,0,2,0,차대차 - 기타,안전운전불이행,건조,맑음,교차로 - 교차로부근,이륜,남,37세,상해없음,승용,여,46세,경상
2020041000100444,2020년 4월 10일 18시,금요일,대전광역시 중구 대흥동,경상사고,0,0,1,0,차대차 - 측면충돌,신호위반,건조,맑음,교차로 - 교차로안,승용,남,66세,상해없음,화물,남,38세,경상
2020041000100480,2020년 4월 10일 19시,금요일,대전광역시 유성구 상대동,중상사고,0,1,0,2,차대차 - 측면충돌,신호위반,건조,맑음,교차로 - 교차로안,승용,남,60세,상해없음,원동기,남,25세,중상
2020041000100481,2020년 4월 10일 19시,금요일,대전광역시 유성구 지족동,중상사고,0,1,3,0,차대차 - 추돌,안전운전불이행,건조,맑음,단일로 - 기타,승용,남,31세,상해없음,승용,여,50세,경상
2020041000100482,2020년 4월 10일 19시,금요일,대전광역시 유성구 구암동,경상사고,0,0,4,0,차대차 - 기타,신호위반,건조,맑음,단일로 - 기타,승합,남,66세,상해없음,승용,여,34세,경상
2020041000100540,2020년 4월 10일 21시,금요일,대전광역시 중구 대흥동,경상사고,0,0,1,0,차대사람 - 차도통행중,안전운전불이행,건조,맑음,단일로 - 기타,승용,남,64세,상해없음,보행자,남,41세,경상
2020041000100541,2020년 4월 10일 21시,금요일,대전광역시 서구 관저동,경상사고,0,0,3,0,차대차 - 측면충돌,과속,건조,맑음,교차로 - 교차로안,승용,남,18세,상해없음,승용,남,58세,경상
2020041000100542,2020년 4월 10일 21시,금요일,대전광역시 서구 변동,경상사고,0,0,2,0,차대차 - 기타,안전운전불이행,건조,맑음,교차로 - 교차로횡단보도내,승용,남,40세,상해없음,승용,여,58세,경상
2020041000100543,2020년 4월 10일 21시,금요일,대전광역시 서구 가수원동,경상사고,0,0,2,0,차대차 - 정면충돌,안전운전불이행,건조,맑음,교차로 - 교차로안,이륜,남,18세,경상,승용,남,23세,경상
2020041000100544,2020년 4월 10일 21시,금요일,대전광역시 유성구 봉명동,경상사고,0,0,1,0,차대차 - 기타,안전운전불이행,건조,맑음,교차로 - 교차로부근,이륜,남,36세,상해없음,승용,남,37세,경상
2020041000100564,2020년 4월 10일 22시,금요일,대전광역시 유성구 구암동,중상사고,0,1,0,0,차량단독 - 기타,안전운전불이행,건조,맑음,단일로 - 기타,승용,여,45세,상해없음,,,,
2020041000100588,2020년 4월 10일 23시,금요일,대전광역시 중구 오류동,경상사고,0,0,2,0,차대차 - 측면충돌,교차로운행방법위반,건조,맑음,교차로 - 교차로안,승용,남,27세,상해없음,승용,남,53세,경상
2020041100100107,2020년 4월 11일 08시,토요일,대전광역시 서구 탄방동,경상사고,0,0,1,0,차대사람 - 기타,안전운전불이행,건조,맑음,단일로 - 기타,승용,남,41세,상해없음,보행자,여,74세,경상
2020041100100151,2020년 4월 11일 10시,토요일,대전광역시 유성구 관평동,경상사고,0,0,1,0,차대차 - 기타,안전운전불이행,건조,맑음,교차로 - 교차로안,승용,여,56세,상해없음,승용,여,22세,경상
2020041100100186,2020년 4월 11일 11시,토요일,대전광역시 유성구 구암동,경상사고,0,0,2,0,차대차 - 추돌,안전거리미확보,건조,맑음,단일로 - 기타,승용,남,63세,상해없음,승용,남,26세,경상
2020041100100219,2020년 4월 11일 12시,토요일,대전광역시 동구 가오동,경상사고,0,0,1,0,차대차 - 측면충돌,안전거리미확보,건조,맑음,단일로 - 기타,승용,남,46세,상해없음,승용,여,51세,경상
2020041100100252,2020년 4월 11일 13시,토요일,대전광역시 유성구 방동,경상사고,0,0,1,0,차대차 - 기타,안전운전불이행,건조,맑음,교차로 - 교차로부근,화물,남,43세,상해없음,승용,남,78세,상해없음
2020041100100288,2020년 4월 11일 14시,토요일,대전광역시 동구 용전동,경상사고,0,0,3,0,차대차 - 추돌,안전운전불이행,건조,맑음,교차로 - 교차로부근,승용,남,64세,상해없음,승용,여,50세,경상
2020041100100364,2020년 4월 11일 16시,토요일,대전광역시 동구 홍도동,중상사고,0,1,0,0,차대차 - 측면충돌,안전운전불이행,건조,맑음,교차로 - 교차로횡단보도내,자전거,남,83세,중상,승용,남,65세,상해없음
2020041100100400,2020년 4월 11일 17시,토요일,대전광역시 서구 갈마동,경상사고,0,0,2,0,차대차 - 측면충돌,안전거리미확보,건조,맑음,단일로 - 기타,승용,남,59세,경상,승용,여,27세,경상
2020041100100401,2020년 4월 11일 17시,토요일,대전광역시 유성구 장대동,경상사고,0,0,5,0,차대차 - 측면충돌,안전거리미확보,건조,맑음,단일로 - 기타,승용,여,50세,경상,승용,남,55세,경상
2020041100100447,2020년 4월 11일 18시,토요일,대전광역시 유성구 대정동,경상사고,0,0,1,0,차대차 - 추돌,안전거리미확보,건조,맑음,교차로 - 교차로횡단보도내,승용,남,48세,상해없음,승용,남,48세,경상
2020041100100473,2020년 4월 11일 19시,토요일,대전광역시 동구 성남동,중상사고,0,1,0,0,차대차 - 측면충돌,안전운전불이행,건조,맑음,단일로 - 기타,승용,남,43세,상해없음,이륜,남,53세,중상
2020041100100474,2020년 4월 11일 19시,토요일,대전광역시 서구 월평동,경상사고,0,0,1,0,차대차 - 측면충돌,안전운전불이행,건조,맑음,교차로 - 교차로안,승용,남,37세,상해없음,이륜,남,25세,경상
2020041100100502,2020년 4월 11일 20시,토요일,대전광역시 동구 원동,중상사고,0,1,0,0,차량단독 - 기타,기타,건조,맑음,단일로 - 기타,승합,남,48세,상해없음,,,,
2020041200100032,2020년 4월 12일 01시,일요일,대전광역시 유성구 봉명동,경상사고,0,0,1,0,차대차 - 기타,중앙선침범,건조,맑음,단일로 - 기타,승용,남,29세,상해없음,이륜,남,54세,경상
2020041200100171,2020년 4월 12일 12시,일요일,대전광역시 중구 유천동,경상사고,0,0,1,0,차대차 - 기타,안전운전불이행,건조,맑음,교차로 - 교차로횡단보도내,화물,남,46세,상해없음,자전거,남,17세,경상
2020041200100245,2020년 4월 12일 15시,일요일,대전광역시 대덕구 송촌동,경상사고,0,0,1,0,차대차 - 기타,안전운전불이행,건조,맑음,교차로 - 교차로안,승용,남,56세,상해없음,승합,여,38세,경상
2020041200100283,2020년 4월 12일 16시,일요일,대전광역시 유성구 탑립동,경상사고,0,0,2,0,차대차 - 기타,신호위반,건조,맑음,교차로 - 교차로안,기타불명,기타불명,미분류,기타불명,승용,남,35세,경상
2020041200100360,2020년 4월 12일 19시,일요일,대전광역시 유성구 노은동,중상사고,0,1,0,0,차대차 - 기타,신호위반,건조,맑음,교차로 - 교차로안,승용,남,56세,상해없음,승용,여,51세,중상
2020041300100055,2020년 4월 13일 07시,월요일,대전광역시 중구 은행동,경상사고,0,0,1,0,차대차 - 측면충돌,신호위반,건조,맑음,교차로 - 교차로안,승용,남,24세,상해없음,승합,남,75세,경상
2020041300100056,2020년 4월 13일 07시,월요일,대전광역시 중구 부사동,경상사고,0,0,1,0,차대차 - 측면충돌,안전거리미확보,건조,맑음,단일로 - 기타,승용,남,56세,상해없음,승용,여,57세,경상
2020041300100095,2020년 4월 13일 08시,월요일,대전광역시 중구 대흥동,경상사고,0,0,1,0,차대사람 - 기타,안전운전불이행,건조,맑음,단일로 - 기타,승용,여,67세,상해없음,보행자,남,26세,경상
2020041300100096,2020년 4월 13일 08시,월요일,대전광역시 동구 원동,경상사고,0,0,1,0,차대사람 - 횡단중,보행자보호의무위반,건조,맑음,단일로 - 기타,승용,남,60세,상해없음,보행자,여,45세,경상
2020041300100097,2020년 4월 13일 08시,월요일,대전광역시 대덕구 법동,경상사고,0,0,1,0,차대차 - 측면충돌,교차로운행방법위반,건조,맑음,교차로 - 교차로부근,승용,여,59세,상해없음,승용,남,32세,경상
2020041300100152,2020년 4월 13일 10시,월요일,대전광역시 대덕구 신탄진동,경상사고,0,0,1,0,차대차 - 정면충돌,신호위반,건조,맑음,교차로 - 교차로부근,승용,남,62세,상해없음,승용,남,43세,경상
2020041300100153,2020년 4월 13일 10시,월요일,대전광역시 대덕구 중리동,경상사고,0,0,1,0,차대사람 - 기타,안전운전불이행,건조,맑음,기타 - 기타,승용,남,71세,상해없음,보행자,남,58세,경상
2020041300100154,2020년 4월 13일 10시,월요일,대전광역시 서구 둔산동,경상사고,0,0,2,0,차대차 - 기타,신호위반,건조,맑음,교차로 - 교차로안,화물,남,72세,상해없음,승용,남,45세,경상
2020041300100155,2020년 4월 13일 10시,월요일,대전광역시 서구 둔산동,중상사고,0,1,0,0,차대사람 - 횡단중,보행자보호의무위반,건조,맑음,교차로 - 교차로횡단보도내,화물,남,59세,상해없음,보행자,남,69세,중상
2020041300100215,2020년 4월 13일 12시,월요일,대전광역시 동구 원동,경상사고,0,0,1,0,차대차 - 추돌,안전운전불이행,건조,맑음,단일로 - 기타,승합,남,31세,상해없음,승용,남,60세,경상
2020041300100216,2020년 4월 13일 12시,월요일,대전광역시 대덕구 석봉동,경상사고,0,0,1,0,차대차 - 기타,안전운전불이행,건조,맑음,단일로 - 기타,승용,여,50세,상해없음,승용,남,47세,경상
2020041300100217,2020년 4월 13일 12시,월요일,대전광역시 서구 월평동,경상사고,0,0,1,0,차대차 - 측면충돌,교차로운행방법위반,건조,맑음,교차로 - 교차로안,승용,남,77세,상해없음,승용,여,49세,경상
2020041300100251,2020년 4월 13일 13시,월요일,대전광역시 대덕구 읍내동,경상사고,0,0,1,0,차대차 - 기타,교차로운행방법위반,건조,맑음,교차로 - 교차로부근,승용,여,63세,상해없음,승합,남,51세,상해없음
2020041300100317,2020년 4월 13일 15시,월요일,대전광역시 서구 탄방동,중상사고,0,1,0,0,차대사람 - 기타,기타,건조,맑음,단일로 - 기타,승용,남,40세,상해없음,보행자,여,78세,중상
2020041300100318,2020년 4월 13일 15시,월요일,대전광역시 유성구 용산동,경상사고,0,0,1,0,차대차 - 기타,교차로운행방법위반,건조,맑음,교차로 - 교차로안,승용,여,60세,상해없음,승용,남,35세,경상
2020041300100354,2020년 4월 13일 16시,월요일,대전광역시 중구 태평동,중상사고,0,1,0,0,차대차 - 측면충돌,안전운전불이행,건조,맑음,교차로 - 교차로안,승용,남,52세,상해없음,이륜,남,59세,중상
2020041300100355,2020년 4월 13일 16시,월요일,대전광역시 서구 도안동,경상사고,0,0,2,0,차대차 - 측면충돌,안전운전불이행,건조,맑음,주차장 - 주차장,승용,여,38세,상해없음,승용,남,35세,경상
2020041300100402,2020년 4월 13일 17시,월요일,대전광역시 서구 둔산동,경상사고,0,0,1,0,차대사람 - 기타,안전운전불이행,건조,맑음,단일로 - 기타,자전거,여,30세,상해없음,보행자,여,59세,경상
2020041300100403,2020년 4월 13일 17시,월요일,대전광역시 서구 월평동,경상사고,0,0,1,0,차대차 - 기타,신호위반,건조,맑음,교차로 - 교차로안,승용,남,51세,상해없음,승용,남,27세,경상
2020041300100404,2020년 4월 13일 17시,월요일,대전광역시 유성구 용산동,경상사고,0,0,1,0,차대차 - 측면충돌,교차로운행방법위반,건조,맑음,교차로 - 교차로안,승용,남,29세,상해없음,승용,남,25세,경상
2020041300100450,2020년 4월 13일 18시,월요일,대전광역시 유성구 탑립동,경상사고,0,0,1,1,차대차 - 측면충돌,교차로운행방법위반,건조,맑음,교차로 - 교차로안,승용,남,34세,부상신고,승용,여,49세,경상
2020041300100501,2020년 4월 13일 19시,월요일,대전광역시 서구 용문동,경상사고,0,0,3,0,차대차 - 측면충돌,안전운전불이행,건조,맑음,단일로 - 기타,승용,남,43세,상해없음,승용,여,26세,경상
2020041300100502,2020년 4월 13일 19시,월요일,대전광역시 서구 관저동,중상사고,0,1,0,0,차대차 - 기타,신호위반,건조,맑음,교차로 - 교차로안,기타불명,기타불명,미분류,기타불명,이륜,남,34세,중상
2020041300100536,2020년 4월 13일 20시,월요일,대전광역시 서구 둔산동,경상사고,0,0,1,0,차대차 - 추돌,안전운전불이행,건조,맑음,교차로 - 교차로부근,승용,남,43세,상해없음,승용,남,65세,경상
2020041300100537,2020년 4월 13일 20시,월요일,대전광역시 유성구 봉명동,중상사고,0,2,0,0,차대차 - 측면충돌,신호위반,건조,맑음,교차로 - 교차로안,이륜,남,25세,중상,승용,여,52세,중상
2020041300100568,2020년 4월 13일 21시,월요일,대전광역시 서구 가장동,중상사고,0,2,0,0,차대차 - 추돌,안전운전불이행,건조,맑음,교차로 - 교차로부근,승용,여,49세,상해없음,승용,남,22세,중상
2020041400100008,2020년 4월 14일 00시,화요일,대전광역시 대덕구 오정동,경상사고,0,0,1,0,차대차 - 기타,중앙선침범,건조,맑음,교차로 - 교차로부근,승용,남,25세,상해없음,승용,남,59세,경상
2020041400100009,2020년 4월 14일 00시,화요일,대전광역시 서구 갈마동,중상사고,0,1,0,0,차대차 - 측면충돌,불법유턴,건조,맑음,교차로 - 교차로횡단보도내,자전거,남,16세,중상,승용,남,50세,상해없음
2020041400100073,2020년 4월 14일 07시,화요일,대전광역시 중구 유천동,경상사고,0,0,1,0,차대사람 - 횡단중,보행자보호의무위반,건조,맑음,교차로 - 교차로횡단보도내,승용,남,59세,상해없음,보행자,여,22세,경상
2020041400100104,2020년 4월 14일 08시,화요일,대전광역시 중구 오류동,중상사고,0,2,0,0,차대차 - 추돌,안전운전불이행,건조,맑음,단일로 - 기타,승용,여,50세,상해없음,승용,여,35세,중상
2020041400100105,2020년 4월 14일 08시,화요일,대전광역시 유성구 도룡동,경상사고,0,0,1,0,차대차 - 추돌,안전운전불이행,건조,맑음,교차로 - 교차로부근,승용,남,47세,상해없음,승용,남,35세,경상
2020041400100163,2020년 4월 14일 10시,화요일,대전광역시 동구 인동,경상사고,0,0,1,0,차대차 - 측면충돌,교차로운행방법위반,건조,맑음,교차로 - 교차로안,승용,여,52세,상해없음,화물,남,64세,경상
2020041400100228,2020년 4월 14일 12시,화요일,대전광역시 중구 용두동,중상사고,0,1,1,0,차대차 - 측면충돌,중앙선침범,건조,맑음,교차로 - 교차로부근,승용,남,57세,상해없음,이륜,남,28세,중상
2020041400100265,2020년 4월 14일 13시,화요일,대전광역시 동구 가오동,중상사고,0,1,0,0,차대차 - 기타,신호위반,건조,맑음,교차로 - 교차로부근,승합,남,51세,상해없음,이륜,남,40세,중상
2020041400100357,2020년 4월 14일 16시,화요일,대전광역시 유성구 상대동,경상사고,0,0,2,0,차대차 - 측면충돌,교차로운행방법위반,건조,맑음,교차로 - 교차로안,승용,여,47세,기타불명,승용,남,65세,경상
2020041400100416,2020년 4월 14일 17시,화요일,대전광역시 중구 사정동,경상사고,0,0,1,0,차대차 - 측면충돌,중앙선침범,건조,맑음,교차로 - 교차로안,승용,여,59세,상해없음,이륜,남,46세,경상
2020041400100417,2020년 4월 14일 17시,화요일,대전광역시 서구 괴정동,경상사고,0,0,4,0,차대차 - 측면충돌,안전운전불이행,건조,맑음,단일로 - 기타,승용,남,26세,상해없음,승용,남,36세,경상
2020041400100497,2020년 4월 14일 19시,화요일,대전광역시 유성구 봉명동,경상사고,0,0,1,0,차대사람 - 기타,안전운전불이행,건조,맑음,교차로 - 교차로안,승용,여,63세,상해없음,보행자,남,24세,경상
2020041400100527,2020년 4월 14일 20시,화요일,대전광역시 유성구 봉명동,경상사고,0,0,3,0,차대차 - 기타,안전운전불이행,건조,맑음,교차로 - 교차로부근,승용,남,61세,상해없음,승용,여,41세,경상
2020041400100528,2020년 4월 14일 20시,화요일,대전광역시 유성구 장대동,경상사고,0,0,1,0,차대차 - 기타,안전운전불이행,건조,맑음,단일로 - 기타,승용,남,54세,상해없음,승용,남,28세,경상
2020041400100554,2020년 4월 14일 21시,화요일,대전광역시 동구 가양동,중상사고,0,1,0,0,차대차 - 기타,안전운전불이행,건조,맑음,단일로 - 기타,화물,남,41세,상해없음,원동기,남,18세,중상
2020041400100555,2020년 4월 14일 21시,화요일,대전광역시 서구 둔산동,경상사고,0,0,1,0,차대차 - 기타,신호위반,건조,맑음,교차로 - 교차로부근,승용,남,20세,상해없음,이륜,남,33세,경상
2020041400100556,2020년 4월 14일 21시,화요일,대전광역시 유성구 궁동,경상사고,0,0,1,0,차대차 - 기타,안전운전불이행,건조,맑음,단일로 - 기타,승용,남,26세,상해없음,자전거,남,24세,경상
2020041500100014,2020년 4월 15일 00시,수요일,대전광역시 중구 오류동,중상사고,0,1,0,0,차대차 - 정면충돌,중앙선침범,건조,맑음,단일로 - 기타,승용,여,54세,상해없음,승용,남,32세,중상
2020041500100015,2020년 4월 15일 00시,수요일,대전광역시 서구 가수원동,중상사고,0,1,0,0,차대차 - 측면충돌,중앙선침범,건조,맑음,단일로 - 기타,승용,남,27세,상해없음,승용,여,50세,중상
2020041500100016,2020년 4월 15일 00시,수요일,대전광역시 서구 갈마동,경상사고,0,0,1,0,차대사람 - 기타,안전운전불이행,건조,맑음,교차로 - 교차로안,승용,남,22세,상해없음,보행자,남,65세,경상
2020041500100032,2020년 4월 15일 01시,수요일,대전광역시 서구 괴정동,중상사고,0,1,1,0,차대차 - 정면충돌,교차로운행방법위반,건조,맑음,교차로 - 교차로안,승용,남,58세,상해없음,화물,남,27세,중상
2020041500100033,2020년 4월 15일 01시,수요일,대전광역시 서구 탄방동,경상사고,0,0,1,0,차대차 - 기타,신호위반,건조,맑음,교차로 - 교차로안,승용,남,63세,상해없음,승용,남,34세,경상
2020041500100050,2020년 4월 15일 03시,수요일,대전광역시 동구 인동,경상사고,0,0,2,0,차대차 - 추돌,안전운전불이행,건조,맑음,단일로 - 기타,이륜,남,23세,경상,이륜,남,23세,경상
2020041500100064,2020년 4월 15일 05시,수요일,대전광역시 중구 중촌동,경상사고,0,0,1,0,차대차 - 측면충돌,안전거리미확보,건조,맑음,단일로 - 기타,승용,남,24세,상해없음,승용,남,58세,경상
2020041500100136,2020년 4월 15일 10시,수요일,대전광역시 유성구 덕명동,중상사고,0,1,3,0,차대차 - 추돌,신호위반,건조,맑음,교차로 - 교차로안,승용,남,62세,상해없음,승용,남,67세,경상
2020041500100167,2020년 4월 15일 11시,수요일,대전광역시 대덕구 중리동,경상사고,0,0,1,0,차대사람 - 기타,신호위반,건조,맑음,단일로 - 기타,승용,여,50세,상해없음,보행자,남,68세,경상
2020041500100190,2020년 4월 15일 12시,수요일,대전광역시 유성구 덕명동,경상사고,0,0,1,0,차대차 - 추돌,교차로운행방법위반,건조,맑음,교차로 - 교차로안,승용,남,68세,상해없음,승용,여,51세,경상
2020041500100191,2020년 4월 15일 12시,수요일,대전광역시 유성구 송강동,중상사고,0,1,1,0,차대차 - 기타,안전거리미확보,건조,맑음,교차로 - 교차로안,자전거,남,14세,경상,이륜,남,38세,중상
2020041500100213,2020년 4월 15일 13시,수요일,대전광역시 서구 정림동,경상사고,0,0,1,0,차대차 - 기타,안전운전불이행,건조,맑음,단일로 - 기타,승용,남,66세,상해없음,승용,남,57세,경상
2020041500100214,2020년 4월 15일 13시,수요일,대전광역시 유성구 구암동,경상사고,0,0,1,0,차대차 - 측면충돌,교차로운행방법위반,건조,맑음,교차로 - 교차로안,승용,여,29세,상해없음,승용,남,39세,경상
2020041500100252,2020년 4월 15일 14시,수요일,대전광역시 동구 삼성동,중상사고,0,2,0,0,차대차 - 측면충돌,교차로운행방법위반,건조,맑음,교차로 - 교차로안,승용,남,40세,상해없음,이륜,남,25세,중상
2020041500100253,2020년 4월 15일 14시,수요일,대전광역시 동구 인동,경상사고,0,0,2,0,차대차 - 후진중충돌,안전운전불이행,건조,맑음,기타 - 기타,승용,여,62세,상해없음,승용,남,38세,경상
2020041500100254,2020년 4월 15일 14시,수요일,대전광역시 유성구 구암동,경상사고,0,0,1,0,차대차 - 기타,안전운전불이행,건조,맑음,단일로 - 기타,승용,남,42세,상해없음,자전거,남,27세,경상
2020041500100286,2020년 4월 15일 15시,수요일,대전광역시 서구 가장동,경상사고,0,0,1,0,차대사람 - 횡단중,보행자보호의무위반,건조,맑음,교차로 - 교차로횡단보도내,승용,남,45세,상해없음,보행자,남,39세,경상
2020041500100385,2020년 4월 15일 18시,수요일,대전광역시 서구 갈마동,경상사고,0,0,1,0,차대차 - 측면충돌,안전운전불이행,건조,맑음,단일로 - 기타,승용,남,26세,상해없음,이륜,남,26세,경상
2020041500100407,2020년 4월 15일 19시,수요일,대전광역시 서구 도마동,중상사고,0,1,1,0,차대사람 - 횡단중,신호위반,건조,맑음,기타 - 기타,승용,남,64세,상해없음,보행자,여,49세,중상
2020041500100408,2020년 4월 15일 19시,수요일,대전광역시 유성구 궁동,경상사고,0,0,2,0,차대차 - 측면충돌,안전거리미확보,건조,맑음,단일로 - 기타,승용,여,62세,상해없음,승합,남,46세,상해없음