사고번호,사고일시,요일,시군구,사고내용,사망자수,중상자수,경상자수,부상신고자수,사고유형,법규위반,노면상태,기상상태,도로형태,가해운전자 차종,가해운전자 성별,가해운전자 연령,가해운전자 상해정도,피해운전자 차종,피해운전자 성별,피해운전자 연령,피해운전자 상해정도
2020050400100633,2020년 5월 4일 21시,월요일,대전광역시 서구 가장동,중상사고,0,2,0,0,차대차 - 기타,중앙선침범,건조,맑음,교차로 - 교차로부근,기타불명,남,77세,중상,이륜,남,26세,중상
2020050400100634,2020년 5월 4일 21시,월요일,대전광역시 서구 관저동,경상사고,0,0,1,0,차대사람 - 기타,안전운전불이행,건조,맑음,단일로 - 기타,기타불명,기타불명,미분류,기타불명,보행자,남,58세,경상
2020050400100635,2020년 5월 4일 21시,월요일,대전광역시 서구 월평동,경상사고,0,0,3,0,차대차 - 추돌,안전운전불이행,건조,맑음,단일로 - 기타,승용,남,37세,상해없음,승용,남,68세,경상
2020050400100653,2020년 5월 4일 22시,월요일,대전광역시 서구 탄방동,경상사고,0,0,1,0,차대차 - 측면충돌,기타,건조,맑음,단일로 - 기타,승용,여,67세,상해없음,원동기,남,48세,경상
2020050500100042,2020년 5월 5일 03시,화요일,대전광역시 유성구 봉명동,경상사고,0,0,1,0,차대차 - 측면충돌,안전거리미확보,건조,맑음,단일로 - 기타,승용,남,64세,상해없음,승용,남,22세,경상
2020050500100049,2020년 5월 5일 04시,화요일,대전광역시 중구 유천동,경상사고,0,0,3,0,차대차 - 기타,안전운전불이행,건조,맑음,단일로 - 기타,화물,남,33세,상해없음,승용,남,27세,경상
2020050500100050,2020년 5월 5일 04시,화요일,대전광역시 서구 둔산동,경상사고,0,0,1,0,차대사람 - 기타,안전운전불이행,건조,맑음,단일로 - 기타,승용,남,70세,상해없음,보행자,남,23세,경상
2020050500100088,2020년 5월 5일 08시,화요일,대전광역시 중구 대흥동,경상사고,0,0,3,0,차대차 - 기타,신호위반,건조,맑음,교차로 - 교차로안,승용,남,21세,상해없음,화물,남,41세,경상
2020050500100136,2020년 5월 5일 11시,화요일,대전광역시 유성구 전민동,경상사고,0,0,2,0,차대차 - 추돌,안전운전불이행,건조,맑음,교차로 - 교차로부근,승용,남,72세,상해없음,승용,여,26세,경상
2020050500100137,2020년 5월 5일 11시,화요일,대전광역시 유성구 송강동,경상사고,0,0,4,0,차대차 - 추돌,안전운전불이행,건조,맑음,단일로 - 기타,이륜,남,23세,상해없음,승용,남,34세,경상
2020050500100184,2020년 5월 5일 13시,화요일,대전광역시 동구 가양동,경상사고,0,0,1,0,차대차 - 측면충돌,교차로운행방법위반,젖음/습기,흐림,교차로 - 교차로안,승용,남,49세,상해없음,이륜,남,54세,경상
2020050500100213,2020년 5월 5일 14시,화요일,대전광역시 서구 변동,경상사고,0,0,1,0,차대차 - 추돌,안전운전불이행,젖음/습기,비,단일로 - 기타,승용,여,65세,상해없음,승용,남,49세,경상
2020050500100301,2020년 5월 5일 17시,화요일,대전광역시 동구 원동,경상사고,0,0,1,0,차대차 - 측면충돌,안전운전불이행,건조,흐림,단일로 - 교량,승용,남,26세,경상,승용,남,75세,상해없음
2020050500100302,2020년 5월 5일 17시,화요일,대전광역시 서구 갈마동,경상사고,0,0,1,0,차대차 - 측면충돌,안전운전불이행,젖음/습기,비,단일로 - 기타,이륜,남,25세,상해없음,이륜,남,25세,경상
2020050500100332,2020년 5월 5일 18시,화요일,대전광역시 중구 대흥동,경상사고,0,0,1,0,차대사람 - 기타,안전운전불이행,건조,흐림,단일로 - 기타,승용,여,19세,상해없음,보행자,여,22세,경상
2020050500100410,2020년 5월 5일 21시,화요일,대전광역시 중구 태평동,경상사고,0,0,2,0,차대차 - 추돌,안전운전불이행,건조,맑음,교차로 - 교차로부근,승합,남,42세,상해없음,승용,남,34세,경상
2020050500100411,2020년 5월 5일 21시,화요일,대전광역시 중구 태평동,경상사고,0,0,2,0,차대차 - 기타,안전운전불이행,건조,맑음,교차로 - 교차로부근,승합,남,42세,상해없음,승용,남,56세,경상
2020050500100433,2020년 5월 5일 22시,화요일,대전광역시 유성구 신성동,경상사고,0,0,3,0,차대차 - 추돌,안전운전불이행,건조,맑음,교차로 - 교차로부근,승용,기타불명,미분류,기타불명,승용,여,24세,상해없음
2020050600100032,2020년 5월 6일 05시,수요일,대전광역시 서구 도마동,경상사고,0,0,1,0,차대사람 - 기타,안전운전불이행,건조,맑음,기타 - 기타,승용,남,39세,상해없음,보행자,남,62세,경상
2020050600100053,2020년 5월 6일 06시,수요일,대전광역시 서구 갈마동,경상사고,0,0,1,0,차대차 - 기타,안전운전불이행,건조,맑음,교차로 - 교차로안,원동기,남,49세,상해없음,승용,남,74세,상해없음
2020050600100104,2020년 5월 6일 08시,수요일,대전광역시 서구 장안동,경상사고,0,0,2,0,차대차 - 정면충돌,안전운전불이행,건조,맑음,단일로 - 기타,승용,여,49세,상해없음,승용,여,53세,경상
2020050600100105,2020년 5월 6일 08시,수요일,대전광역시 유성구 원내동,경상사고,0,0,1,0,차대차 - 기타,안전운전불이행,건조,맑음,교차로 - 교차로안,승용,여,59세,상해없음,승용,남,42세,경상
2020050600100139,2020년 5월 6일 09시,수요일,대전광역시 서구 도마동,경상사고,0,0,1,0,차대차 - 후진중충돌,안전운전불이행,건조,맑음,기타 - 기타,승용,여,33세,상해없음,승합,여,47세,상해없음
2020050600100176,2020년 5월 6일 10시,수요일,대전광역시 동구 가양동,경상사고,0,0,1,0,차대차 - 기타,안전운전불이행,건조,맑음,교차로 - 교차로부근,원동기,남,66세,상해없음,원동기,남,47세,경상
2020050600100210,2020년 5월 6일 11시,수요일,대전광역시 대덕구 오정동,경상사고,0,0,1,0,차대사람 - 횡단중,신호위반,건조,맑음,교차로 - 교차로횡단보도내,화물,남,51세,기타불명,보행자,여,71세,경상
2020050600100211,2020년 5월 6일 11시,수요일,대전광역시 서구 월평동,중상사고,0,1,0,0,차대사람 - 기타,안전운전불이행,건조,맑음,단일로 - 기타,승용,여,57세,상해없음,보행자,여,70세,중상
2020050600100248,2020년 5월 6일 12시,수요일,대전광역시 서구 탄방동,경상사고,0,0,2,0,차대차 - 기타,직진우회전진행방해,건조,맑음,교차로 - 교차로안,승용,남,61세,기타불명,승용,여,22세,경상
2020050600100333,2020년 5월 6일 14시,수요일,대전광역시 서구 복수동,경상사고,0,0,2,0,차대차 - 측면충돌,신호위반,건조,맑음,교차로 - 교차로안,화물,남,51세,상해없음,승용,남,58세,경상
2020050600100604,2020년 5월 6일 20시,수요일,대전광역시 중구 산성동,경상사고,0,0,1,0,차대차 - 기타,안전운전불이행,건조,맑음,교차로 - 교차로부근,승용,여,31세,상해없음,자전거,남,16세,경상
2020050600100631,2020년 5월 6일 21시,수요일,대전광역시 유성구 장대동,경상사고,0,0,1,0,차대차 - 기타,안전운전불이행,건조,맑음,교차로 - 교차로안,승용,여,43세,상해없음,이륜,남,30세,경상
2020050600100661,2020년 5월 6일 23시,수요일,대전광역시 유성구 상대동,경상사고,0,0,3,0,차대차 - 기타,안전거리미확보,건조,맑음,교차로 - 교차로부근,승용,여,64세,상해없음,승용,남,57세,경상
2020050700100014,2020년 5월 7일 00시,목요일,대전광역시 대덕구 비래동,중상사고,0,1,0,0,차대사람 - 기타,안전운전불이행,건조,맑음,교차로 - 교차로안,승용,남,65세,상해없음,보행자,남,52세,중상
2020050700100029,2020년 5월 7일 01시,목요일,대전광역시 중구 오류동,경상사고,0,0,1,0,차대차 - 기타,안전운전불이행,건조,맑음,교차로 - 교차로부근,승용,여,22세,상해없음,승용,남,47세,경상
2020050700100037,2020년 5월 7일 02시,목요일,대전광역시 서구 관저동,경상사고,0,0,1,0,차대차 - 측면충돌,안전운전불이행,건조,맑음,단일로 - 기타,승용,남,31세,기타불명,화물,남,36세,경상
2020050700100046,2020년 5월 7일 04시,목요일,대전광역시 유성구 계산동,중상사고,0,2,0,0,차대차 - 기타,과속,건조,맑음,교차로 - 교차로안,승용,여,60세,중상,승용,남,60세,중상
2020050700100096,2020년 5월 7일 07시,목요일,대전광역시 서구 둔산동,경상사고,0,0,1,0,차대차 - 기타,안전운전불이행,건조,맑음,교차로 - 교차로안,승용,남,42세,상해없음,자전거,남,67세,경상
2020050700100097,2020년 5월 7일 07시,목요일,대전광역시 유성구 구암동,경상사고,0,0,1,0,차대차 - 측면충돌,안전거리미확보,건조,맑음,단일로 - 기타,승용,남,40세,상해없음,승용,남,28세,경상
2020050700100142,2020년 5월 7일 08시,목요일,대전광역시 서구 탄방동,경상사고,0,0,2,0,차대차 - 추돌,안전운전불이행,건조,맑음,교차로 - 교차로부근,승용,여,27세,상해없음,승용,여,58세,경상
2020050700100143,2020년 5월 7일 08시,목요일,대전광역시 유성구 장대동,경상사고,0,0,1,0,차대차 - 추돌,안전운전불이행,건조,맑음,단일로 - 기타,승용,남,32세,상해없음,승용,남,62세,경상
2020050700100175,2020년 5월 7일 09시,목요일,대전광역시 중구 문화동,중상사고,0,1,0,0,차대사람 - 차도통행중,안전운전불이행,건조,맑음,교차로 - 교차로부근,승용,남,65세,상해없음,보행자,여,77세,중상
2020050700100217,2020년 5월 7일 10시,목요일,대전광역시 유성구 장대동,경상사고,0,0,3,0,차대차 - 측면충돌,교차로운행방법위반,건조,맑음,교차로 - 교차로부근,승용,여,29세,기타불명,승용,남,39세,경상
2020050700100298,2020년 5월 7일 12시,목요일,대전광역시 동구 판암동,경상사고,0,0,1,0,차대사람 - 기타,안전운전불이행,건조,맑음,기타 - 기타,승용,남,71세,상해없음,보행자,여,51세,경상
2020050700100332,2020년 5월 7일 13시,목요일,대전광역시 중구 유천동,중상사고,0,1,0,0,차대차 - 측면충돌,신호위반,건조,맑음,단일로 - 기타,승용,남,52세,상해없음,원동기,남,53세,중상
2020050700100376,2020년 5월 7일 14시,목요일,대전광역시 중구 태평동,경상사고,0,0,1,0,차대차 - 측면충돌,신호위반,건조,맑음,단일로 - 기타,승용,여,45세,상해없음,자전거,남,6세,경상
2020050700100377,2020년 5월 7일 14시,목요일,대전광역시 유성구 노은동,경상사고,0,0,1,0,차대차 - 기타,안전운전불이행,건조,맑음,교차로 - 교차로부근,승용,남,70세,상해없음,승용,남,38세,경상
2020050700100414,2020년 5월 7일 15시,목요일,대전광역시 서구 탄방동,중상사고,0,1,1,0,차대사람 - 횡단중,보행자보호의무위반,건조,맑음,단일로 - 기타,승용,여,38세,상해없음,보행자,여,42세,중상
2020050700100415,2020년 5월 7일 15시,목요일,대전광역시 유성구 봉명동,경상사고,0,0,1,0,차대차 - 기타,안전운전불이행,건조,맑음,단일로 - 기타,승용,여,67세,상해없음,승용,남,67세,상해없음
2020050700100416,2020년 5월 7일 15시,목요일,대전광역시 유성구 원신흥동,경상사고,0,0,2,0,차대차 - 기타,안전운전불이행,건조,맑음,교차로 - 교차로안,승용,여,58세,상해없음,화물,남,50세,경상
2020050700100502,2020년 5월 7일 17시,목요일,대전광역시 중구 유천동,중상사고,0,1,1,0,차대차 - 기타,교차로운행방법위반,건조,맑음,교차로 - 교차로안,승용,여,56세,중상,승용,남,40세,경상
2020050700100503,2020년 5월 7일 17시,목요일,대전광역시 중구 선화동,경상사고,0,0,1,0,차대차 - 측면충돌,안전운전불이행,건조,맑음,단일로 - 기타,승용,남,24세,상해없음,승용,여,50세,경상
2020050700100504,2020년 5월 7일 17시,목요일,대전광역시 유성구 죽동,경상사고,0,0,1,0,차대차 - 측면충돌,안전운전불이행,건조,맑음,교차로 - 교차로부근,승용,여,28세,상해없음,자전거,남,29세,경상
2020050700100551,2020년 5월 7일 18시,목요일,대전광역시 대덕구 덕암동,경상사고,0,0,1,0,차대차 - 기타,안전운전불이행,건조,맑음,교차로 - 교차로안,승용,여,53세,기타불명,개인형이동수단(PM),남,48세,경상
2020050700100552,2020년 5월 7일 18시,목요일,대전광역시 유성구 덕진동,경상사고,0,0,1,0,차대차 - 기타,교차로운행방법위반,건조,맑음,교차로 - 교차로부근,화물,남,46세,상해없음,승용,남,55세,경상
2020050700100615,2020년 5월 7일 20시,목요일,대전광역시 동구 낭월동,사망사고,1,0,0,0,차대사람 - 횡단중,과속,건조,맑음,단일로 - 기타,승용,남,32세,상해없음,보행자,남,64세,사망
2020050700100657,2020년 5월 7일 22시,목요일,대전광역시 중구 은행동,중상사고,0,1,0,0,차대사람 - 횡단중,안전운전불이행,건조,맑음,단일로 - 기타,승용,남,56세,상해없음,보행자,여,63세,중상
2020050800100032,2020년 5월 8일 03시,금요일,대전광역시 서구 월평동,중상사고,0,1,0,0,차대사람 - 기타,안전운전불이행,건조,맑음,교차로 - 교차로안,승용,여,38세,상해없음,보행자,남,44세,중상
2020050800100068,2020년 5월 8일 07시,금요일,대전광역시 유성구 관평동,경상사고,0,0,1,0,차대차 - 측면충돌,신호위반,건조,맑음,교차로 - 교차로안,승용,여,47세,기타불명,승용,남,49세,경상
2020050800100099,2020년 5월 8일 08시,금요일,대전광역시 서구 용문동,경상사고,0,0,3,1,차대차 - 추돌,안전운전불이행,건조,맑음,단일로 - 기타,승용,남,51세,상해없음,승용,남,22세,경상
2020050800100136,2020년 5월 8일 09시,금요일,대전광역시 동구 삼괴동,중상사고,0,1,0,0,차대차 - 추돌,안전운전불이행,건조,맑음,단일로 - 터널,승용,남,44세,상해없음,화물,남,51세,상해없음
2020050800100137,2020년 5월 8일 09시,금요일,대전광역시 서구 월평동,경상사고,0,0,4,0,차대차 - 추돌,안전거리미확보,건조,맑음,교차로 - 교차로부근,승용,남,30세,경상,승용,남,21세,상해없음
2020050800100169,2020년 5월 8일 10시,금요일,대전광역시 서구 변동,중상사고,0,1,0,0,차대차 - 추돌,안전운전불이행,건조,맑음,단일로 - 기타,승용,여,36세,상해없음,화물,남,65세,중상
2020050800100211,2020년 5월 8일 11시,금요일,대전광역시 중구 용두동,중상사고,0,1,0,0,차대차 - 기타,신호위반,건조,맑음,교차로 - 교차로안,승용,남,67세,상해없음,승용,남,80세,중상
2020050800100212,2020년 5월 8일 11시,금요일,대전광역시 중구 대사동,경상사고,0,0,2,0,차대차 - 기타,안전운전불이행,건조,맑음,교차로 - 교차로부근,승용,남,63세,상해없음,승용,남,59세,경상
2020050800100213,2020년 5월 8일 11시,금요일,대전광역시 유성구 신성동,중상사고,0,1,0,0,차대차 - 측면충돌,안전운전불이행,건조,맑음,단일로 - 기타,건설기계,남,56세,상해없음,승용,여,25세,중상
2020050800100270,2020년 5월 8일 13시,금요일,대전광역시 서구 흑석동,경상사고,0,0,1,0,차대차 - 측면충돌,안전운전불이행,건조,맑음,교차로 - 교차로안,승용,남,53세,상해없음,화물,남,33세,경상
2020050800100305,2020년 5월 8일 14시,금요일,대전광역시 유성구 장대동,중상사고,0,1,1,0,차대차 - 기타,안전운전불이행,건조,맑음,단일로 - 기타,승합,남,60세,기타불명,승용,남,28세,중상
2020050800100349,2020년 5월 8일 15시,금요일,대전광역시 서구 내동,경상사고,0,0,1,0,차대차 - 기타,안전운전불이행,건조,맑음,교차로 - 교차로횡단보도내,승용,남,63세,상해없음,자전거,남,41세,경상
2020050800100350,2020년 5월 8일 15시,금요일,대전광역시 서구 도마동,경상사고,0,0,1,0,차량단독 - 기타,안전운전불이행,건조,맑음,단일로 - 기타,승합,남,43세,상해없음,,,,
2020050800100351,2020년 5월 8일 15시,금요일,대전광역시 서구 괴정동,경상사고,0,0,1,0,차대차 - 측면충돌,안전운전불이행,건조,맑음,단일로 - 기타,화물,남,43세,상해없음,승용,남,21세,경상
2020050800100382,2020년 5월 8일 16시,금요일,대전광역시 대덕구 오정동,경상사고,0,0,1,0,차대차 - 기타,안전운전불이행,건조,맑음,단일로 - 기타,승용,남,60세,상해없음,승용,여,56세,경상
2020050800100383,2020년 5월 8일 16시,금요일,대전광역시 유성구 노은동,경상사고,0,0,1,0,차대차 - 정면충돌,안전운전불이행,건조,맑음,단일로 - 기타,승용,남,28세,상해없음,자전거,남,21세,경상
2020050800100426,2020년 5월 8일 17시,금요일,대전광역시 중구 유천동,경상사고,0,0,1,0,차대사람 - 횡단중,안전운전불이행,건조,맑음,단일로 - 기타,승용,남,22세,상해없음,보행자,남,56세,경상
2020050800100427,2020년 5월 8일 17시,금요일,대전광역시 유성구 덕명동,경상사고,0,0,2,0,차대차 - 측면충돌,안전거리미확보,건조,맑음,단일로 - 기타,승용,남,40세,경상,승용,남,52세,경상
2020050800100471,2020년 5월 8일 18시,금요일,대전광역시 중구 오류동,중상사고,0,1,12,0,차대차 - 추돌,안전운전불이행,건조,맑음,단일로 - 기타,승용,남,75세,상해없음,승합,남,58세,상해없음
2020050800100472,2020년 5월 8일 18시,금요일,대전광역시 중구 선화동,경상사고,0,0,1,0,차대차 - 측면충돌,안전거리미확보,건조,맑음,단일로 - 기타,승합,남,58세,상해없음,승용,남,37세,경상
2020050800100473,2020년 5월 8일 18시,금요일,대전광역시 유성구 관평동,경상사고,0,0,2,0,차대차 - 기타,안전운전불이행,건조,맑음,교차로 - 교차로안,승용,여,24세,상해없음,승용,남,61세,경상
2020050800100531,2020년 5월 8일 19시,금요일,대전광역시 서구 둔산동,경상사고,0,0,2,0,차대차 - 측면충돌,교차로운행방법위반,젖음/습기,비,교차로 - 교차로부근,승용,여,42세,상해없음,승용,남,23세,경상
2020050800100532,2020년 5월 8일 19시,금요일,대전광역시 유성구 장대동,경상사고,0,0,1,0,차대차 - 측면충돌,교차로운행방법위반,건조,맑음,교차로 - 교차로안,승용,남,60세,상해없음,승용,남,58세,경상
2020050800100617,2020년 5월 8일 20시,금요일,대전광역시 중구 문화동,중상사고,0,1,0,0,차대사람 - 횡단중,안전운전불이행,젖음/습기,비,단일로 - 기타,승합,남,23세,기타불명,보행자,여,82세,중상
2020050800100671,2020년 5월 8일 21시,금요일,대전광역시 동구 성남동,경상사고,0,0,1,0,차대차 - 측면충돌,기타,젖음/습기,비,교차로 - 교차로안,승용,남,62세,상해없음,승용,남,23세,경상
2020050800100672,2020년 5월 8일 21시,금요일,대전광역시 서구 탄방동,경상사고,0,0,1,0,차대차 - 후진중충돌,안전운전불이행,젖음/습기,비,교차로 - 교차로안,승용,여,26세,상해없음,이륜,남,58세,경상
2020050800100674,2020년 5월 8일 21시,금요일,대전광역시 유성구 봉명동,경상사고,0,0,2,0,차대차 - 기타,신호위반,젖음/습기,비,교차로 - 교차로안,승용,여,51세,상해없음,승용,여,43세,경상
2020050800100713,2020년 5월 8일 22시,금요일,대전광역시 중구 은행동,경상사고,0,0,2,0,차대차 - 추돌,안전운전불이행,젖음/습기,비,단일로 - 기타,승용,남,44세,상해없음,승용,남,22세,경상
2020050800100714,2020년 5월 8일 22시,금요일,대전광역시 서구 도마동,경상사고,0,0,2,0,차대차 - 기타,중앙선침범,젖음/습기,비,교차로 - 교차로부근,승용,남,58세,상해없음,승용,남,50세,경상
2020050800100715,2020년 5월 8일 22시,금요일,대전광역시 대덕구 중리동,중상사고,0,1,0,0,차대사람 - 기타,보행자보호의무위반,젖음/습기,비,교차로 - 교차로횡단보도내,승용,남,51세,기타불명,보행자,여,55세,중상
2020050800100716,2020년 5월 8일 22시,금요일,대전광역시 서구 둔산동,경상사고,0,0,1,0,차대사람 - 기타,안전운전불이행,젖음/습기,비,단일로 - 기타,승용,남,20세,상해없음,보행자,여,39세,경상
2020050800100755,2020년 5월 8일 23시,금요일,대전광역시 중구 태평동,경상사고,0,0,1,0,차대차 - 측면충돌,교차로운행방법위반,젖음/습기,비,교차로 - 교차로안,승용,남,27세,상해없음,승용,남,43세,경상
2020050900100055,2020년 5월 9일 01시,토요일,대전광역시 중구 용두동,경상사고,0,0,3,0,차대차 - 측면충돌,신호위반,젖음/습기,비,교차로 - 교차로안,승용,남,61세,상해없음,승용,남,63세,경상
2020050900100056,2020년 5월 9일 01시,토요일,대전광역시 유성구 관평동,중상사고,0,1,1,0,차대차 - 기타,신호위반,젖음/습기,비,교차로 - 교차로안,승용,남,19세,상해없음,승용,남,59세,중상
2020050900100088,2020년 5월 9일 04시,토요일,대전광역시 대덕구 석봉동,경상사고,0,0,1,0,차대사람 - 횡단중,보행자보호의무위반,젖음/습기,비,교차로 - 교차로부근,승용,남,22세,상해없음,보행자,남,37세,경상
2020050900100158,2020년 5월 9일 09시,토요일,대전광역시 서구 관저동,중상사고,0,1,0,0,차대사람 - 횡단중,안전운전불이행,젖음/습기,비,교차로 - 교차로안,승용,여,44세,기타불명,보행자,여,22세,중상
2020050900100217,2020년 5월 9일 11시,토요일,대전광역시 동구 주산동,중상사고,0,1,1,0,차대차 - 측면충돌,중앙선침범,젖음/습기,비,단일로 - 기타,승용,여,38세,상해없음,승용,남,49세,중상
2020050900100218,2020년 5월 9일 11시,토요일,대전광역시 서구 용문동,경상사고,0,0,5,0,차대차 - 기타,신호위반,젖음/습기,비,교차로 - 교차로안,화물,여,63세,상해없음,승용,남,65세,경상
2020050900100247,2020년 5월 9일 12시,토요일,대전광역시 동구 용전동,경상사고,0,0,1,0,차대차 - 측면충돌,안전거리미확보,젖음/습기,흐림,단일로 - 기타,화물,남,63세,상해없음,승용,남,34세,경상
2020050900100248,2020년 5월 9일 12시,토요일,대전광역시 서구 정림동,중상사고,0,1,0,0,차대차 - 측면충돌,교차로운행방법위반,젖음/습기,비,교차로 - 교차로안,승용,남,74세,상해없음,승용,남,60세,중상
2020050900100284,2020년 5월 9일 13시,토요일,대전광역시 서구 가수원동,경상사고,0,0,2,0,차대차 - 추돌,안전운전불이행,젖음/습기,비,기타 - 기타,승용,남,60세,상해없음,승용,여,58세,경상
2020050900100318,2020년 5월 9일 14시,토요일,대전광역시 서구 용문동,경상사고,0,0,1,0,차량단독 - 기타,기타,젖음/습기,비,단일로 - 기타,승합,남,31세,상해없음,,,,
2020050900100347,2020년 5월 9일 15시,토요일,대전광역시 동구 자양동,경상사고,0,0,1,0,차대차 - 기타,안전운전불이행,젖음/습기,비,교차로 - 교차로안,이륜,남,32세,경상,이륜,남,20세,상해없음
2020050900100348,2020년 5월 9일 15시,토요일,대전광역시 유성구 봉명동,경상사고,0,0,1,0,차대차 - 기타,안전운전불이행,젖음/습기,비,교차로 - 교차로안,승용,남,53세,상해없음,승용,남,38세,경상
2020050900100349,2020년 5월 9일 15시,토요일,대전광역시 유성구 송강동,경상사고,0,0,1,0,차대차 - 측면충돌,교차로운행방법위반,젖음/습기,비,교차로 - 교차로안,승용,남,54세,상해없음,이륜,남,51세,경상
2020050900100383,2020년 5월 9일 16시,토요일,대전광역시 서구 내동,경상사고,0,0,1,0,차대차 - 추돌,안전거리미확보,젖음/습기,비,교차로 - 교차로부근,승용,남,31세,상해없음,승합,남,39세,경상
2020050900100410,2020년 5월 9일 17시,토요일,대전광역시 대덕구 중리동,경상사고,0,0,1,0,차대차 - 측면충돌,안전운전불이행,젖음/습기,비,단일로 - 기타,승용,남,28세,상해없음,승용,남,32세,경상
2020050900100453,2020년 5월 9일 18시,토요일,대전광역시 중구 대흥동,경상사고,0,0,4,0,차대차 - 측면충돌,안전운전불이행,젖음/습기,비,교차로 - 교차로안,이륜,남,71세,상해없음,승용,남,41세,경상
2020050900100490,2020년 5월 9일 19시,토요일,대전광역시 동구 대동,중상사고,0,1,0,0,차대차 - 측면충돌,신호위반,건조,맑음,교차로 - 교차로안,승용,여,61세,상해없음,이륜,남,55세,중상
2020050900100491,2020년 5월 9일 19시,토요일,대전광역시 서구 내동,사망사고,1,0,0,0,차대사람 - 횡단중,안전운전불이행,젖음/습기,비,교차로 - 교차로안,승용,남,59세,상해없음,보행자,남,53세,사망
2020050900100519,2020년 5월 9일 20시,토요일,대전광역시 대덕구 법동,경상사고,0,0,2,0,차대차 - 기타,신호위반,젖음/습기,비,단일로 - 기타,승합,남,37세,상해없음,승용,여,54세,경상
2020050900100520,2020년 5월 9일 20시,토요일,대전광역시 서구 둔산동,중상사고,0,1,1,0,차대차 - 측면충돌,신호위반,젖음/습기,비,교차로 - 교차로안,이륜,남,57세,경상,이륜,남,22세,중상
2020050900100553,2020년 5월 9일 21시,토요일,대전광역시 중구 오류동,경상사고,0,0,2,0,차대차 - 추돌,안전운전불이행,젖음/습기,비,단일로 - 기타,승용,여,24세,상해없음,승용,남,73세,경상
2020050900100554,2020년 5월 9일 21시,토요일,대전광역시 중구 태평동,중상사고,0,1,0,0,차대차 - 기타,신호위반,젖음/습기,비,교차로 - 교차로안,승용,남,23세,상해없음,원동기,남,39세,중상
2020050900100555,2020년 5월 9일 21시,토요일,대전광역시 서구 내동,경상사고,0,0,1,0,차대차 - 측면충돌,신호위반,건조,맑음,교차로 - 교차로횡단보도내,승용,여,59세,상해없음,승용,남,57세,경상
2020050900100556,2020년 5월 9일 21시,토요일,대전광역시 서구 관저동,중상사고,0,1,0,0,차량단독 - 기타,안전운전불이행,건조,맑음,단일로 - 기타,승합,남,54세,상해없음,,,,
2020050900100557,2020년 5월 9일 21시,토요일,대전광역시 유성구 봉명동,중상사고,0,1,0,0,차대차 - 측면충돌,기타,젖음/습기,흐림,단일로 - 기타,승용,남,48세,기타불명,이륜,남,21세,중상
2020050900100608,2020년 5월 9일 23시,토요일,대전광역시 유성구 방현동,중상사고,0,1,1,0,차대차 - 추돌,안전운전불이행,젖음/습기,비,교차로 - 교차로부근,승용,남,48세,상해없음,승용,남,60세,중상
2020050900100609,2020년 5월 9일 23시,토요일,대전광역시 유성구 원내동,중상사고,0,1,0,0,차대사람 - 횡단중,안전운전불이행,젖음/습기,비,교차로 - 교차로횡단보도내,화물,남,62세,상해없음,보행자,남,59세,중상
2020051000100031,2020년 5월 10일 01시,일요일,대전광역시 유성구 장대동,경상사고,0,0,1,0,차대차 - 측면충돌,신호위반,젖음/습기,비,교차로 - 교차로안,승용,남,56세,경상,승용,남,28세,상해없음
2020051000100045,2020년 5월 10일 02시,일요일,대전광역시 서구 괴정동,경상사고,0,0,4,0,차대차 - 추돌,안전운전불이행,건조,맑음,교차로 - 교차로안,승용,남,26세,상해없음,승용,남,19세,경상
2020051000100057,2020년 5월 10일 03시,일요일,대전광역시 서구 둔산동,경상사고,0,0,1,0,차대사람 - 횡단중,안전운전불이행,건조,맑음,단일로 - 기타,승용,남,60세,상해없음,보행자,남,30세,경상
2020051000100075,2020년 5월 10일 05시,일요일,대전광역시 대덕구 신탄진동,경상사고,0,0,1,0,차대차 - 기타,안전운전불이행,건조,맑음,교차로 - 교차로안,승용,여,52세,상해없음,승용,남,34세,경상
2020051000100080,2020년 5월 10일 06시,일요일,대전광역시 대덕구 신탄진동,중상사고,0,2,0,0,차대차 - 측면충돌,직진우회전진행방해,건조,맑음,교차로 - 교차로안,승용,여,56세,상해없음,승용,남,49세,중상
2020051000100135,2020년 5월 10일 11시,일요일,대전광역시 유성구 송강동,경상사고,0,0,3,1,차대차 - 측면충돌,안전운전불이행,건조,맑음,교차로 - 교차로안,이륜,남,19세,부상신고,승용,남,57세,경상
2020051000100157,2020년 5월 10일 12시,일요일,대전광역시 동구 용운동,경상사고,0,0,2,0,차대차 - 추돌,안전거리미확보,건조,맑음,단일로 - 기타,승용,남,72세,상해없음,화물,남,75세,경상
2020051000100158,2020년 5월 10일 12시,일요일,대전광역시 대덕구 석봉동,경상사고,0,0,1,0,차대차 - 측면충돌,교차로운행방법위반,건조,맑음,교차로 - 교차로부근,승용,남,62세,상해없음,원동기,남,64세,경상
2020051000100232,2020년 5월 10일 15시,일요일,대전광역시 대덕구 신탄진동,경상사고,0,0,1,0,차대사람 - 기타,안전운전불이행,건조,맑음,단일로 - 기타,승합,남,47세,상해없음,보행자,여,57세,경상
2020051000100294,2020년 5월 10일 17시,일요일,대전광역시 중구 용두동,중상사고,0,1,0,0,차대차 - 측면충돌,신호위반,건조,맑음,교차로 - 교차로안,승용,남,58세,상해없음,이륜,남,32세,중상