사고번호,사고일시,요일,시군구,사고내용,사망자수,중상자수,경상자수,부상신고자수,사고유형,법규위반,노면상태,기상상태,도로형태,가해운전자 차종,가해운전자 성별,가해운전자 연령,가해운전자 상해정도,피해운전자 차종,피해운전자 성별,피해운전자 연령,피해운전자 상해정도
2020051600100119,2020년 5월 16일 08시,토요일,대전광역시 중구 선화동,경상사고,0,0,2,0,차대차 - 추돌,안전운전불이행,건조,맑음,교차로 - 교차로부근,승용,남,22세,상해없음,화물,남,68세,경상
2020051600100120,2020년 5월 16일 08시,토요일,대전광역시 유성구 구암동,중상사고,0,1,0,0,차량단독 - 공작물충돌,안전운전불이행,건조,맑음,단일로 - 기타,승용,여,65세,중상,,,,
2020051600100134,2020년 5월 16일 09시,토요일,대전광역시 중구 대흥동,경상사고,0,0,1,0,차대차 - 측면충돌,안전거리미확보,건조,맑음,단일로 - 기타,승용,남,67세,상해없음,승용,남,23세,경상
2020051600100158,2020년 5월 16일 10시,토요일,대전광역시 대덕구 석봉동,부상신고사고,0,0,0,2,차대차 - 기타,안전운전불이행,건조,맑음,단일로 - 터널,화물,남,42세,상해없음,화물,남,45세,부상신고
2020051600100265,2020년 5월 16일 13시,토요일,대전광역시 동구 가양동,경상사고,0,0,3,0,차대차 - 추돌,교차로운행방법위반,건조,맑음,교차로 - 교차로안,이륜,여,56세,경상,승용,남,26세,경상
2020051600100326,2020년 5월 16일 15시,토요일,대전광역시 중구 선화동,경상사고,0,0,1,0,차대차 - 측면충돌,신호위반,건조,맑음,교차로 - 교차로안,승용,여,48세,상해없음,화물,남,66세,경상
2020051600100327,2020년 5월 16일 15시,토요일,대전광역시 유성구 방동,중상사고,0,1,2,0,차대차 - 기타,안전운전불이행,건조,맑음,단일로 - 기타,승용,남,78세,경상,승용,남,52세,경상
2020051600100358,2020년 5월 16일 16시,토요일,대전광역시 중구 안영동,부상신고사고,0,0,0,1,차대차 - 기타,안전운전불이행,건조,맑음,주차장 - 주차장,승용,남,39세,상해없음,자전거,남,50세,부상신고
2020051600100385,2020년 5월 16일 17시,토요일,대전광역시 중구 선화동,중상사고,0,1,0,0,차대사람 - 횡단중,신호위반,건조,맑음,교차로 - 교차로횡단보도내,화물,남,42세,상해없음,보행자,남,64세,중상
2020051600100386,2020년 5월 16일 17시,토요일,대전광역시 유성구 화암동,중상사고,0,1,2,0,차대차 - 측면충돌,신호위반,건조,맑음,교차로 - 교차로안,승용,남,70세,상해없음,승용,남,43세,중상
2020051600100422,2020년 5월 16일 18시,토요일,대전광역시 대덕구 법동,경상사고,0,0,1,0,차대사람 - 기타,안전운전불이행,건조,맑음,단일로 - 기타,승용,여,51세,상해없음,보행자,여,10세,경상
2020051600100423,2020년 5월 16일 18시,토요일,대전광역시 유성구 어은동,경상사고,0,0,2,0,차대차 - 측면충돌,안전거리미확보,건조,맑음,교차로 - 교차로부근,승용,남,54세,기타불명,승용,남,40세,경상
2020051600100451,2020년 5월 16일 19시,토요일,대전광역시 유성구 궁동,경상사고,0,0,1,0,차대차 - 측면충돌,안전운전불이행,건조,맑음,단일로 - 기타,원동기,남,39세,상해없음,승용,남,28세,경상
2020051600100471,2020년 5월 16일 20시,토요일,대전광역시 동구 삼성동,경상사고,0,0,2,0,차대차 - 정면충돌,신호위반,건조,맑음,교차로 - 교차로안,승용,여,22세,상해없음,승용,남,67세,경상
2020051600100525,2020년 5월 16일 22시,토요일,대전광역시 중구 문화동,경상사고,0,0,1,0,차대차 - 추돌,안전운전불이행,건조,맑음,단일로 - 기타,승용,남,56세,상해없음,승용,여,43세,경상
2020051600100527,2020년 5월 16일 22시,토요일,대전광역시 서구 만년동,경상사고,0,0,1,0,차대차 - 추돌,안전운전불이행,건조,맑음,기타 - 기타,승용,여,43세,상해없음,승용,여,52세,경상
2020051700100105,2020년 5월 17일 09시,일요일,대전광역시 동구 소제동,경상사고,0,0,1,0,차대차 - 측면충돌,교차로운행방법위반,건조,맑음,교차로 - 교차로안,승용,남,48세,상해없음,승용,여,45세,경상
2020051700100180,2020년 5월 17일 12시,일요일,대전광역시 유성구 도룡동,중상사고,0,1,0,0,차대차 - 측면충돌,신호위반,건조,맑음,교차로 - 교차로횡단보도내,승합,여,40세,상해없음,자전거,남,76세,중상
2020051700100204,2020년 5월 17일 13시,일요일,대전광역시 중구 목동,경상사고,0,0,1,0,차대사람 - 횡단중,안전운전불이행,건조,맑음,단일로 - 기타,승용,남,41세,상해없음,보행자,남,73세,경상
2020051700100266,2020년 5월 17일 15시,일요일,대전광역시 서구 도안동,경상사고,0,0,1,0,차대차 - 기타,직진우회전진행방해,건조,맑음,교차로 - 교차로안,화물,남,55세,상해없음,자전거,여,8세,경상
2020051700100267,2020년 5월 17일 15시,일요일,대전광역시 서구 도마동,경상사고,0,0,2,0,차대차 - 추돌,안전운전불이행,건조,맑음,단일로 - 기타,승용,남,23세,상해없음,승용,남,28세,경상
2020051700100296,2020년 5월 17일 16시,일요일,대전광역시 유성구 구암동,부상신고사고,0,0,0,1,차대차 - 기타,안전운전불이행,건조,맑음,교차로 - 교차로안,승용,남,48세,상해없음,이륜,남,30세,부상신고
2020051700100333,2020년 5월 17일 17시,일요일,대전광역시 중구 석교동,중상사고,0,1,0,0,차대차 - 측면충돌,신호위반,건조,맑음,교차로 - 교차로안,화물,남,67세,상해없음,자전거,남,79세,중상
2020051700100334,2020년 5월 17일 17시,일요일,대전광역시 동구 가양동,경상사고,0,0,1,0,차대사람 - 기타,안전운전불이행,건조,맑음,단일로 - 기타,승용,남,31세,상해없음,보행자,남,24세,경상
2020051700100335,2020년 5월 17일 17시,일요일,대전광역시 서구 도마동,경상사고,0,0,1,0,차대차 - 측면충돌,교차로운행방법위반,건조,맑음,교차로 - 교차로안,승용,남,63세,기타불명,승용,남,59세,경상
2020051700100336,2020년 5월 17일 17시,일요일,대전광역시 서구 탄방동,경상사고,0,0,1,0,차대차 - 측면충돌,교차로운행방법위반,건조,맑음,교차로 - 교차로안,승용,여,31세,상해없음,승용,여,50세,경상
2020051700100360,2020년 5월 17일 18시,일요일,대전광역시 동구 대성동,경상사고,0,0,1,0,차대차 - 측면충돌,안전운전불이행,건조,맑음,단일로 - 기타,승용,남,59세,상해없음,이륜,남,42세,경상
2020051700100361,2020년 5월 17일 18시,일요일,대전광역시 동구 자양동,중상사고,0,1,1,0,차대차 - 기타,기타,건조,맑음,교차로 - 교차로부근,승용,남,59세,경상,이륜,남,49세,중상
2020051700100383,2020년 5월 17일 19시,일요일,대전광역시 동구 성남동,경상사고,0,0,1,1,차대차 - 추돌,안전운전불이행,건조,맑음,교차로 - 교차로부근,승용,남,47세,상해없음,승용,남,58세,경상
2020051700100414,2020년 5월 17일 20시,일요일,대전광역시 중구 태평동,경상사고,0,0,3,0,차대차 - 측면충돌,교차로운행방법위반,건조,맑음,교차로 - 교차로안,승용,남,71세,상해없음,승용,여,34세,경상
2020051700100415,2020년 5월 17일 20시,일요일,대전광역시 유성구 봉명동,중상사고,0,1,0,0,차대차 - 측면충돌,신호위반,건조,맑음,교차로 - 교차로안,승용,남,53세,기타불명,승용,남,33세,중상
2020051700100446,2020년 5월 17일 21시,일요일,대전광역시 유성구 노은동,경상사고,0,0,4,0,차대차 - 기타,신호위반,건조,맑음,교차로 - 교차로안,승용,여,19세,경상,승용,남,24세,경상
2020051700100447,2020년 5월 17일 21시,일요일,대전광역시 유성구 궁동,경상사고,0,0,1,0,차대사람 - 기타,보행자보호의무위반,건조,맑음,단일로 - 기타,승용,남,41세,상해없음,보행자,남,53세,경상
2020051800100025,2020년 5월 18일 02시,월요일,대전광역시 중구 용두동,경상사고,0,0,1,0,차대차 - 측면충돌,안전운전불이행,건조,맑음,단일로 - 기타,승용,여,38세,상해없음,승용,남,73세,경상
2020051800100124,2020년 5월 18일 09시,월요일,대전광역시 서구 탄방동,경상사고,0,0,1,0,차대차 - 기타,안전운전불이행,건조,맑음,교차로 - 교차로부근,승용,여,53세,기타불명,승용,남,46세,경상
2020051800100194,2020년 5월 18일 11시,월요일,대전광역시 동구 판암동,경상사고,0,0,2,0,차대차 - 측면충돌,안전운전불이행,건조,맑음,교차로 - 교차로안,승용,여,54세,상해없음,승용,여,36세,경상
2020051800100228,2020년 5월 18일 12시,월요일,대전광역시 중구 대흥동,경상사고,0,0,1,0,차대차 - 기타,교차로운행방법위반,건조,맑음,교차로 - 교차로안,승용,남,64세,상해없음,승용,남,36세,경상
2020051800100229,2020년 5월 18일 12시,월요일,대전광역시 동구 효평동,경상사고,0,0,1,0,차대차 - 측면충돌,중앙선침범,건조,맑음,단일로 - 기타,자전거,남,38세,경상,승용,여,56세,상해없음
2020051800100311,2020년 5월 18일 14시,월요일,대전광역시 유성구 어은동,중상사고,0,1,0,0,차대사람 - 횡단중,안전운전불이행,건조,맑음,교차로 - 교차로안,승용,여,50세,상해없음,보행자,남,69세,중상
2020051800100355,2020년 5월 18일 15시,월요일,대전광역시 동구 삼성동,경상사고,0,0,1,0,차대사람 - 기타,안전운전불이행,건조,맑음,단일로 - 기타,승용,여,60세,상해없음,보행자,여,67세,경상
2020051800100356,2020년 5월 18일 15시,월요일,대전광역시 대덕구 읍내동,중상사고,0,2,0,0,차대차 - 기타,교차로운행방법위반,건조,맑음,교차로 - 교차로부근,특수,남,59세,상해없음,승용,여,36세,중상
2020051800100411,2020년 5월 18일 16시,월요일,대전광역시 유성구 복용동,경상사고,0,0,1,0,차대차 - 기타,안전운전불이행,건조,맑음,단일로 - 기타,기타불명,기타불명,미분류,기타불명,자전거,남,15세,경상
2020051800100456,2020년 5월 18일 17시,월요일,대전광역시 서구 탄방동,경상사고,0,0,1,0,차대차 - 기타,안전운전불이행,젖음/습기,비,교차로 - 교차로안,승용,남,66세,상해없음,승용,여,50세,경상
2020051800100457,2020년 5월 18일 17시,월요일,대전광역시 서구 둔산동,경상사고,0,0,1,0,차대차 - 측면충돌,안전거리미확보,건조,맑음,단일로 - 기타,승용,여,47세,상해없음,승용,남,54세,경상
2020051800100495,2020년 5월 18일 18시,월요일,대전광역시 서구 정림동,경상사고,0,0,2,0,차대차 - 추돌,안전거리미확보,젖음/습기,비,단일로 - 교량,이륜,남,21세,상해없음,승용,여,48세,경상
2020051800100496,2020년 5월 18일 18시,월요일,대전광역시 대덕구 덕암동,경상사고,0,0,2,0,차량단독 - 기타,안전운전불이행,젖음/습기,비,단일로 - 기타,승합,남,35세,상해없음,,,,
2020051800100536,2020년 5월 18일 19시,월요일,대전광역시 중구 유천동,중상사고,0,1,0,0,차대차 - 기타,직진우회전진행방해,젖음/습기,비,교차로 - 교차로안,이륜,남,40세,중상,승용,여,47세,상해없음
2020051800100537,2020년 5월 18일 19시,월요일,대전광역시 서구 정림동,경상사고,0,0,1,0,차대차 - 기타,안전거리미확보,젖음/습기,비,단일로 - 기타,승용,여,60세,상해없음,승용,남,67세,경상
2020051800100574,2020년 5월 18일 20시,월요일,대전광역시 동구 인동,중상사고,0,3,1,0,차대차 - 정면충돌,교차로운행방법위반,건조,맑음,교차로 - 교차로안,승용,남,67세,상해없음,승용,남,47세,중상
2020051800100614,2020년 5월 18일 21시,월요일,대전광역시 유성구 노은동,경상사고,0,0,1,0,차대차 - 기타,신호위반,건조,맑음,교차로 - 교차로안,승용,남,23세,상해없음,승용,여,63세,경상
2020051800100645,2020년 5월 18일 23시,월요일,대전광역시 유성구 하기동,경상사고,0,0,1,0,차대차 - 측면충돌,안전거리미확보,젖음/습기,비,단일로 - 기타,승용,여,38세,상해없음,승용,여,41세,경상
2020051900100068,2020년 5월 19일 07시,화요일,대전광역시 대덕구 중리동,경상사고,0,0,1,0,차대사람 - 기타,보행자보호의무위반,젖음/습기,흐림,교차로 - 교차로안,승용,남,54세,상해없음,보행자,여,75세,경상
2020051900100179,2020년 5월 19일 11시,화요일,대전광역시 중구 중촌동,중상사고,0,1,0,0,차대차 - 추돌,안전운전불이행,건조,흐림,단일로 - 기타,건설기계,남,60세,상해없음,승용,여,62세,중상
2020051900100180,2020년 5월 19일 11시,화요일,대전광역시 유성구 궁동,경상사고,0,0,4,0,차대차 - 기타,안전거리미확보,젖음/습기,흐림,단일로 - 기타,승용,남,58세,상해없음,승용,남,25세,경상
2020051900100251,2020년 5월 19일 13시,화요일,대전광역시 서구 갈마동,경상사고,0,0,1,0,차대차 - 후진중충돌,안전운전불이행,젖음/습기,비,단일로 - 기타,승용,여,52세,상해없음,승용,남,43세,경상
2020051900100314,2020년 5월 19일 15시,화요일,대전광역시 대덕구 상서동,중상사고,0,1,0,0,차대사람 - 기타,안전운전불이행,건조,맑음,주차장 - 주차장,건설기계,남,63세,상해없음,보행자,남,62세,중상
2020051900100358,2020년 5월 19일 16시,화요일,대전광역시 서구 만년동,경상사고,0,0,1,0,차대차 - 측면충돌,신호위반,건조,맑음,교차로 - 교차로안,승용,남,23세,상해없음,승용,남,27세,경상
2020051900100400,2020년 5월 19일 17시,화요일,대전광역시 동구 가오동,경상사고,0,0,1,0,차대차 - 정면충돌,중앙선침범,건조,맑음,단일로 - 기타,승용,남,66세,상해없음,화물,남,49세,경상
2020051900100401,2020년 5월 19일 17시,화요일,대전광역시 유성구 방동,경상사고,0,0,1,0,차대차 - 후진중충돌,안전운전불이행,젖음/습기,맑음,기타 - 기타,승용,남,64세,상해없음,승용,여,51세,경상
2020051900100402,2020년 5월 19일 17시,화요일,대전광역시 유성구 지족동,중상사고,0,1,0,0,차대차 - 측면충돌,신호위반,건조,맑음,교차로 - 교차로횡단보도내,승용,여,48세,상해없음,자전거,여,8세,중상
2020051900100439,2020년 5월 19일 18시,화요일,대전광역시 서구 갈마동,중상사고,0,1,0,0,차대사람 - 길가장자리구역통행중,안전운전불이행,건조,맑음,단일로 - 기타,승용,남,32세,상해없음,보행자,여,20세,중상
2020051900100462,2020년 5월 19일 19시,화요일,대전광역시 중구 부사동,경상사고,0,0,1,0,차대차 - 측면충돌,신호위반,건조,맑음,교차로 - 교차로부근,승용,남,34세,기타불명,자전거,여,59세,경상
2020051900100463,2020년 5월 19일 19시,화요일,대전광역시 대덕구 오정동,경상사고,0,0,1,0,차대차 - 기타,안전운전불이행,건조,맑음,교차로 - 교차로부근,화물,남,38세,상해없음,승용,여,60세,경상
2020051900100525,2020년 5월 19일 21시,화요일,대전광역시 동구 중동,사망사고,1,0,0,0,차대사람 - 횡단중,신호위반,건조,맑음,교차로 - 교차로안,승용,여,57세,상해없음,보행자,남,63세,사망
2020051900100526,2020년 5월 19일 21시,화요일,대전광역시 서구 변동,경상사고,0,0,1,0,차대차 - 측면충돌,안전거리미확보,건조,맑음,단일로 - 기타,승용,남,62세,상해없음,승용,여,40세,경상
2020051900100527,2020년 5월 19일 21시,화요일,대전광역시 유성구 갑동,중상사고,0,1,0,0,차대차 - 측면충돌,안전거리미확보,건조,맑음,단일로 - 기타,화물,남,58세,상해없음,승용,여,54세,중상
2020051900100557,2020년 5월 19일 22시,화요일,대전광역시 서구 탄방동,경상사고,0,0,1,0,차량단독 - 기타,안전운전불이행,건조,맑음,단일로 - 기타,승용,남,72세,상해없음,,,,
2020052000100045,2020년 5월 20일 03시,수요일,대전광역시 서구 둔산동,부상신고사고,0,0,0,1,차대사람 - 기타,안전운전불이행,건조,맑음,단일로 - 기타,기타불명,기타불명,미분류,기타불명,보행자,남,22세,부상신고
2020052000100050,2020년 5월 20일 04시,수요일,대전광역시 대덕구 중리동,사망사고,1,0,0,0,차대사람 - 횡단중,안전운전불이행,젖음/습기,흐림,교차로 - 교차로횡단보도내,화물,남,27세,상해없음,보행자,여,55세,사망
2020052000100051,2020년 5월 20일 04시,수요일,대전광역시 유성구 관평동,경상사고,0,0,1,0,차대차 - 측면충돌,기타,건조,맑음,단일로 - 기타,승용,남,55세,상해없음,자전거,여,10세,경상
2020052000100165,2020년 5월 20일 09시,수요일,대전광역시 동구 정동,부상신고사고,0,0,0,1,차대사람 - 횡단중,안전운전불이행,건조,맑음,교차로 - 교차로안,승용,남,39세,상해없음,보행자,남,64세,부상신고
2020052000100166,2020년 5월 20일 09시,수요일,대전광역시 서구 관저동,중상사고,0,1,0,0,차대차 - 추돌,안전운전불이행,건조,맑음,교차로 - 교차로부근,화물,남,67세,상해없음,승용,여,51세,중상
2020052000100167,2020년 5월 20일 09시,수요일,대전광역시 유성구 원내동,경상사고,0,0,2,0,차대차 - 추돌,안전운전불이행,건조,맑음,교차로 - 교차로부근,승용,남,43세,기타불명,승용,남,58세,경상
2020052000100203,2020년 5월 20일 10시,수요일,대전광역시 중구 용두동,중상사고,0,1,0,0,차대차 - 기타,안전운전불이행,건조,맑음,교차로 - 교차로안,승용,남,53세,기타불명,자전거,남,30세,중상
2020052000100245,2020년 5월 20일 11시,수요일,대전광역시 대덕구 법동,중상사고,0,1,0,0,차대사람 - 기타,보행자보호의무위반,건조,맑음,단일로 - 기타,승용,여,62세,상해없음,보행자,여,12세,중상
2020052000100293,2020년 5월 20일 12시,수요일,대전광역시 유성구 봉명동,중상사고,0,1,1,0,차대차 - 측면충돌,안전운전불이행,건조,맑음,교차로 - 교차로부근,이륜,남,32세,상해없음,승용,남,29세,경상
2020052000100323,2020년 5월 20일 13시,수요일,대전광역시 중구 태평동,경상사고,0,0,1,0,차대차 - 기타,안전운전불이행,건조,맑음,교차로 - 교차로횡단보도내,자전거,남,61세,경상,승용,여,54세,상해없음
2020052000100365,2020년 5월 20일 14시,수요일,대전광역시 동구 중동,경상사고,0,0,1,0,차대차 - 기타,안전운전불이행,건조,맑음,단일로 - 기타,승용,남,62세,기타불명,승합,남,44세,경상
2020052000100500,2020년 5월 20일 17시,수요일,대전광역시 중구 목동,경상사고,0,0,1,0,차대차 - 기타,신호위반,건조,맑음,교차로 - 교차로안,화물,남,67세,상해없음,승용,남,53세,경상
2020052000100501,2020년 5월 20일 17시,수요일,대전광역시 서구 내동,경상사고,0,0,2,0,차대차 - 기타,안전거리미확보,건조,맑음,교차로 - 교차로부근,승용,여,68세,경상,화물,남,32세,경상
2020052000100502,2020년 5월 20일 17시,수요일,대전광역시 서구 갈마동,경상사고,0,0,2,0,차대차 - 측면충돌,안전거리미확보,건조,맑음,단일로 - 기타,승용,여,47세,경상,승용,남,39세,경상
2020052000100503,2020년 5월 20일 17시,수요일,대전광역시 유성구 도룡동,경상사고,0,0,2,0,차대차 - 측면충돌,안전운전불이행,건조,맑음,교차로 - 교차로안,승용,남,58세,상해없음,승용,남,46세,경상
2020052000100588,2020년 5월 20일 19시,수요일,대전광역시 중구 석교동,경상사고,0,0,1,0,차대차 - 측면충돌,불법유턴,건조,맑음,교차로 - 교차로횡단보도내,자전거,남,10세,경상,화물,남,23세,상해없음
2020052000100589,2020년 5월 20일 19시,수요일,대전광역시 중구 유천동,경상사고,0,0,2,0,차대차 - 기타,안전거리미확보,건조,맑음,교차로 - 교차로안,승용,남,57세,상해없음,승용,여,54세,경상
2020052000100622,2020년 5월 20일 20시,수요일,대전광역시 서구 둔산동,중상사고,0,2,0,0,차대차 - 측면충돌,신호위반,건조,맑음,단일로 - 기타,승용,남,26세,상해없음,승용,여,60세,중상
2020052000100642,2020년 5월 20일 21시,수요일,대전광역시 중구 대흥동,경상사고,0,0,5,0,차대차 - 기타,안전운전불이행,건조,맑음,단일로 - 기타,승용,남,63세,상해없음,승용,남,70세,경상
2020052000100643,2020년 5월 20일 21시,수요일,대전광역시 서구 둔산동,경상사고,0,0,1,0,차대사람 - 기타,안전운전불이행,젖음/습기,맑음,단일로 - 기타,승용,남,54세,상해없음,보행자,남,44세,경상
2020052000100644,2020년 5월 20일 21시,수요일,대전광역시 유성구 원신흥동,경상사고,0,0,2,0,차대차 - 기타,안전운전불이행,건조,맑음,교차로 - 교차로안,승용,여,64세,상해없음,승용,여,43세,경상
2020052000100671,2020년 5월 20일 22시,수요일,대전광역시 서구 도마동,경상사고,0,0,1,0,차대차 - 측면충돌,신호위반,건조,맑음,교차로 - 교차로안,승용,남,60세,상해없음,승용,여,42세,경상
2020052000100672,2020년 5월 20일 22시,수요일,대전광역시 유성구 궁동,중상사고,0,1,0,0,차대차 - 기타,안전운전불이행,건조,맑음,단일로 - 기타,개인형이동수단(PM),남,37세,중상,승용,남,37세,상해없음
2020052000100689,2020년 5월 20일 23시,수요일,대전광역시 중구 유천동,중상사고,0,1,0,0,차대사람 - 기타,신호위반,건조,맑음,교차로 - 교차로부근,이륜,남,32세,상해없음,보행자,남,40세,중상
2020052000100690,2020년 5월 20일 23시,수요일,대전광역시 서구 만년동,중상사고,0,1,0,0,차대차 - 측면충돌,안전거리미확보,건조,맑음,단일로 - 교량,승용,남,47세,상해없음,승합,남,51세,중상
2020052100100005,2020년 5월 21일 00시,목요일,대전광역시 유성구 봉명동,경상사고,0,0,1,0,차대차 - 추돌,안전운전불이행,건조,맑음,교차로 - 교차로부근,승용,남,35세,상해없음,승용,남,34세,경상
2020052100100028,2020년 5월 21일 04시,목요일,대전광역시 서구 갈마동,경상사고,0,0,3,0,차대차 - 측면충돌,안전운전불이행,건조,맑음,단일로 - 기타,승용,남,21세,상해없음,승용,남,52세,경상
2020052100100120,2020년 5월 21일 08시,목요일,대전광역시 서구 도마동,중상사고,0,1,0,0,차대사람 - 횡단중,안전운전불이행,건조,맑음,단일로 - 기타,화물,남,49세,상해없음,보행자,남,80세,중상
2020052100100148,2020년 5월 21일 09시,목요일,대전광역시 서구 갈마동,경상사고,0,0,1,0,차대차 - 측면충돌,기타,건조,맑음,단일로 - 기타,승용,남,30세,상해없음,승용,여,37세,경상
2020052100100149,2020년 5월 21일 09시,목요일,대전광역시 서구 갈마동,경상사고,0,0,2,0,차대차 - 측면충돌,안전운전불이행,건조,맑음,단일로 - 기타,승용,남,43세,경상,승용,남,60세,경상
2020052100100150,2020년 5월 21일 09시,목요일,대전광역시 유성구 지족동,경상사고,0,0,2,0,차대차 - 기타,안전운전불이행,건조,맑음,교차로 - 교차로부근,승용,남,57세,상해없음,승용,남,81세,경상
2020052100100151,2020년 5월 21일 09시,목요일,대전광역시 유성구 하기동,경상사고,0,0,1,0,차대차 - 기타,안전운전불이행,건조,맑음,단일로 - 기타,승용,여,59세,상해없음,승용,여,35세,경상
2020052100100184,2020년 5월 21일 10시,목요일,대전광역시 동구 홍도동,경상사고,0,0,1,0,차대차 - 측면충돌,안전운전불이행,건조,맑음,교차로 - 교차로안,승용,남,62세,상해없음,승용,남,23세,경상
2020052100100225,2020년 5월 21일 11시,목요일,대전광역시 서구 둔산동,중상사고,0,1,0,0,차량단독 - 기타,안전운전불이행,건조,맑음,단일로 - 기타,승합,남,50세,상해없음,,,,
2020052100100294,2020년 5월 21일 13시,목요일,대전광역시 동구 가양동,경상사고,0,0,1,0,차대차 - 기타,신호위반,건조,맑음,단일로 - 기타,승용,여,39세,상해없음,자전거,여,51세,경상
2020052100100330,2020년 5월 21일 14시,목요일,대전광역시 서구 둔산동,경상사고,0,0,1,0,차대차 - 측면충돌,신호위반,건조,맑음,교차로 - 교차로안,승용,여,40세,상해없음,승용,남,56세,경상
2020052100100401,2020년 5월 21일 16시,목요일,대전광역시 서구 가수원동,경상사고,0,0,1,1,차대차 - 기타,안전거리미확보,건조,맑음,교차로 - 교차로부근,승용,남,48세,상해없음,화물,남,59세,경상
2020052100100462,2020년 5월 21일 17시,목요일,대전광역시 중구 문화동,중상사고,0,1,0,0,차대차 - 기타,교차로운행방법위반,건조,맑음,교차로 - 교차로안,화물,남,74세,상해없음,자전거,남,8세,중상
2020052100100463,2020년 5월 21일 17시,목요일,대전광역시 서구 둔산동,경상사고,0,0,2,0,차대차 - 측면충돌,신호위반,건조,맑음,교차로 - 교차로안,승용,남,44세,상해없음,승용,남,46세,경상
2020052100100464,2020년 5월 21일 17시,목요일,대전광역시 유성구 도룡동,경상사고,0,0,1,0,차대차 - 측면충돌,안전운전불이행,건조,맑음,단일로 - 기타,승용,남,56세,상해없음,승용,남,47세,경상
2020052100100516,2020년 5월 21일 18시,목요일,대전광역시 동구 소제동,중상사고,0,1,0,0,차대사람 - 횡단중,신호위반,건조,맑음,단일로 - 기타,승용,남,60세,상해없음,보행자,여,58세,중상
2020052100100546,2020년 5월 21일 19시,목요일,대전광역시 서구 도마동,경상사고,0,0,2,0,차대차 - 측면충돌,안전운전불이행,건조,맑음,단일로 - 기타,승용,남,61세,상해없음,승용,남,50세,경상
2020052100100594,2020년 5월 21일 21시,목요일,대전광역시 유성구 상대동,경상사고,0,0,1,0,차대사람 - 길가장자리구역통행중,안전운전불이행,건조,맑음,단일로 - 기타,승용,여,28세,상해없음,보행자,남,26세,경상
2020052100100614,2020년 5월 21일 22시,목요일,대전광역시 중구 중촌동,중상사고,0,1,0,0,차량단독 - 공작물충돌,안전운전불이행,건조,맑음,단일로 - 기타,승용,남,73세,상해없음,,,,
2020052100100615,2020년 5월 21일 22시,목요일,대전광역시 서구 내동,경상사고,0,0,1,0,차대차 - 측면충돌,안전운전불이행,건조,맑음,단일로 - 기타,승용,여,37세,상해없음,이륜,남,26세,경상
2020052100100616,2020년 5월 21일 22시,목요일,대전광역시 서구 월평동,경상사고,0,0,2,0,차대차 - 기타,안전운전불이행,건조,맑음,단일로 - 지하차도(도로)내,승용,남,38세,상해없음,승용,남,51세,경상
2020052100100629,2020년 5월 21일 23시,목요일,대전광역시 서구 월평동,경상사고,0,0,1,0,차대차 - 추돌,안전운전불이행,건조,맑음,단일로 - 기타,이륜,남,24세,상해없음,승용,여,55세,경상
2020052100100630,2020년 5월 21일 23시,목요일,대전광역시 서구 둔산동,경상사고,0,0,3,0,차대차 - 추돌,안전운전불이행,건조,맑음,교차로 - 교차로안,승용,남,61세,상해없음,승용,여,41세,경상
2020052100100631,2020년 5월 21일 23시,목요일,대전광역시 유성구 봉명동,경상사고,0,0,1,0,차대차 - 측면충돌,안전운전불이행,건조,맑음,단일로 - 기타,승용,남,55세,상해없음,개인형이동수단(PM),남,43세,경상
2020052200100024,2020년 5월 22일 01시,금요일,대전광역시 중구 오류동,경상사고,0,0,1,0,차대차 - 추돌,안전운전불이행,건조,맑음,단일로 - 기타,승용,남,27세,상해없음,승합,남,25세,경상
2020052200100035,2020년 5월 22일 04시,금요일,대전광역시 동구 중동,경상사고,0,0,4,0,차대차 - 추돌,안전운전불이행,건조,맑음,교차로 - 교차로부근,승용,여,32세,상해없음,승용,남,46세,경상
2020052200100117,2020년 5월 22일 08시,금요일,대전광역시 중구 용두동,경상사고,0,0,1,0,차대사람 - 횡단중,안전운전불이행,건조,맑음,단일로 - 기타,승용,남,63세,상해없음,보행자,여,57세,경상
2020052200100118,2020년 5월 22일 08시,금요일,대전광역시 서구 탄방동,중상사고,0,1,0,0,차대사람 - 기타,안전운전불이행,건조,맑음,단일로 - 기타,승용,여,25세,상해없음,보행자,여,30세,중상
2020052200100152,2020년 5월 22일 09시,금요일,대전광역시 서구 갈마동,중상사고,0,1,0,0,차대차 - 기타,안전운전불이행,건조,맑음,단일로 - 기타,화물,여,62세,상해없음,승합,남,58세,상해없음
2020052200100340,2020년 5월 22일 14시,금요일,대전광역시 유성구 궁동,경상사고,0,0,1,0,차대사람 - 기타,안전운전불이행,건조,맑음,단일로 - 기타,승용,여,57세,상해없음,보행자,남,39세,경상
2020052200100377,2020년 5월 22일 15시,금요일,대전광역시 중구 유천동,경상사고,0,0,1,0,차대차 - 측면충돌,신호위반,건조,맑음,단일로 - 고가도로위,이륜,남,67세,상해없음,승용,남,21세,경상
2020052200100422,2020년 5월 22일 16시,금요일,대전광역시 유성구 지족동,경상사고,0,0,1,0,차대사람 - 기타,안전운전불이행,건조,맑음,단일로 - 기타,승용,남,50세,상해없음,보행자,남,58세,경상