사고번호,사고일시,요일,시군구,사고내용,사망자수,중상자수,경상자수,부상신고자수,사고유형,법규위반,노면상태,기상상태,도로형태,가해운전자 차종,가해운전자 성별,가해운전자 연령,가해운전자 상해정도,피해운전자 차종,피해운전자 성별,피해운전자 연령,피해운전자 상해정도
2020052200100471,2020년 5월 22일 17시,금요일,대전광역시 동구 가양동,경상사고,0,0,1,0,차대차 - 기타,중앙선침범,젖음/습기,흐림,단일로 - 기타,승용,여,54세,상해없음,이륜,남,26세,경상
2020052200100472,2020년 5월 22일 17시,금요일,대전광역시 동구 홍도동,경상사고,0,0,1,0,차대차 - 기타,안전거리미확보,젖음/습기,비,교차로 - 교차로안,승용,남,38세,상해없음,승용,남,38세,경상
2020052200100473,2020년 5월 22일 17시,금요일,대전광역시 서구 둔산동,경상사고,0,0,1,0,차대차 - 기타,교차로운행방법위반,건조,맑음,교차로 - 교차로안,승용,여,68세,기타불명,승용,여,37세,경상
2020052200100533,2020년 5월 22일 18시,금요일,대전광역시 동구 용운동,경상사고,0,0,1,0,차대차 - 기타,신호위반,젖음/습기,비,교차로 - 교차로안,기타불명,기타불명,미분류,기타불명,승용,남,57세,상해없음
2020052200100534,2020년 5월 22일 18시,금요일,대전광역시 유성구 봉명동,경상사고,0,0,1,0,차대차 - 추돌,안전운전불이행,건조,맑음,단일로 - 기타,승합,남,48세,상해없음,승용,여,45세,경상
2020052200100577,2020년 5월 22일 19시,금요일,대전광역시 동구 용전동,경상사고,0,0,1,0,차대사람 - 길가장자리구역통행중,안전운전불이행,젖음/습기,흐림,교차로 - 교차로부근,승용,남,29세,상해없음,보행자,남,62세,경상
2020052200100578,2020년 5월 22일 19시,금요일,대전광역시 서구 탄방동,경상사고,0,0,1,0,차대차 - 정면충돌,중앙선침범,젖음/습기,비,단일로 - 기타,승용,여,57세,상해없음,승용,남,35세,경상
2020052200100579,2020년 5월 22일 19시,금요일,대전광역시 유성구 장대동,경상사고,0,0,1,0,차대차 - 기타,안전운전불이행,건조,맑음,교차로 - 교차로안,화물,남,56세,상해없음,승용,여,42세,경상
2020052200100580,2020년 5월 22일 19시,금요일,대전광역시 유성구 하기동,경상사고,0,0,1,0,차대차 - 측면충돌,안전운전불이행,건조,맑음,교차로 - 교차로안,승용,남,43세,상해없음,승용,남,38세,경상
2020052200100616,2020년 5월 22일 20시,금요일,대전광역시 유성구 송강동,경상사고,0,0,1,0,차대차 - 기타,교차로운행방법위반,건조,맑음,교차로 - 교차로안,화물,남,56세,상해없음,승용,남,27세,경상
2020052200100648,2020년 5월 22일 21시,금요일,대전광역시 서구 갈마동,경상사고,0,0,1,0,차대사람 - 길가장자리구역통행중,안전운전불이행,건조,맑음,단일로 - 기타,승용,남,68세,상해없음,보행자,남,30세,경상
2020052200100649,2020년 5월 22일 21시,금요일,대전광역시 서구 월평동,경상사고,0,0,2,0,차대차 - 추돌,안전운전불이행,건조,맑음,교차로 - 교차로부근,승용,남,57세,상해없음,승용,남,27세,경상
2020052200100676,2020년 5월 22일 22시,금요일,대전광역시 대덕구 석봉동,경상사고,0,0,2,0,차대차 - 측면충돌,안전운전불이행,건조,맑음,교차로 - 교차로안,승용,여,60세,상해없음,승용,남,42세,경상
2020052200100700,2020년 5월 22일 23시,금요일,대전광역시 동구 원동,중상사고,0,1,0,0,차대차 - 측면충돌,중앙선침범,건조,맑음,교차로 - 교차로부근,자전거,남,72세,중상,승용,남,23세,상해없음
2020052300100013,2020년 5월 23일 00시,토요일,대전광역시 유성구 구암동,경상사고,0,0,1,0,차대차 - 추돌,안전운전불이행,건조,맑음,단일로 - 기타,승용,여,53세,상해없음,승용,남,61세,경상
2020052300100099,2020년 5월 23일 08시,토요일,대전광역시 유성구 외삼동,경상사고,0,0,1,0,차대차 - 기타,안전운전불이행,건조,맑음,교차로 - 교차로부근,승용,남,33세,상해없음,승용,남,31세,경상
2020052300100156,2020년 5월 23일 10시,토요일,대전광역시 중구 중촌동,경상사고,0,0,1,0,차대사람 - 기타,안전운전불이행,건조,맑음,단일로 - 기타,승용,남,36세,기타불명,보행자,여,61세,경상
2020052300100157,2020년 5월 23일 10시,토요일,대전광역시 동구 정동,경상사고,0,0,1,0,차대차 - 측면충돌,안전운전불이행,건조,맑음,단일로 - 기타,원동기,남,69세,경상,승용,남,49세,상해없음
2020052300100208,2020년 5월 23일 11시,토요일,대전광역시 동구 자양동,경상사고,0,0,2,0,차대차 - 측면충돌,안전운전불이행,건조,맑음,단일로 - 기타,승용,남,33세,상해없음,승용,남,75세,경상
2020052300100251,2020년 5월 23일 12시,토요일,대전광역시 유성구 장대동,경상사고,0,0,1,0,차대차 - 기타,안전운전불이행,건조,맑음,교차로 - 교차로부근,이륜,남,49세,상해없음,승용,남,23세,경상
2020052300100303,2020년 5월 23일 13시,토요일,대전광역시 서구 탄방동,경상사고,0,0,1,0,차대차 - 후진중충돌,안전운전불이행,건조,맑음,단일로 - 기타,승용,여,41세,기타불명,승용,남,30세,경상
2020052300100339,2020년 5월 23일 14시,토요일,대전광역시 중구 선화동,중상사고,0,1,0,0,차대차 - 기타,교차로운행방법위반,건조,맑음,교차로 - 교차로안,승용,남,39세,상해없음,이륜,남,54세,중상
2020052300100369,2020년 5월 23일 15시,토요일,대전광역시 서구 내동,경상사고,0,0,1,0,차대사람 - 기타,안전운전불이행,건조,맑음,단일로 - 기타,기타불명,기타불명,미분류,기타불명,보행자,남,4세,경상
2020052300100370,2020년 5월 23일 15시,토요일,대전광역시 유성구 봉명동,부상신고사고,0,0,0,1,차대차 - 기타,안전운전불이행,건조,맑음,단일로 - 기타,자전거,남,8세,기타불명,자전거,남,53세,부상신고
2020052300100411,2020년 5월 23일 16시,토요일,대전광역시 대덕구 신탄진동,경상사고,0,0,1,0,차대차 - 기타,안전운전불이행,건조,맑음,교차로 - 교차로안,승용,남,38세,상해없음,승용,여,56세,경상
2020052300100461,2020년 5월 23일 17시,토요일,대전광역시 서구 내동,경상사고,0,0,2,0,차대차 - 측면충돌,안전거리미확보,건조,맑음,단일로 - 기타,승용,남,32세,상해없음,승용,여,47세,경상
2020052300100490,2020년 5월 23일 18시,토요일,대전광역시 서구 용문동,경상사고,0,0,2,0,차대차 - 측면충돌,신호위반,건조,맑음,단일로 - 기타,기타불명,기타불명,미분류,기타불명,승용,남,28세,경상
2020052300100518,2020년 5월 23일 19시,토요일,대전광역시 중구 정생동,경상사고,0,0,1,0,차대차 - 기타,안전운전불이행,건조,맑음,기타 - 기타,농기계,남,60세,기타불명,승용,여,58세,경상
2020052300100592,2020년 5월 23일 22시,토요일,대전광역시 서구 탄방동,경상사고,0,0,1,0,차대차 - 측면충돌,신호위반,건조,맑음,교차로 - 교차로안,승용,남,48세,상해없음,승용,남,22세,경상
2020052300100616,2020년 5월 23일 23시,토요일,대전광역시 유성구 원신흥동,경상사고,0,0,1,0,차대차 - 측면충돌,안전운전불이행,건조,맑음,단일로 - 기타,승용,남,58세,상해없음,승용,여,59세,경상
2020052400100014,2020년 5월 24일 00시,일요일,대전광역시 중구 유천동,경상사고,0,0,1,0,차대차 - 추돌,안전운전불이행,건조,맑음,교차로 - 교차로부근,승용,남,37세,기타불명,승용,남,50세,경상
2020052400100015,2020년 5월 24일 00시,일요일,대전광역시 유성구 탑립동,부상신고사고,0,0,0,1,차량단독 - 공작물충돌,안전운전불이행,건조,맑음,교차로 - 교차로부근,승용,남,29세,부상신고,,,,
2020052400100036,2020년 5월 24일 01시,일요일,대전광역시 중구 옥계동,경상사고,0,0,1,0,차대차 - 측면충돌,신호위반,건조,맑음,단일로 - 교량,승용,남,57세,상해없음,승용,남,23세,경상
2020052400100066,2020년 5월 24일 03시,일요일,대전광역시 대덕구 오정동,경상사고,0,0,1,0,차대차 - 추돌,안전운전불이행,건조,맑음,교차로 - 교차로부근,승용,여,41세,상해없음,승용,남,58세,경상
2020052400100143,2020년 5월 24일 10시,일요일,대전광역시 중구 중촌동,경상사고,0,0,1,0,차대사람 - 기타,불법유턴,젖음/습기,비,교차로 - 교차로안,승용,남,56세,상해없음,보행자,여,75세,경상
2020052400100144,2020년 5월 24일 10시,일요일,대전광역시 동구 가양동,경상사고,0,0,1,0,차대사람 - 횡단중,안전운전불이행,젖음/습기,비,교차로 - 교차로안,이륜,남,82세,상해없음,보행자,남,73세,경상
2020052400100252,2020년 5월 24일 14시,일요일,대전광역시 동구 삼성동,중상사고,0,1,0,0,차대차 - 측면충돌,안전운전불이행,건조,맑음,교차로 - 교차로안,승용,남,61세,상해없음,승용,남,50세,중상
2020052400100253,2020년 5월 24일 14시,일요일,대전광역시 동구 원동,중상사고,0,1,0,0,차대사람 - 기타,안전운전불이행,건조,맑음,단일로 - 기타,승용,남,64세,상해없음,보행자,여,61세,중상
2020052400100278,2020년 5월 24일 15시,일요일,대전광역시 중구 유천동,경상사고,0,0,2,0,차대차 - 기타,안전거리미확보,건조,맑음,단일로 - 기타,승용,남,75세,상해없음,승용,남,31세,경상
2020052400100279,2020년 5월 24일 15시,일요일,대전광역시 서구 둔산동,경상사고,0,0,1,0,차대사람 - 길가장자리구역통행중,안전운전불이행,건조,맑음,교차로 - 교차로부근,승용,남,33세,상해없음,보행자,남,28세,경상
2020052400100371,2020년 5월 24일 18시,일요일,대전광역시 유성구 노은동,경상사고,0,0,3,0,차대차 - 측면충돌,안전운전불이행,건조,맑음,교차로 - 교차로부근,승용,여,54세,상해없음,승용,여,46세,경상
2020052400100421,2020년 5월 24일 20시,일요일,대전광역시 서구 복수동,경상사고,0,0,1,0,차대사람 - 횡단중,안전운전불이행,건조,맑음,교차로 - 교차로횡단보도내,기타불명,기타불명,미분류,기타불명,보행자,여,27세,경상
2020052400100451,2020년 5월 24일 21시,일요일,대전광역시 중구 태평동,경상사고,0,0,2,0,차대사람 - 횡단중,보행자보호의무위반,건조,맑음,교차로 - 교차로횡단보도내,승용,남,66세,상해없음,보행자,남,62세,경상
2020052400100452,2020년 5월 24일 21시,일요일,대전광역시 서구 관저동,중상사고,0,3,0,0,차대차 - 추돌,안전운전불이행,건조,맑음,교차로 - 교차로부근,화물,남,67세,상해없음,화물,남,57세,중상
2020052500100006,2020년 5월 25일 00시,월요일,대전광역시 서구 둔산동,경상사고,0,0,1,0,차대사람 - 기타,안전운전불이행,건조,맑음,교차로 - 교차로부근,승용,여,43세,상해없음,보행자,남,23세,경상
2020052500100036,2020년 5월 25일 05시,월요일,대전광역시 대덕구 중리동,경상사고,0,0,1,0,차대차 - 추돌,안전운전불이행,젖음/습기,흐림,단일로 - 기타,승용,남,59세,상해없음,화물,남,52세,상해없음
2020052500100037,2020년 5월 25일 05시,월요일,대전광역시 서구 둔산동,경상사고,0,0,4,0,차대차 - 기타,신호위반,건조,맑음,교차로 - 교차로안,승용,남,61세,상해없음,승용,남,18세,경상
2020052500100173,2020년 5월 25일 10시,월요일,대전광역시 유성구 구암동,중상사고,0,2,2,0,차대차 - 기타,신호위반,건조,맑음,교차로 - 교차로안,승용,여,52세,중상,승합,여,53세,중상
2020052500100210,2020년 5월 25일 11시,월요일,대전광역시 대덕구 신탄진동,중상사고,0,1,0,0,차대차 - 측면충돌,안전운전불이행,건조,맑음,교차로 - 교차로부근,승합,여,55세,상해없음,자전거,남,66세,중상
2020052500100211,2020년 5월 25일 11시,월요일,대전광역시 서구 둔산동,사망사고,1,0,0,0,차대사람 - 횡단중,안전운전불이행,건조,맑음,단일로 - 기타,승용,여,64세,상해없음,보행자,여,81세,사망
2020052500100239,2020년 5월 25일 12시,월요일,대전광역시 서구 용문동,경상사고,0,0,2,0,차대차 - 기타,안전운전불이행,건조,맑음,단일로 - 기타,승용,남,24세,상해없음,승용,여,28세,경상
2020052500100240,2020년 5월 25일 12시,월요일,대전광역시 대덕구 읍내동,중상사고,0,1,0,0,차대사람 - 기타,안전운전불이행,건조,맑음,단일로 - 기타,화물,남,57세,상해없음,보행자,여,66세,중상
2020052500100241,2020년 5월 25일 12시,월요일,대전광역시 서구 둔산동,경상사고,0,0,3,1,차대차 - 기타,안전운전불이행,건조,맑음,교차로 - 교차로부근,승용,여,47세,부상신고,승용,남,42세,경상
2020052500100274,2020년 5월 25일 13시,월요일,대전광역시 동구 삼성동,중상사고,0,2,0,0,차대차 - 추돌,신호위반,건조,맑음,교차로 - 교차로안,승용,여,55세,중상,승용,남,44세,중상
2020052500100275,2020년 5월 25일 13시,월요일,대전광역시 대덕구 와동,경상사고,0,0,1,0,차대차 - 측면충돌,안전운전불이행,건조,맑음,단일로 - 기타,승용,남,68세,상해없음,화물,남,54세,경상
2020052500100276,2020년 5월 25일 13시,월요일,대전광역시 서구 월평동,경상사고,0,0,1,0,차대차 - 기타,안전운전불이행,건조,맑음,교차로 - 교차로부근,승용,남,23세,상해없음,승용,남,21세,경상
2020052500100349,2020년 5월 25일 15시,월요일,대전광역시 중구 문화동,경상사고,0,0,1,0,차대차 - 추돌,안전운전불이행,건조,맑음,단일로 - 기타,승용,남,57세,상해없음,승용,남,49세,경상
2020052500100423,2020년 5월 25일 17시,월요일,대전광역시 대덕구 미호동,경상사고,0,0,1,0,차대차 - 측면충돌,안전운전불이행,건조,맑음,단일로 - 기타,승용,남,42세,상해없음,자전거,남,65세,경상
2020052500100470,2020년 5월 25일 18시,월요일,대전광역시 중구 사정동,중상사고,0,1,0,0,차대차 - 기타,안전운전불이행,건조,맑음,교차로 - 교차로안,승용,남,55세,상해없음,이륜,남,18세,중상
2020052500100471,2020년 5월 25일 18시,월요일,대전광역시 중구 문화동,경상사고,0,0,1,0,차대차 - 기타,기타,건조,맑음,교차로 - 교차로횡단보도내,승용,남,28세,상해없음,자전거,남,8세,경상
2020052500100472,2020년 5월 25일 18시,월요일,대전광역시 동구 소제동,경상사고,0,0,1,0,차대차 - 측면충돌,안전거리미확보,건조,맑음,교차로 - 교차로부근,화물,남,58세,상해없음,승용,남,49세,경상
2020052500100473,2020년 5월 25일 18시,월요일,대전광역시 서구 도안동,경상사고,0,0,4,0,차대차 - 기타,신호위반,건조,맑음,교차로 - 교차로부근,승용,남,39세,상해없음,승용,여,57세,경상
2020052500100506,2020년 5월 25일 19시,월요일,대전광역시 유성구 원내동,중상사고,0,1,0,0,차대사람 - 차도통행중,안전운전불이행,건조,맑음,교차로 - 교차로부근,승용,남,24세,상해없음,보행자,여,63세,중상
2020052500100522,2020년 5월 25일 20시,월요일,대전광역시 유성구 탑립동,중상사고,0,1,0,0,차대차 - 추돌,안전운전불이행,건조,맑음,단일로 - 기타,승용,남,22세,상해없음,승용,여,36세,중상
2020052500100535,2020년 5월 25일 20시,월요일,대전광역시 유성구 봉명동,경상사고,0,0,2,0,차대차 - 기타,안전운전불이행,건조,맑음,교차로 - 교차로부근,승용,남,60세,상해없음,승용,남,51세,경상
2020052500100561,2020년 5월 25일 21시,월요일,대전광역시 유성구 도룡동,경상사고,0,0,1,0,차대차 - 추돌,신호위반,건조,맑음,단일로 - 기타,승용,남,38세,기타불명,승용,여,36세,경상
2020052600100028,2020년 5월 26일 01시,화요일,대전광역시 중구 선화동,경상사고,0,0,1,0,차대차 - 기타,교차로운행방법위반,건조,맑음,교차로 - 교차로안,승용,남,57세,상해없음,승용,남,23세,상해없음
2020052600100039,2020년 5월 26일 03시,화요일,대전광역시 유성구 봉명동,경상사고,0,0,1,0,차대차 - 측면충돌,교차로운행방법위반,건조,맑음,교차로 - 교차로안,승용,남,55세,상해없음,이륜,남,29세,경상
2020052600100043,2020년 5월 26일 04시,화요일,대전광역시 유성구 구암동,경상사고,0,0,2,0,차대차 - 추돌,중앙선침범,건조,맑음,단일로 - 기타,승용,남,32세,상해없음,화물,남,42세,경상
2020052600100089,2020년 5월 26일 07시,화요일,대전광역시 서구 둔산동,경상사고,0,0,3,0,차대차 - 기타,신호위반,건조,맑음,교차로 - 교차로안,승용,여,32세,상해없음,승합,남,59세,경상
2020052600100121,2020년 5월 26일 08시,화요일,대전광역시 대덕구 목상동,경상사고,0,0,1,0,차대차 - 기타,신호위반,건조,맑음,단일로 - 기타,특수,남,49세,상해없음,승용,남,30세,경상
2020052600100150,2020년 5월 26일 09시,화요일,대전광역시 동구 삼성동,경상사고,0,0,1,0,차대차 - 기타,신호위반,건조,맑음,교차로 - 교차로안,승합,여,50세,상해없음,승합,남,44세,경상
2020052600100151,2020년 5월 26일 09시,화요일,대전광역시 서구 둔산동,경상사고,0,0,1,0,차대사람 - 횡단중,보행자보호의무위반,건조,맑음,단일로 - 기타,승용,남,39세,상해없음,보행자,여,30세,경상
2020052600100216,2020년 5월 26일 11시,화요일,대전광역시 동구 홍도동,경상사고,0,0,1,0,차대차 - 측면충돌,교차로운행방법위반,건조,맑음,교차로 - 교차로안,승용,남,31세,기타불명,승용,남,53세,경상
2020052600100217,2020년 5월 26일 11시,화요일,대전광역시 서구 도마동,중상사고,0,1,0,0,차대차 - 측면충돌,불법유턴,건조,맑음,기타 - 기타,자전거,남,77세,중상,승용,여,57세,상해없음
2020052600100218,2020년 5월 26일 11시,화요일,대전광역시 서구 탄방동,경상사고,0,0,2,0,차대차 - 기타,안전운전불이행,건조,맑음,교차로 - 교차로부근,승용,여,45세,경상,화물,남,50세,경상
2020052600100323,2020년 5월 26일 14시,화요일,대전광역시 중구 중촌동,중상사고,0,1,0,0,차대차 - 측면충돌,불법유턴,건조,맑음,기타 - 기타,승용,여,53세,상해없음,자전거,남,77세,중상
2020052600100324,2020년 5월 26일 14시,화요일,대전광역시 서구 월평동,경상사고,0,0,2,0,차대차 - 기타,신호위반,건조,맑음,교차로 - 교차로부근,승용,여,58세,상해없음,승용,남,43세,경상
2020052600100360,2020년 5월 26일 15시,화요일,대전광역시 유성구 지족동,경상사고,0,0,1,0,차대차 - 추돌,안전거리미확보,건조,맑음,단일로 - 기타,승용,남,51세,상해없음,승용,여,23세,경상
2020052600100396,2020년 5월 26일 16시,화요일,대전광역시 서구 도마동,경상사고,0,0,1,0,차대차 - 측면충돌,안전운전불이행,건조,맑음,단일로 - 기타,승용,남,65세,상해없음,이륜,여,64세,경상
2020052600100397,2020년 5월 26일 16시,화요일,대전광역시 서구 둔산동,경상사고,0,0,1,0,차대차 - 기타,중앙선침범,건조,맑음,단일로 - 기타,승용,남,44세,상해없음,원동기,남,38세,경상
2020052600100434,2020년 5월 26일 17시,화요일,대전광역시 유성구 지족동,경상사고,0,0,1,0,차대차 - 기타,교차로운행방법위반,건조,맑음,교차로 - 교차로안,승용,여,41세,상해없음,승용,남,29세,경상
2020052600100468,2020년 5월 26일 18시,화요일,대전광역시 유성구 상대동,중상사고,0,1,0,0,차대차 - 기타,신호위반,건조,맑음,단일로 - 교량,승용,남,54세,상해없음,이륜,남,32세,중상
2020052600100501,2020년 5월 26일 19시,화요일,대전광역시 중구 산성동,경상사고,0,0,3,0,차대차 - 측면충돌,안전거리미확보,건조,맑음,교차로 - 교차로부근,승용,남,21세,상해없음,승용,남,23세,경상
2020052600100528,2020년 5월 26일 20시,화요일,대전광역시 서구 관저동,중상사고,0,1,0,0,차대차 - 측면충돌,안전운전불이행,건조,맑음,단일로 - 기타,승용,남,40세,기타불명,이륜,남,45세,중상
2020052600100530,2020년 5월 26일 20시,화요일,대전광역시 유성구 지족동,경상사고,0,0,1,0,차대사람 - 보도통행중,신호위반,건조,맑음,교차로 - 교차로횡단보도내,승용,남,57세,상해없음,보행자,남,39세,경상
2020052600100583,2020년 5월 26일 22시,화요일,대전광역시 중구 용두동,중상사고,0,2,0,0,차대차 - 측면충돌,신호위반,건조,맑음,교차로 - 교차로안,승용,남,19세,상해없음,승용,남,50세,중상
2020052600100610,2020년 5월 26일 23시,화요일,대전광역시 서구 월평동,경상사고,0,0,1,0,차대차 - 추돌,안전운전불이행,건조,맑음,단일로 - 기타,승용,남,52세,상해없음,승용,남,42세,경상
2020052700100010,2020년 5월 27일 00시,수요일,대전광역시 유성구 장대동,경상사고,0,0,1,0,차대차 - 기타,신호위반,건조,맑음,교차로 - 교차로안,승용,남,51세,상해없음,승용,남,53세,경상
2020052700100015,2020년 5월 27일 01시,수요일,대전광역시 중구 중촌동,중상사고,0,1,2,0,차대차 - 추돌,과속,건조,맑음,교차로 - 교차로부근,승용,남,23세,상해없음,승용,남,38세,경상
2020052700100016,2020년 5월 27일 01시,수요일,대전광역시 대덕구 오정동,경상사고,0,0,4,0,차대차 - 측면충돌,안전운전불이행,건조,맑음,단일로 - 교량,승용,여,33세,상해없음,승용,남,51세,경상
2020052700100056,2020년 5월 27일 06시,수요일,대전광역시 대덕구 송촌동,경상사고,0,0,1,0,차대차 - 기타,교차로운행방법위반,건조,맑음,교차로 - 교차로부근,화물,남,58세,상해없음,원동기,남,46세,경상
2020052700100158,2020년 5월 27일 09시,수요일,대전광역시 서구 가수원동,중상사고,0,1,0,0,차대사람 - 기타,안전운전불이행,건조,맑음,단일로 - 기타,승용,남,54세,상해없음,보행자,남,31세,중상
2020052700100225,2020년 5월 27일 11시,수요일,대전광역시 서구 탄방동,경상사고,0,0,1,0,차대차 - 측면충돌,안전운전불이행,건조,맑음,교차로 - 교차로안,승용,남,72세,상해없음,자전거,남,58세,경상
2020052700100226,2020년 5월 27일 11시,수요일,대전광역시 유성구 하기동,중상사고,0,1,0,0,차대차 - 추돌,안전거리미확보,건조,맑음,단일로 - 지하차도(도로)내,이륜,남,72세,중상,승용,남,47세,상해없음
2020052700100227,2020년 5월 27일 11시,수요일,대전광역시 유성구 하기동,경상사고,0,0,3,0,차대차 - 추돌,안전운전불이행,건조,맑음,단일로 - 기타,승용,남,28세,경상,승용,여,32세,상해없음
2020052700100267,2020년 5월 27일 12시,수요일,대전광역시 중구 대흥동,경상사고,0,0,1,0,차대차 - 측면충돌,안전운전불이행,건조,맑음,교차로 - 교차로부근,승용,남,71세,상해없음,자전거,남,72세,경상
2020052700100268,2020년 5월 27일 12시,수요일,대전광역시 대덕구 와동,경상사고,0,0,1,0,차대차 - 기타,신호위반,건조,맑음,기타 - 기타,승용,여,40세,상해없음,승용,남,32세,경상
2020052700100269,2020년 5월 27일 12시,수요일,대전광역시 대덕구 대화동,경상사고,0,0,1,0,차대차 - 기타,안전운전불이행,기타,기타,단일로 - 기타,건설기계,남,64세,상해없음,승용,남,49세,경상
2020052700100270,2020년 5월 27일 12시,수요일,대전광역시 서구 둔산동,경상사고,0,0,1,0,차대차 - 추돌,안전운전불이행,건조,맑음,교차로 - 교차로부근,승용,남,65세,상해없음,승용,여,51세,경상
2020052700100306,2020년 5월 27일 13시,수요일,대전광역시 서구 정림동,경상사고,0,0,1,0,차대차 - 추돌,안전거리미확보,건조,맑음,단일로 - 기타,승용,남,59세,상해없음,승용,여,39세,경상
2020052700100307,2020년 5월 27일 13시,수요일,대전광역시 유성구 송강동,경상사고,0,0,1,0,차대차 - 측면충돌,신호위반,건조,맑음,교차로 - 교차로안,화물,남,53세,상해없음,자전거,남,91세,경상
2020052700100377,2020년 5월 27일 15시,수요일,대전광역시 중구 대사동,경상사고,0,0,1,0,차대차 - 기타,안전운전불이행,건조,맑음,단일로 - 기타,승용,남,65세,상해없음,승용,남,35세,경상
2020052700100436,2020년 5월 27일 16시,수요일,대전광역시 중구 태평동,경상사고,0,0,3,0,차대차 - 기타,안전운전불이행,건조,맑음,교차로 - 교차로안,자전거,남,21세,경상,승용,여,38세,경상
2020052700100437,2020년 5월 27일 16시,수요일,대전광역시 유성구 문지동,경상사고,0,0,1,0,차대사람 - 기타,안전운전불이행,건조,맑음,단일로 - 기타,승용,남,34세,상해없음,보행자,남,59세,경상
2020052700100497,2020년 5월 27일 17시,수요일,대전광역시 중구 문화동,경상사고,0,0,1,0,차대사람 - 횡단중,보행자보호의무위반,건조,맑음,단일로 - 기타,승용,남,66세,상해없음,보행자,남,2세,경상
2020052700100498,2020년 5월 27일 17시,수요일,대전광역시 동구 대동,경상사고,0,0,2,0,차대차 - 추돌,안전거리미확보,건조,맑음,단일로 - 기타,화물,남,68세,상해없음,승용,여,40세,경상
2020052700100499,2020년 5월 27일 17시,수요일,대전광역시 유성구 화암동,경상사고,0,0,1,0,차대차 - 기타,안전거리미확보,건조,맑음,단일로 - 기타,승합,남,56세,상해없음,승용,여,27세,경상
2020052700100551,2020년 5월 27일 18시,수요일,대전광역시 서구 가수원동,경상사고,0,0,1,0,차대사람 - 길가장자리구역통행중,안전운전불이행,건조,맑음,단일로 - 기타,승용,여,58세,상해없음,보행자,여,54세,경상
2020052700100617,2020년 5월 27일 20시,수요일,대전광역시 동구 삼성동,부상신고사고,0,0,0,1,차대사람 - 기타,안전운전불이행,건조,맑음,단일로 - 기타,기타불명,기타불명,미분류,기타불명,보행자,여,68세,부상신고
2020052700100618,2020년 5월 27일 20시,수요일,대전광역시 대덕구 평촌동,경상사고,0,0,1,0,차대사람 - 기타,안전운전불이행,건조,맑음,기타 - 기타,승용,여,37세,상해없음,보행자,남,14세,경상
2020052800100007,2020년 5월 28일 00시,목요일,대전광역시 서구 둔산동,경상사고,0,0,1,0,차대차 - 기타,신호위반,건조,맑음,교차로 - 교차로안,승용,남,42세,상해없음,승용,여,42세,경상
2020052800100019,2020년 5월 28일 01시,목요일,대전광역시 유성구 봉명동,경상사고,0,0,1,0,차대차 - 기타,신호위반,건조,맑음,교차로 - 교차로안,승용,남,23세,상해없음,승용,남,29세,경상
2020052800100048,2020년 5월 28일 04시,목요일,대전광역시 서구 용문동,경상사고,0,0,2,0,차대차 - 추돌,안전운전불이행,건조,맑음,교차로 - 교차로부근,승용,여,45세,상해없음,승용,남,23세,경상
2020052800100049,2020년 5월 28일 04시,목요일,대전광역시 대덕구 오정동,경상사고,0,0,2,0,차대사람 - 기타,안전운전불이행,건조,맑음,기타 - 기타,승합,남,68세,상해없음,보행자,남,39세,경상
2020052800100066,2020년 5월 28일 06시,목요일,대전광역시 중구 태평동,중상사고,0,1,0,0,차대차 - 측면충돌,안전운전불이행,건조,맑음,교차로 - 교차로안,승용,남,71세,상해없음,이륜,남,78세,중상
2020052800100067,2020년 5월 28일 06시,목요일,대전광역시 유성구 봉명동,경상사고,0,0,2,0,차대차 - 측면충돌,안전운전불이행,건조,흐림,교차로 - 교차로안,화물,남,50세,상해없음,화물,남,70세,경상
2020052800100129,2020년 5월 28일 08시,목요일,대전광역시 서구 탄방동,경상사고,0,0,1,0,차대사람 - 기타,보행자보호의무위반,건조,맑음,단일로 - 기타,화물,남,64세,상해없음,보행자,여,21세,경상
2020052800100166,2020년 5월 28일 09시,목요일,대전광역시 중구 선화동,경상사고,0,0,1,0,차대사람 - 횡단중,보행자보호의무위반,건조,맑음,교차로 - 교차로안,화물,남,70세,상해없음,보행자,여,54세,경상
2020052800100167,2020년 5월 28일 09시,목요일,대전광역시 서구 만년동,경상사고,0,0,1,0,차대차 - 기타,안전운전불이행,건조,맑음,교차로 - 교차로부근,승용,남,53세,상해없음,승용,여,45세,경상
2020052800100203,2020년 5월 28일 10시,목요일,대전광역시 동구 용전동,중상사고,0,1,0,0,차대차 - 기타,안전운전불이행,건조,맑음,교차로 - 교차로안,화물,남,64세,상해없음,자전거,여,51세,중상
2020052800100232,2020년 5월 28일 11시,목요일,대전광역시 서구 도마동,경상사고,0,0,1,0,차대차 - 추돌,안전거리미확보,건조,맑음,단일로 - 기타,화물,남,74세,상해없음,승용,남,29세,경상
2020052800100310,2020년 5월 28일 13시,목요일,대전광역시 대덕구 비래동,경상사고,0,0,1,0,차대차 - 기타,안전운전불이행,건조,맑음,주차장 - 주차장,승용,남,66세,상해없음,승용,남,53세,경상
2020052800100378,2020년 5월 28일 15시,목요일,대전광역시 동구 용전동,중상사고,0,1,0,0,차대차 - 기타,안전운전불이행,건조,맑음,교차로 - 교차로안,화물,남,57세,상해없음,자전거,남,39세,중상