사고번호,사고일시,요일,시군구,사고내용,사망자수,중상자수,경상자수,부상신고자수,사고유형,법규위반,노면상태,기상상태,도로형태,가해운전자 차종,가해운전자 성별,가해운전자 연령,가해운전자 상해정도,피해운전자 차종,피해운전자 성별,피해운전자 연령,피해운전자 상해정도
2020052800100415,2020년 5월 28일 16시,목요일,대전광역시 중구 중촌동,경상사고,0,0,1,0,차대차 - 추돌,안전거리미확보,건조,맑음,단일로 - 터널,화물,남,63세,상해없음,승용,여,28세,경상
2020052800100416,2020년 5월 28일 16시,목요일,대전광역시 서구 매노동,중상사고,0,2,0,0,차대차 - 측면충돌,안전운전불이행,건조,맑음,교차로 - 교차로안,승용,여,58세,중상,승용,남,77세,중상
2020052800100417,2020년 5월 28일 16시,목요일,대전광역시 대덕구 대화동,경상사고,0,0,1,0,차대차 - 기타,안전운전불이행,건조,맑음,단일로 - 기타,승용,여,60세,상해없음,승용,여,51세,경상
2020052800100453,2020년 5월 28일 17시,목요일,대전광역시 동구 정동,경상사고,0,0,1,0,차대차 - 추돌,안전운전불이행,건조,맑음,단일로 - 기타,화물,남,25세,상해없음,승용,여,31세,경상
2020052800100454,2020년 5월 28일 17시,목요일,대전광역시 동구 판암동,경상사고,0,0,1,0,차대차 - 추돌,안전운전불이행,건조,맑음,교차로 - 교차로안,승용,남,70세,상해없음,승용,여,51세,경상
2020052800100455,2020년 5월 28일 17시,목요일,대전광역시 서구 둔산동,경상사고,0,0,3,1,차대차 - 기타,안전거리미확보,건조,맑음,교차로 - 교차로부근,승용,남,68세,부상신고,승용,남,26세,경상
2020052800100456,2020년 5월 28일 17시,목요일,대전광역시 유성구 궁동,경상사고,0,0,1,0,차대차 - 측면충돌,안전운전불이행,건조,맑음,교차로 - 교차로안,원동기,남,19세,상해없음,원동기,남,19세,경상
2020052800100494,2020년 5월 28일 18시,목요일,대전광역시 대덕구 신대동,경상사고,0,0,1,0,차대차 - 추돌,안전운전불이행,건조,맑음,기타 - 기타,화물,남,44세,상해없음,승용,여,30세,경상
2020052800100495,2020년 5월 28일 18시,목요일,대전광역시 서구 월평동,경상사고,0,0,1,1,차대차 - 정면충돌,안전운전불이행,건조,맑음,교차로 - 교차로부근,이륜,남,37세,부상신고,승용,남,24세,경상
2020052800100520,2020년 5월 28일 19시,목요일,대전광역시 대덕구 연축동,경상사고,0,0,1,0,차대사람 - 횡단중,안전운전불이행,건조,맑음,교차로 - 교차로부근,승용,여,55세,상해없음,보행자,남,34세,경상
2020052900100042,2020년 5월 29일 04시,금요일,대전광역시 서구 탄방동,중상사고,0,1,0,0,차대차 - 기타,안전운전불이행,건조,맑음,교차로 - 교차로횡단보도내,승합,남,47세,상해없음,자전거,남,77세,중상
2020052900100185,2020년 5월 29일 09시,금요일,대전광역시 중구 대흥동,경상사고,0,0,1,0,차대차 - 측면충돌,안전운전불이행,건조,맑음,단일로 - 기타,승용,여,53세,상해없음,승용,남,29세,경상
2020052900100186,2020년 5월 29일 09시,금요일,대전광역시 중구 대사동,경상사고,0,0,1,0,차대차 - 기타,안전거리미확보,건조,맑음,단일로 - 기타,승용,남,34세,상해없음,승합,남,58세,상해없음
2020052900100187,2020년 5월 29일 09시,금요일,대전광역시 유성구 신성동,중상사고,0,1,0,0,차대차 - 측면충돌,안전거리미확보,건조,맑음,단일로 - 기타,승용,남,80세,상해없음,승용,여,49세,중상
2020052900100299,2020년 5월 29일 12시,금요일,대전광역시 서구 탄방동,중상사고,0,1,0,0,차대차 - 기타,안전운전불이행,건조,맑음,교차로 - 교차로안,승용,남,68세,상해없음,이륜,남,23세,중상
2020052900100329,2020년 5월 29일 13시,금요일,대전광역시 중구 오류동,경상사고,0,0,2,0,차대차 - 측면충돌,안전거리미확보,건조,맑음,교차로 - 교차로부근,승용,남,21세,상해없음,승용,여,27세,경상
2020052900100331,2020년 5월 29일 13시,금요일,대전광역시 유성구 봉명동,경상사고,0,0,2,0,차대사람 - 기타,안전운전불이행,건조,맑음,교차로 - 교차로부근,승합,남,53세,상해없음,보행자,여,77세,상해없음
2020052900100461,2020년 5월 29일 16시,금요일,대전광역시 동구 중동,경상사고,0,0,2,0,차대차 - 측면충돌,기타,건조,맑음,단일로 - 기타,승용,남,69세,경상,승용,여,46세,경상
2020052900100494,2020년 5월 29일 17시,금요일,대전광역시 유성구 전민동,경상사고,0,0,2,0,차대차 - 추돌,안전운전불이행,건조,맑음,단일로 - 기타,승용,남,54세,상해없음,승용,여,30세,경상
2020052900100565,2020년 5월 29일 18시,금요일,대전광역시 서구 내동,경상사고,0,0,1,0,차대차 - 측면충돌,안전운전불이행,건조,맑음,단일로 - 기타,승용,남,35세,상해없음,승용,여,31세,경상
2020052900100606,2020년 5월 29일 19시,금요일,대전광역시 중구 유천동,중상사고,0,1,0,0,차량단독 - 기타,안전운전불이행,건조,맑음,단일로 - 기타,승합,남,63세,상해없음,,,,
2020052900100607,2020년 5월 29일 19시,금요일,대전광역시 유성구 장대동,경상사고,0,0,1,0,차대차 - 측면충돌,안전거리미확보,건조,맑음,단일로 - 기타,승용,여,65세,기타불명,승용,남,23세,경상
2020052900100721,2020년 5월 29일 22시,금요일,대전광역시 중구 오류동,중상사고,0,1,0,0,차대차 - 추돌,안전운전불이행,건조,맑음,단일로 - 고가도로위,승용,남,33세,상해없음,이륜,남,22세,중상
2020052900100722,2020년 5월 29일 22시,금요일,대전광역시 동구 정동,경상사고,0,0,3,0,차대차 - 측면충돌,안전운전불이행,건조,맑음,교차로 - 교차로안,승용,여,56세,경상,승용,남,69세,경상
2020052900100723,2020년 5월 29일 22시,금요일,대전광역시 대덕구 상서동,경상사고,0,0,1,0,차대차 - 측면충돌,안전운전불이행,건조,맑음,교차로 - 교차로안,승용,남,53세,상해없음,승용,남,44세,경상
2020053000100015,2020년 5월 30일 00시,토요일,대전광역시 동구 가양동,경상사고,0,0,1,0,차대사람 - 기타,안전운전불이행,건조,맑음,단일로 - 기타,기타불명,기타불명,미분류,기타불명,보행자,남,52세,경상
2020053000100016,2020년 5월 30일 00시,토요일,대전광역시 서구 탄방동,경상사고,0,0,1,0,차대차 - 기타,신호위반,건조,맑음,교차로 - 교차로안,승용,남,60세,상해없음,이륜,남,48세,경상
2020053000100017,2020년 5월 30일 00시,토요일,대전광역시 유성구 죽동,경상사고,0,0,2,0,차대차 - 기타,안전운전불이행,건조,맑음,교차로 - 교차로부근,승용,남,58세,상해없음,승용,남,24세,경상
2020053000100086,2020년 5월 30일 06시,토요일,대전광역시 대덕구 중리동,경상사고,0,0,1,0,차대사람 - 횡단중,보행자보호의무위반,건조,맑음,단일로 - 기타,화물,남,29세,상해없음,보행자,여,63세,경상
2020053000100126,2020년 5월 30일 08시,토요일,대전광역시 서구 괴정동,경상사고,0,0,1,0,차대사람 - 기타,안전운전불이행,건조,맑음,단일로 - 기타,승용,여,34세,상해없음,보행자,여,28세,경상
2020053000100166,2020년 5월 30일 09시,토요일,대전광역시 중구 선화동,경상사고,0,0,1,0,차량단독 - 기타,안전운전불이행,건조,맑음,단일로 - 기타,승합,남,47세,상해없음,,,,
2020053000100195,2020년 5월 30일 10시,토요일,대전광역시 대덕구 오정동,경상사고,0,0,2,0,차대차 - 기타,교차로운행방법위반,건조,맑음,교차로 - 교차로안,승용,남,72세,기타불명,승용,남,36세,경상
2020053000100196,2020년 5월 30일 10시,토요일,대전광역시 서구 갈마동,경상사고,0,0,1,0,차대차 - 기타,안전운전불이행,건조,맑음,교차로 - 교차로안,승용,여,30세,상해없음,이륜,여,38세,경상
2020053000100197,2020년 5월 30일 10시,토요일,대전광역시 서구 둔산동,경상사고,0,0,2,0,차대차 - 기타,신호위반,건조,맑음,교차로 - 교차로안,승용,남,73세,상해없음,승용,남,52세,경상
2020053000100240,2020년 5월 30일 11시,토요일,대전광역시 동구 효평동,경상사고,0,0,1,0,차대차 - 정면충돌,안전운전불이행,건조,맑음,단일로 - 기타,자전거,남,54세,경상,승용,여,38세,상해없음
2020053000100241,2020년 5월 30일 11시,토요일,대전광역시 서구 변동,경상사고,0,0,1,0,차대차 - 기타,안전거리미확보,건조,맑음,교차로 - 교차로부근,승용,남,59세,상해없음,화물,남,24세,경상
2020053000100242,2020년 5월 30일 11시,토요일,대전광역시 대덕구 미호동,사망사고,1,0,0,0,차대차 - 기타,안전운전불이행,건조,맑음,단일로 - 기타,자전거,남,58세,상해없음,자전거,남,56세,사망
2020053000100243,2020년 5월 30일 11시,토요일,대전광역시 서구 갈마동,경상사고,0,0,3,0,차대차 - 추돌,신호위반,건조,맑음,교차로 - 교차로횡단보도내,승용,남,67세,상해없음,승용,남,36세,경상
2020053000100293,2020년 5월 30일 12시,토요일,대전광역시 동구 가양동,경상사고,0,0,1,0,차대차 - 기타,신호위반,건조,맑음,교차로 - 교차로안,승용,남,63세,상해없음,승용,남,70세,경상
2020053000100335,2020년 5월 30일 13시,토요일,대전광역시 동구 정동,경상사고,0,0,2,0,차대차 - 측면충돌,안전거리미확보,건조,맑음,단일로 - 기타,승용,남,52세,상해없음,승용,여,53세,경상
2020053000100379,2020년 5월 30일 14시,토요일,대전광역시 서구 복수동,경상사고,0,0,1,0,차대차 - 기타,안전거리미확보,건조,맑음,단일로 - 기타,승용,남,20세,상해없음,승용,남,78세,경상
2020053000100418,2020년 5월 30일 15시,토요일,대전광역시 유성구 지족동,경상사고,0,0,2,0,차대차 - 측면충돌,교차로운행방법위반,건조,맑음,교차로 - 교차로안,승용,남,47세,상해없음,승용,남,25세,경상
2020053000100458,2020년 5월 30일 16시,토요일,대전광역시 동구 비룡동,중상사고,0,1,0,0,차대차 - 기타,안전거리미확보,건조,맑음,교차로 - 교차로부근,승용,남,42세,상해없음,원동기,남,81세,중상
2020053000100459,2020년 5월 30일 16시,토요일,대전광역시 유성구 원신흥동,경상사고,0,0,2,0,차대차 - 추돌,안전운전불이행,건조,맑음,교차로 - 교차로부근,건설기계,남,49세,상해없음,승용,여,52세,경상
2020053000100503,2020년 5월 30일 17시,토요일,대전광역시 중구 태평동,중상사고,0,1,0,0,차대차 - 기타,안전운전불이행,건조,맑음,기타 - 기타,승용,여,52세,기타불명,이륜,남,36세,중상
2020053000100504,2020년 5월 30일 17시,토요일,대전광역시 동구 주산동,중상사고,0,1,0,0,차대차 - 정면충돌,중앙선침범,건조,맑음,단일로 - 기타,자전거,남,39세,중상,화물,남,66세,상해없음
2020053000100505,2020년 5월 30일 17시,토요일,대전광역시 서구 월평동,경상사고,0,0,2,0,차대차 - 측면충돌,신호위반,건조,맑음,단일로 - 기타,승용,남,33세,상해없음,이륜,남,46세,경상
2020053000100533,2020년 5월 30일 18시,토요일,대전광역시 동구 용운동,중상사고,0,1,0,0,차대차 - 정면충돌,안전운전불이행,건조,맑음,교차로 - 교차로안,화물,남,41세,상해없음,원동기,남,57세,중상
2020053000100534,2020년 5월 30일 18시,토요일,대전광역시 서구 둔산동,중상사고,0,1,0,0,차대차 - 측면충돌,직진우회전진행방해,건조,맑음,교차로 - 교차로안,승용,여,49세,상해없음,승용,여,48세,중상
2020053000100556,2020년 5월 30일 19시,토요일,대전광역시 동구 삼성동,중상사고,0,1,2,0,차대차 - 기타,신호위반,건조,맑음,단일로 - 기타,승용,남,60세,상해없음,승합,남,60세,상해없음
2020053000100615,2020년 5월 30일 21시,토요일,대전광역시 서구 흑석동,경상사고,0,0,2,0,차량단독 - 기타,안전운전불이행,건조,맑음,기타 - 기타,승용,남,61세,상해없음,,,,
2020053000100641,2020년 5월 30일 22시,토요일,대전광역시 유성구 도룡동,중상사고,0,1,1,0,차대차 - 기타,신호위반,건조,맑음,교차로 - 교차로안,승용,여,22세,상해없음,승용,남,31세,경상
2020053000100658,2020년 5월 30일 23시,토요일,대전광역시 유성구 갑동,경상사고,0,0,1,0,차대차 - 기타,안전운전불이행,건조,맑음,교차로 - 교차로부근,승용,여,57세,상해없음,승용,남,63세,경상
2020053100100025,2020년 5월 31일 01시,일요일,대전광역시 서구 괴정동,경상사고,0,0,2,0,차대차 - 측면충돌,신호위반,건조,맑음,단일로 - 기타,승용,남,29세,상해없음,승용,남,25세,경상
2020053100100026,2020년 5월 31일 01시,일요일,대전광역시 유성구 봉명동,경상사고,0,0,2,0,차대차 - 기타,안전운전불이행,건조,맑음,교차로 - 교차로부근,승용,남,23세,상해없음,승용,남,53세,상해없음
2020053100100075,2020년 5월 31일 07시,일요일,대전광역시 중구 유천동,중상사고,0,1,0,0,차대차 - 기타,안전운전불이행,건조,맑음,교차로 - 교차로안,승용,남,51세,상해없음,자전거,여,74세,중상
2020053100100118,2020년 5월 31일 10시,일요일,대전광역시 서구 탄방동,경상사고,0,0,5,0,차대차 - 측면충돌,안전운전불이행,건조,맑음,교차로 - 교차로안,승용,남,62세,경상,승용,여,47세,경상
2020053100100148,2020년 5월 31일 11시,일요일,대전광역시 서구 내동,경상사고,0,0,1,0,차대차 - 기타,안전운전불이행,건조,맑음,단일로 - 기타,승용,여,63세,상해없음,이륜,남,34세,경상
2020053100100149,2020년 5월 31일 11시,일요일,대전광역시 유성구 원내동,중상사고,0,1,0,0,차량단독 - 기타,안전운전불이행,건조,맑음,단일로 - 기타,이륜,남,37세,중상,,,,
2020053100100183,2020년 5월 31일 12시,일요일,대전광역시 서구 도마동,중상사고,0,1,2,0,차대차 - 측면충돌,신호위반,건조,맑음,교차로 - 교차로안,이륜,남,25세,중상,승용,남,40세,경상
2020053100100205,2020년 5월 31일 13시,일요일,대전광역시 서구 갈마동,중상사고,0,1,0,0,차대차 - 측면충돌,안전운전불이행,건조,맑음,교차로 - 교차로안,승용,여,48세,상해없음,이륜,남,40세,중상
2020053100100242,2020년 5월 31일 14시,일요일,대전광역시 중구 산성동,경상사고,0,0,1,0,차대사람 - 보도통행중,기타,건조,맑음,단일로 - 지하차도(도로)내,원동기,남,75세,상해없음,보행자,여,52세,경상
2020053100100243,2020년 5월 31일 14시,일요일,대전광역시 중구 산성동,중상사고,0,1,0,0,차대차 - 측면충돌,안전운전불이행,건조,맑음,교차로 - 교차로부근,자전거,남,56세,상해없음,자전거,남,73세,중상
2020053100100244,2020년 5월 31일 14시,일요일,대전광역시 유성구 궁동,경상사고,0,0,1,0,차대차 - 기타,안전운전불이행,건조,맑음,교차로 - 교차로안,승용,남,25세,상해없음,이륜,남,28세,경상
2020053100100402,2020년 5월 31일 19시,일요일,대전광역시 유성구 도룡동,중상사고,0,1,1,0,차대차 - 측면충돌,안전운전불이행,건조,맑음,교차로 - 교차로안,승용,남,21세,경상,이륜,남,35세,중상
2020053100100472,2020년 5월 31일 22시,일요일,대전광역시 유성구 원내동,사망사고,1,0,0,0,차대사람 - 횡단중,안전운전불이행,건조,흐림,단일로 - 기타,승용,남,42세,상해없음,보행자,여,58세,사망
2020053100100493,2020년 5월 31일 23시,일요일,대전광역시 서구 둔산동,경상사고,0,0,2,0,차대차 - 기타,안전운전불이행,건조,맑음,교차로 - 교차로안,승용,남,48세,상해없음,화물,남,46세,경상
2020053100100494,2020년 5월 31일 23시,일요일,대전광역시 서구 월평동,중상사고,0,2,1,0,차대차 - 기타,안전운전불이행,건조,맑음,교차로 - 교차로부근,승용,남,25세,상해없음,승용,남,31세,중상
2020060100100013,2020년 6월 1일 00시,월요일,대전광역시 동구 인동,중상사고,0,1,0,0,차대차 - 기타,교차로운행방법위반,건조,맑음,교차로 - 교차로안,승용,남,58세,상해없음,이륜,여,52세,중상
2020060100100021,2020년 6월 1일 01시,월요일,대전광역시 유성구 봉명동,경상사고,0,0,1,0,차대차 - 측면충돌,안전운전불이행,건조,맑음,교차로 - 교차로안,승용,남,33세,상해없음,승용,남,57세,경상
2020060100100116,2020년 6월 1일 08시,월요일,대전광역시 중구 은행동,경상사고,0,0,1,0,차대차 - 측면충돌,신호위반,건조,맑음,교차로 - 교차로안,승용,남,66세,상해없음,승용,남,28세,경상
2020060100100154,2020년 6월 1일 09시,월요일,대전광역시 중구 태평동,부상신고사고,0,0,0,1,차대차 - 측면충돌,직진우회전진행방해,건조,맑음,교차로 - 교차로안,원동기,여,60세,부상신고,화물,남,59세,상해없음
2020060100100155,2020년 6월 1일 09시,월요일,대전광역시 유성구 상대동,경상사고,0,0,1,0,차대차 - 기타,안전거리미확보,건조,맑음,단일로 - 기타,승합,남,54세,상해없음,승용,남,38세,경상
2020060100100190,2020년 6월 1일 10시,월요일,대전광역시 중구 문창동,부상신고사고,0,0,0,1,차대차 - 기타,안전거리미확보,건조,맑음,단일로 - 기타,이륜,남,25세,부상신고,승용,여,54세,기타불명
2020060100100191,2020년 6월 1일 10시,월요일,대전광역시 중구 오류동,경상사고,0,0,4,0,차대차 - 추돌,안전운전불이행,건조,맑음,교차로 - 교차로부근,승합,남,42세,상해없음,승용,남,59세,경상
2020060100100192,2020년 6월 1일 10시,월요일,대전광역시 대덕구 비래동,중상사고,0,1,0,0,차대사람 - 횡단중,보행자보호의무위반,건조,맑음,교차로 - 교차로횡단보도내,화물,남,57세,상해없음,보행자,여,65세,중상
2020060100100193,2020년 6월 1일 10시,월요일,대전광역시 서구 월평동,경상사고,0,0,1,0,차대차 - 측면충돌,안전운전불이행,건조,맑음,교차로 - 교차로안,화물,남,63세,상해없음,승용,남,53세,경상
2020060100100228,2020년 6월 1일 11시,월요일,대전광역시 서구 가수원동,경상사고,0,0,1,0,차대차 - 측면충돌,중앙선침범,건조,맑음,단일로 - 기타,화물,남,64세,상해없음,승용,남,46세,경상
2020060100100229,2020년 6월 1일 11시,월요일,대전광역시 서구 갈마동,경상사고,0,0,1,0,차량단독 - 기타,안전운전불이행,건조,맑음,교차로 - 교차로안,승합,남,52세,상해없음,,,,
2020060100100321,2020년 6월 1일 13시,월요일,대전광역시 대덕구 읍내동,경상사고,0,0,1,0,차대차 - 기타,교차로운행방법위반,건조,맑음,교차로 - 교차로안,승용,남,74세,상해없음,승용,남,38세,경상
2020060100100359,2020년 6월 1일 14시,월요일,대전광역시 대덕구 상서동,경상사고,0,0,1,0,차대차 - 기타,안전운전불이행,건조,맑음,교차로 - 교차로안,승용,여,24세,기타불명,승용,남,46세,경상
2020060100100419,2020년 6월 1일 15시,월요일,대전광역시 동구 소제동,경상사고,0,0,2,0,차대차 - 측면충돌,안전거리미확보,건조,맑음,단일로 - 기타,승용,남,58세,경상,승용,남,28세,경상
2020060100100471,2020년 6월 1일 16시,월요일,대전광역시 중구 문화동,중상사고,0,1,0,0,차량단독 - 기타,안전운전불이행,건조,맑음,단일로 - 기타,승합,남,59세,상해없음,,,,
2020060100100472,2020년 6월 1일 16시,월요일,대전광역시 서구 둔산동,경상사고,0,0,1,0,차대차 - 추돌,안전운전불이행,건조,맑음,기타 - 기타,승용,남,73세,상해없음,승용,남,30세,경상
2020060100100534,2020년 6월 1일 17시,월요일,대전광역시 중구 유천동,경상사고,0,0,1,0,차대차 - 후진중충돌,안전운전불이행,건조,맑음,기타 - 기타,승용,남,80세,상해없음,승용,남,32세,경상
2020060100100535,2020년 6월 1일 17시,월요일,대전광역시 중구 오류동,경상사고,0,0,1,0,차대사람 - 보도통행중,기타,건조,맑음,단일로 - 기타,원동기,남,30세,상해없음,보행자,남,23세,경상
2020060100100603,2020년 6월 1일 18시,월요일,대전광역시 서구 용문동,경상사고,0,0,2,0,차대차 - 측면충돌,안전운전불이행,건조,맑음,교차로 - 교차로안,승용,남,69세,상해없음,승용,여,51세,경상
2020060100100604,2020년 6월 1일 18시,월요일,대전광역시 유성구 방동,경상사고,0,0,4,0,차대차 - 추돌,안전거리미확보,건조,맑음,단일로 - 기타,승용,여,49세,경상,승용,여,40세,경상
2020060100100605,2020년 6월 1일 18시,월요일,대전광역시 유성구 복용동,경상사고,0,0,1,0,차대차 - 기타,안전운전불이행,건조,맑음,교차로 - 교차로부근,승용,남,64세,상해없음,승용,남,26세,경상
2020060100100631,2020년 6월 1일 19시,월요일,대전광역시 서구 둔산동,경상사고,0,0,1,0,차대사람 - 기타,안전운전불이행,건조,맑음,단일로 - 기타,승용,남,69세,기타불명,보행자,여,18세,경상
2020060100100685,2020년 6월 1일 21시,월요일,대전광역시 동구 대성동,경상사고,0,0,2,0,차대차 - 추돌,안전운전불이행,건조,맑음,교차로 - 교차로부근,화물,남,58세,상해없음,승용,남,33세,경상
2020060100100686,2020년 6월 1일 21시,월요일,대전광역시 서구 괴정동,경상사고,0,0,4,0,차대차 - 추돌,안전거리미확보,건조,맑음,단일로 - 기타,기타불명,기타불명,미분류,기타불명,승용,남,67세,경상
2020060100100711,2020년 6월 1일 22시,월요일,대전광역시 동구 가양동,경상사고,0,0,1,0,차대차 - 측면충돌,안전운전불이행,건조,맑음,교차로 - 교차로부근,승용,남,63세,상해없음,자전거,남,52세,경상
2020060200100023,2020년 6월 2일 02시,화요일,대전광역시 유성구 봉명동,경상사고,0,0,1,0,차대차 - 기타,안전운전불이행,건조,맑음,단일로 - 기타,승용,남,32세,상해없음,이륜,남,44세,경상
2020060200100121,2020년 6월 2일 08시,화요일,대전광역시 중구 대사동,경상사고,0,0,1,0,차대차 - 측면충돌,안전거리미확보,건조,맑음,교차로 - 교차로부근,승용,남,72세,상해없음,승용,여,43세,경상
2020060200100122,2020년 6월 2일 08시,화요일,대전광역시 유성구 봉명동,중상사고,0,1,0,0,차대차 - 추돌,안전운전불이행,건조,맑음,단일로 - 기타,이륜,남,19세,중상,승용,남,30세,상해없음
2020060200100123,2020년 6월 2일 08시,화요일,대전광역시 유성구 봉명동,경상사고,0,0,1,0,차대차 - 측면충돌,안전거리미확보,건조,맑음,교차로 - 교차로안,화물,남,47세,상해없음,승용,남,46세,경상
2020060200100150,2020년 6월 2일 09시,화요일,대전광역시 중구 산성동,경상사고,0,0,2,0,차대차 - 추돌,안전운전불이행,건조,맑음,교차로 - 교차로부근,건설기계,남,51세,상해없음,승합,여,53세,경상
2020060200100151,2020년 6월 2일 09시,화요일,대전광역시 유성구 하기동,경상사고,0,0,1,0,차대차 - 기타,교차로운행방법위반,건조,맑음,교차로 - 교차로안,승용,남,41세,상해없음,승용,여,64세,경상
2020060200100226,2020년 6월 2일 11시,화요일,대전광역시 중구 오류동,중상사고,0,1,0,0,차대사람 - 기타,안전운전불이행,건조,맑음,단일로 - 기타,승용,남,26세,상해없음,보행자,남,62세,중상
2020060200100266,2020년 6월 2일 12시,화요일,대전광역시 유성구 학하동,경상사고,0,0,5,0,차대차 - 기타,중앙선침범,건조,맑음,단일로 - 기타,승용,남,68세,상해없음,승용,남,33세,경상
2020060200100267,2020년 6월 2일 12시,화요일,대전광역시 유성구 구암동,경상사고,0,0,1,0,차대차 - 기타,교차로운행방법위반,건조,맑음,교차로 - 교차로부근,승용,남,60세,상해없음,승용,여,25세,경상
2020060200100354,2020년 6월 2일 14시,화요일,대전광역시 서구 둔산동,사망사고,1,0,0,0,차대사람 - 횡단중,안전운전불이행,건조,맑음,단일로 - 기타,승용,여,36세,상해없음,보행자,여,77세,사망
2020060200100355,2020년 6월 2일 14시,화요일,대전광역시 서구 갈마동,경상사고,0,0,2,0,차대차 - 측면충돌,신호위반,건조,맑음,교차로 - 교차로안,승용,여,49세,상해없음,승용,남,30세,경상
2020060200100356,2020년 6월 2일 14시,화요일,대전광역시 유성구 탑립동,경상사고,0,0,1,0,차대사람 - 기타,안전운전불이행,건조,맑음,주차장 - 주차장,승용,남,28세,상해없음,보행자,여,20세,경상
2020060200100357,2020년 6월 2일 14시,화요일,대전광역시 유성구 구암동,경상사고,0,0,2,0,차대차 - 기타,안전운전불이행,건조,맑음,교차로 - 교차로안,승용,여,55세,경상,승용,여,31세,경상
2020060200100387,2020년 6월 2일 15시,화요일,대전광역시 서구 도안동,중상사고,0,1,0,0,차대차 - 측면충돌,신호위반,건조,맑음,교차로 - 교차로안,승용,남,27세,기타불명,승용,여,61세,중상
2020060200100432,2020년 6월 2일 16시,화요일,대전광역시 서구 복수동,중상사고,0,1,0,0,차대사람 - 기타,안전운전불이행,건조,맑음,단일로 - 기타,승용,여,66세,상해없음,보행자,여,60세,중상
2020060200100502,2020년 6월 2일 18시,화요일,대전광역시 동구 소제동,경상사고,0,0,1,0,차대차 - 추돌,안전운전불이행,건조,맑음,단일로 - 기타,승용,여,58세,상해없음,승용,남,25세,경상
2020060200100503,2020년 6월 2일 18시,화요일,대전광역시 서구 둔산동,경상사고,0,0,1,0,차대사람 - 길가장자리구역통행중,안전운전불이행,건조,맑음,교차로 - 교차로부근,승용,여,47세,상해없음,보행자,남,24세,경상
2020060200100530,2020년 6월 2일 19시,화요일,대전광역시 중구 오류동,경상사고,0,0,4,0,차대차 - 측면충돌,교차로운행방법위반,건조,맑음,교차로 - 교차로횡단보도내,승용,남,60세,상해없음,승용,남,23세,경상
2020060200100531,2020년 6월 2일 19시,화요일,대전광역시 유성구 궁동,경상사고,0,0,1,0,차대사람 - 기타,안전운전불이행,건조,맑음,단일로 - 기타,개인형이동수단(PM),기타불명,미분류,기타불명,보행자,여,19세,경상
2020060200100605,2020년 6월 2일 22시,화요일,대전광역시 서구 둔산동,경상사고,0,0,2,0,차대차 - 추돌,안전운전불이행,건조,맑음,단일로 - 기타,승용,남,47세,상해없음,승용,남,57세,경상
2020060200100620,2020년 6월 2일 23시,화요일,대전광역시 서구 둔산동,경상사고,0,0,3,0,차대차 - 후진중충돌,안전운전불이행,건조,맑음,단일로 - 기타,승용,남,23세,상해없음,승용,남,52세,경상
2020060300100075,2020년 6월 3일 07시,수요일,대전광역시 동구 홍도동,경상사고,0,0,2,0,차대차 - 측면충돌,안전거리미확보,건조,맑음,단일로 - 기타,승용,남,37세,상해없음,승용,남,60세,경상
2020060300100111,2020년 6월 3일 08시,수요일,대전광역시 서구 갈마동,경상사고,0,0,1,0,차대차 - 측면충돌,안전거리미확보,건조,맑음,단일로 - 기타,승용,여,46세,상해없음,승용,남,24세,경상
2020060300100168,2020년 6월 3일 10시,수요일,대전광역시 중구 용두동,경상사고,0,0,1,0,차대차 - 기타,안전운전불이행,건조,맑음,교차로 - 교차로부근,특수,남,67세,상해없음,승용,여,54세,경상
2020060300100205,2020년 6월 3일 11시,수요일,대전광역시 동구 소제동,경상사고,0,0,1,0,차대차 - 정면충돌,중앙선침범,건조,맑음,단일로 - 기타,승용,남,64세,상해없음,승용,남,57세,경상
2020060300100232,2020년 6월 3일 12시,수요일,대전광역시 대덕구 중리동,경상사고,0,0,1,0,차대차 - 기타,기타,건조,맑음,교차로 - 교차로부근,승용,여,64세,상해없음,승합,남,52세,경상
2020060300100233,2020년 6월 3일 12시,수요일,대전광역시 서구 둔산동,중상사고,0,1,0,0,차대사람 - 기타,안전운전불이행,건조,맑음,교차로 - 교차로부근,승용,남,58세,상해없음,보행자,여,52세,중상
2020060300100384,2020년 6월 3일 16시,수요일,대전광역시 서구 월평동,중상사고,0,1,0,0,차대차 - 기타,중앙선침범,건조,맑음,단일로 - 기타,승용,여,34세,상해없음,이륜,남,30세,중상
2020060300100439,2020년 6월 3일 17시,수요일,대전광역시 서구 도마동,경상사고,0,0,1,0,차대차 - 추돌,안전거리미확보,건조,맑음,단일로 - 기타,승용,남,40세,상해없음,승용,여,64세,경상
2020060300100440,2020년 6월 3일 17시,수요일,대전광역시 서구 변동,경상사고,0,0,2,0,차대차 - 측면충돌,안전운전불이행,건조,맑음,교차로 - 교차로안,이륜,남,27세,경상,승용,남,52세,경상
2020060300100441,2020년 6월 3일 17시,수요일,대전광역시 서구 갈마동,경상사고,0,0,1,0,차량단독 - 기타,기타,건조,맑음,단일로 - 기타,승합,남,50세,상해없음,,,,
2020060300100497,2020년 6월 3일 18시,수요일,대전광역시 중구 사정동,경상사고,0,0,2,0,차대차 - 측면충돌,안전운전불이행,건조,맑음,교차로 - 교차로안,화물,남,39세,경상,승용,남,55세,경상
2020060300100498,2020년 6월 3일 18시,수요일,대전광역시 동구 용전동,중상사고,0,1,2,0,차대차 - 추돌,안전운전불이행,건조,맑음,단일로 - 기타,승용,남,39세,상해없음,승용,남,27세,중상