사고번호,사고일시,요일,시군구,사고내용,사망자수,중상자수,경상자수,부상신고자수,사고유형,법규위반,노면상태,기상상태,도로형태,가해운전자 차종,가해운전자 성별,가해운전자 연령,가해운전자 상해정도,피해운전자 차종,피해운전자 성별,피해운전자 연령,피해운전자 상해정도
2020060900100296,2020년 6월 9일 12시,화요일,대전광역시 유성구 지족동,경상사고,0,0,4,0,차대차 - 기타,안전운전불이행,건조,맑음,교차로 - 교차로안,승용,남,37세,경상,승용,남,20세,경상
2020060900100323,2020년 6월 9일 13시,화요일,대전광역시 중구 대흥동,경상사고,0,0,1,0,차대차 - 추돌,안전운전불이행,건조,맑음,단일로 - 기타,승용,남,62세,상해없음,승용,여,60세,경상
2020060900100324,2020년 6월 9일 13시,화요일,대전광역시 중구 은행동,경상사고,0,0,1,0,차대사람 - 차도통행중,안전운전불이행,건조,맑음,단일로 - 기타,승용,남,83세,상해없음,보행자,여,20세,경상
2020060900100325,2020년 6월 9일 13시,화요일,대전광역시 유성구 봉명동,중상사고,0,1,0,0,차대사람 - 횡단중,보행자보호의무위반,건조,맑음,교차로 - 교차로횡단보도내,승용,여,41세,상해없음,보행자,남,24세,중상
2020060900100408,2020년 6월 9일 15시,화요일,대전광역시 유성구 구암동,경상사고,0,0,1,0,차대차 - 측면충돌,안전운전불이행,건조,맑음,단일로 - 기타,승용,여,51세,상해없음,이륜,남,40세,경상
2020060900100568,2020년 6월 9일 18시,화요일,대전광역시 동구 구도동,경상사고,0,0,1,0,차대차 - 측면충돌,안전운전불이행,건조,맑음,단일로 - 기타,승용,남,24세,상해없음,승용,여,48세,경상
2020060900100569,2020년 6월 9일 18시,화요일,대전광역시 유성구 용산동,중상사고,0,2,1,0,차대차 - 기타,교차로운행방법위반,건조,맑음,교차로 - 교차로부근,승용,여,31세,상해없음,승용,남,34세,경상
2020060900100570,2020년 6월 9일 18시,화요일,대전광역시 유성구 반석동,경상사고,0,0,1,0,차대차 - 측면충돌,안전운전불이행,건조,맑음,교차로 - 교차로부근,승용,여,54세,상해없음,자전거,남,11세,경상
2020060900100638,2020년 6월 9일 20시,화요일,대전광역시 서구 도마동,경상사고,0,0,1,0,차량단독 - 공작물충돌,안전운전불이행,건조,맑음,단일로 - 기타,이륜,남,64세,경상,,,,
2020060900100639,2020년 6월 9일 20시,화요일,대전광역시 서구 도마동,중상사고,0,1,0,0,차대사람 - 기타,안전운전불이행,건조,맑음,단일로 - 기타,승용,남,21세,상해없음,보행자,여,80세,중상
2020060900100667,2020년 6월 9일 21시,화요일,대전광역시 서구 둔산동,경상사고,0,0,1,0,차대차 - 측면충돌,안전운전불이행,건조,맑음,교차로 - 교차로횡단보도내,자전거,남,27세,경상,승용,남,53세,상해없음
2020060900100708,2020년 6월 9일 23시,화요일,대전광역시 중구 대흥동,사망사고,1,0,2,0,차대차 - 정면충돌,신호위반,건조,맑음,교차로 - 교차로안,원동기,남,43세,사망,승용,남,64세,경상
2020060900100709,2020년 6월 9일 23시,화요일,대전광역시 유성구 송강동,경상사고,0,0,1,0,차대차 - 추돌,안전운전불이행,건조,맑음,단일로 - 기타,승용,남,24세,상해없음,승용,남,60세,경상
2020061000100010,2020년 6월 10일 00시,수요일,대전광역시 유성구 구암동,경상사고,0,0,1,0,차대차 - 추돌,안전운전불이행,건조,맑음,교차로 - 교차로부근,승용,남,66세,상해없음,승용,남,58세,경상
2020061000100019,2020년 6월 10일 02시,수요일,대전광역시 동구 판암동,경상사고,0,0,1,0,차대차 - 추돌,안전운전불이행,건조,맑음,단일로 - 기타,화물,남,65세,상해없음,승용,여,46세,경상
2020061000100020,2020년 6월 10일 02시,수요일,대전광역시 서구 탄방동,사망사고,1,0,0,0,차량단독 - 전도전복 - 전도,안전운전불이행,건조,맑음,단일로 - 지하차도(도로)내,이륜,남,23세,사망,,,,
2020061000100025,2020년 6월 10일 03시,수요일,대전광역시 중구 산성동,경상사고,0,0,1,0,차대사람 - 기타,안전운전불이행,건조,맑음,단일로 - 기타,승합,남,47세,상해없음,보행자,남,54세,경상
2020061000100061,2020년 6월 10일 06시,수요일,대전광역시 유성구 원신흥동,중상사고,0,1,0,0,차대차 - 기타,신호위반,건조,맑음,교차로 - 교차로안,승용,남,30세,상해없음,승용,여,24세,중상
2020061000100087,2020년 6월 10일 07시,수요일,대전광역시 동구 대성동,경상사고,0,0,1,0,차대사람 - 횡단중,안전운전불이행,건조,맑음,단일로 - 기타,승용,여,46세,상해없음,보행자,여,6세,경상
2020061000100268,2020년 6월 10일 12시,수요일,대전광역시 동구 용전동,경상사고,0,0,1,0,차대차 - 기타,안전운전불이행,건조,맑음,단일로 - 기타,승용,남,59세,상해없음,승용,여,26세,경상
2020061000100269,2020년 6월 10일 12시,수요일,대전광역시 서구 갈마동,경상사고,0,0,2,0,차대차 - 기타,신호위반,건조,맑음,교차로 - 교차로안,승용,여,35세,상해없음,승용,남,66세,경상
2020061000100270,2020년 6월 10일 12시,수요일,대전광역시 유성구 궁동,경상사고,0,0,1,0,차대차 - 기타,교차로운행방법위반,건조,맑음,교차로 - 교차로안,승용,남,29세,상해없음,이륜,남,35세,경상
2020061000100305,2020년 6월 10일 13시,수요일,대전광역시 서구 복수동,중상사고,0,1,0,0,차대사람 - 횡단중,보행자보호의무위반,건조,맑음,교차로 - 교차로횡단보도내,승용,여,54세,상해없음,보행자,남,78세,중상
2020061000100337,2020년 6월 10일 14시,수요일,대전광역시 서구 용문동,경상사고,0,0,1,0,차대사람 - 길가장자리구역통행중,안전운전불이행,건조,맑음,단일로 - 기타,기타불명,기타불명,미분류,기타불명,보행자,남,67세,경상
2020061000100339,2020년 6월 10일 14시,수요일,대전광역시 유성구 죽동,중상사고,0,1,0,0,차대차 - 기타,안전운전불이행,건조,맑음,단일로 - 기타,승용,여,59세,상해없음,이륜,남,25세,중상
2020061000100380,2020년 6월 10일 15시,수요일,대전광역시 서구 도마동,중상사고,0,1,0,0,차량단독 - 기타,안전운전불이행,건조,맑음,단일로 - 기타,승합,남,44세,상해없음,,,,
2020061000100381,2020년 6월 10일 15시,수요일,대전광역시 서구 둔산동,경상사고,0,0,1,0,차량단독 - 기타,안전운전불이행,건조,맑음,교차로 - 교차로안,승합,남,46세,상해없음,,,,
2020061000100382,2020년 6월 10일 15시,수요일,대전광역시 유성구 궁동,중상사고,0,1,0,0,차대사람 - 횡단중,신호위반,건조,맑음,교차로 - 교차로안,이륜,남,28세,상해없음,보행자,여,58세,중상
2020061000100420,2020년 6월 10일 16시,수요일,대전광역시 중구 은행동,경상사고,0,0,1,0,차대차 - 측면충돌,안전거리미확보,건조,맑음,교차로 - 교차로부근,승용,여,59세,상해없음,화물,남,45세,경상
2020061000100421,2020년 6월 10일 16시,수요일,대전광역시 서구 가장동,경상사고,0,0,1,0,차대차 - 기타,안전거리미확보,건조,맑음,교차로 - 교차로안,승용,여,64세,상해없음,승용,여,41세,경상
2020061000100422,2020년 6월 10일 16시,수요일,대전광역시 서구 둔산동,경상사고,0,0,2,0,차대차 - 기타,안전운전불이행,건조,맑음,단일로 - 기타,승용,남,65세,상해없음,승합,여,59세,경상
2020061000100570,2020년 6월 10일 19시,수요일,대전광역시 동구 천동,경상사고,0,0,1,0,차대차 - 측면충돌,신호위반,젖음/습기,비,교차로 - 교차로안,이륜,남,31세,경상,승용,남,41세,상해없음
2020061000100631,2020년 6월 10일 20시,수요일,대전광역시 중구 선화동,경상사고,0,0,1,0,차대차 - 기타,안전거리미확보,젖음/습기,비,단일로 - 기타,승용,여,26세,상해없음,승용,여,57세,경상
2020061000100686,2020년 6월 10일 21시,수요일,대전광역시 동구 가양동,중상사고,0,2,0,0,차대차 - 측면충돌,교차로운행방법위반,젖음/습기,비,교차로 - 교차로안,이륜,남,37세,중상,이륜,남,45세,중상
2020061000100687,2020년 6월 10일 21시,수요일,대전광역시 대덕구 목상동,경상사고,0,0,5,0,차대차 - 기타,중앙선침범,젖음/습기,비,단일로 - 기타,승용,남,51세,상해없음,승용,남,31세,경상
2020061000100688,2020년 6월 10일 21시,수요일,대전광역시 유성구 구암동,부상신고사고,0,0,0,1,차대사람 - 기타,안전운전불이행,젖음/습기,비,단일로 - 기타,이륜,남,28세,상해없음,보행자,남,23세,부상신고
2020061000100734,2020년 6월 10일 22시,수요일,대전광역시 서구 갈마동,경상사고,0,0,1,0,차대차 - 측면충돌,신호위반,젖음/습기,비,단일로 - 지하차도(도로)내,기타불명,기타불명,미분류,기타불명,승용,남,66세,경상
2020061000100735,2020년 6월 10일 22시,수요일,대전광역시 서구 갈마동,중상사고,0,1,1,0,차대차 - 기타,안전운전불이행,침수,비,교차로 - 교차로부근,승용,남,59세,상해없음,승용,여,47세,경상
2020061000100757,2020년 6월 10일 23시,수요일,대전광역시 중구 용두동,중상사고,0,1,0,0,차대차 - 기타,불법유턴,젖음/습기,비,단일로 - 기타,승용,남,52세,상해없음,승용,남,23세,중상
2020061000100758,2020년 6월 10일 23시,수요일,대전광역시 서구 용문동,경상사고,0,0,1,0,차대차 - 측면충돌,안전운전불이행,젖음/습기,비,교차로 - 교차로안,승용,여,30세,상해없음,승용,남,60세,경상
2020061100100073,2020년 6월 11일 05시,목요일,대전광역시 서구 갈마동,중상사고,0,1,0,0,차대차 - 기타,교차로운행방법위반,젖음/습기,흐림,교차로 - 교차로안,승용,남,55세,상해없음,승용,여,29세,중상
2020061100100109,2020년 6월 11일 07시,목요일,대전광역시 유성구 구암동,중상사고,0,1,2,0,차대차 - 추돌,안전운전불이행,젖음/습기,흐림,교차로 - 교차로부근,승합,남,62세,상해없음,승용,남,46세,경상
2020061100100164,2020년 6월 11일 09시,목요일,대전광역시 동구 용운동,경상사고,0,0,1,0,차대차 - 후진중충돌,안전운전불이행,건조,맑음,단일로 - 기타,승용,여,50세,상해없음,승용,여,51세,경상
2020061100100165,2020년 6월 11일 09시,목요일,대전광역시 서구 가수원동,경상사고,0,0,1,0,차대차 - 추돌,안전거리미확보,건조,맑음,교차로 - 교차로부근,승용,여,75세,상해없음,승용,여,37세,경상
2020061100100166,2020년 6월 11일 09시,목요일,대전광역시 서구 가장동,경상사고,0,0,1,0,차대차 - 후진중충돌,안전운전불이행,건조,맑음,교차로 - 교차로부근,승용,남,71세,상해없음,화물,남,43세,경상
2020061100100167,2020년 6월 11일 09시,목요일,대전광역시 유성구 장대동,경상사고,0,0,1,0,차대차 - 추돌,안전운전불이행,건조,맑음,단일로 - 기타,승용,여,56세,상해없음,승용,여,41세,경상
2020061100100200,2020년 6월 11일 10시,목요일,대전광역시 중구 문화동,경상사고,0,0,1,0,차대사람 - 횡단중,보행자보호의무위반,건조,맑음,교차로 - 교차로횡단보도내,승용,여,41세,상해없음,보행자,여,60세,경상
2020061100100201,2020년 6월 11일 10시,목요일,대전광역시 유성구 대정동,경상사고,0,0,1,0,차대차 - 추돌,안전거리미확보,건조,맑음,교차로 - 교차로부근,건설기계,남,47세,상해없음,승용,여,48세,경상
2020061100100233,2020년 6월 11일 11시,목요일,대전광역시 서구 둔산동,경상사고,0,0,1,0,차대차 - 기타,안전운전불이행,건조,맑음,단일로 - 기타,승용,여,44세,상해없음,자전거,여,35세,경상
2020061100100234,2020년 6월 11일 11시,목요일,대전광역시 유성구 둔곡동,경상사고,0,0,1,0,차대차 - 측면충돌,안전운전불이행,건조,맑음,단일로 - 기타,승용,남,64세,상해없음,승용,남,41세,경상
2020061100100266,2020년 6월 11일 12시,목요일,대전광역시 유성구 봉명동,경상사고,0,0,1,0,차대차 - 측면충돌,안전운전불이행,건조,맑음,단일로 - 기타,승용,남,44세,상해없음,이륜,남,33세,경상
2020061100100267,2020년 6월 11일 12시,목요일,대전광역시 유성구 구암동,경상사고,0,0,1,0,차대차 - 측면충돌,기타,건조,맑음,교차로 - 교차로안,승용,여,32세,상해없음,승용,여,31세,경상
2020061100100312,2020년 6월 11일 13시,목요일,대전광역시 동구 구도동,경상사고,0,0,7,0,차대차 - 추돌,안전운전불이행,건조,맑음,단일로 - 기타,화물,남,48세,상해없음,승합,남,38세,경상
2020061100100349,2020년 6월 11일 14시,목요일,대전광역시 동구 신흥동,경상사고,0,0,3,1,차대차 - 추돌,안전운전불이행,건조,맑음,단일로 - 기타,화물,남,53세,상해없음,승용,여,49세,경상
2020061100100350,2020년 6월 11일 14시,목요일,대전광역시 서구 월평동,경상사고,0,0,1,0,차대차 - 기타,안전운전불이행,건조,맑음,단일로 - 교량,화물,남,66세,상해없음,승용,남,46세,경상
2020061100100379,2020년 6월 11일 15시,목요일,대전광역시 중구 유천동,경상사고,0,0,1,0,차대사람 - 기타,안전운전불이행,건조,맑음,단일로 - 기타,화물,남,47세,상해없음,보행자,남,67세,경상
2020061100100380,2020년 6월 11일 15시,목요일,대전광역시 대덕구 대화동,중상사고,0,1,0,0,차대차 - 기타,교차로운행방법위반,건조,맑음,교차로 - 교차로안,승용,남,40세,상해없음,화물,남,67세,상해없음
2020061100100463,2020년 6월 11일 17시,목요일,대전광역시 서구 둔산동,경상사고,0,0,1,0,차대사람 - 횡단중,보행자보호의무위반,건조,맑음,단일로 - 기타,승용,남,21세,상해없음,보행자,여,25세,경상
2020061100100511,2020년 6월 11일 18시,목요일,대전광역시 중구 문화동,중상사고,0,1,0,0,차대사람 - 횡단중,신호위반,건조,맑음,단일로 - 기타,승합,남,48세,상해없음,보행자,남,73세,중상
2020061100100512,2020년 6월 11일 18시,목요일,대전광역시 서구 탄방동,중상사고,0,1,1,0,차대차 - 기타,신호위반,건조,맑음,교차로 - 교차로안,이륜,남,38세,중상,승용,남,39세,경상
2020061100100537,2020년 6월 11일 19시,목요일,대전광역시 서구 갈마동,경상사고,0,0,1,1,차대차 - 기타,안전거리미확보,건조,맑음,단일로 - 기타,승용,여,57세,부상신고,승용,남,45세,경상
2020061100100571,2020년 6월 11일 20시,목요일,대전광역시 중구 선화동,경상사고,0,0,1,0,차대차 - 추돌,안전운전불이행,건조,맑음,교차로 - 교차로부근,승용,남,47세,상해없음,승용,여,44세,경상
2020061100100636,2020년 6월 11일 22시,목요일,대전광역시 유성구 봉명동,경상사고,0,0,1,0,차대차 - 기타,안전운전불이행,건조,맑음,교차로 - 교차로안,승용,남,27세,상해없음,승용,남,57세,경상
2020061200100027,2020년 6월 12일 02시,금요일,대전광역시 유성구 반석동,경상사고,0,0,3,0,차대차 - 추돌,안전운전불이행,건조,맑음,단일로 - 기타,승용,남,33세,상해없음,승용,남,35세,경상
2020061200100037,2020년 6월 12일 04시,금요일,대전광역시 대덕구 석봉동,경상사고,0,0,1,0,차대차 - 측면충돌,안전운전불이행,건조,맑음,단일로 - 기타,특수,남,52세,상해없음,화물,남,43세,경상
2020061200100045,2020년 6월 12일 05시,금요일,대전광역시 유성구 장대동,경상사고,0,0,2,0,차대차 - 기타,과속,건조,맑음,교차로 - 교차로부근,승용,남,26세,경상,승용,남,55세,경상
2020061200100057,2020년 6월 12일 06시,금요일,대전광역시 대덕구 덕암동,경상사고,0,0,1,0,차대차 - 측면충돌,교차로운행방법위반,건조,맑음,교차로 - 교차로부근,승용,남,31세,기타불명,특수,남,55세,경상
2020061200100082,2020년 6월 12일 07시,금요일,대전광역시 동구 대동,경상사고,0,0,1,0,차대사람 - 기타,안전운전불이행,건조,맑음,단일로 - 기타,승용,여,28세,상해없음,보행자,여,73세,경상
2020061200100121,2020년 6월 12일 08시,금요일,대전광역시 중구 용두동,중상사고,0,1,0,0,차량단독 - 기타,기타,건조,맑음,단일로 - 기타,승합,남,48세,상해없음,,,,
2020061200100122,2020년 6월 12일 08시,금요일,대전광역시 동구 용전동,경상사고,0,0,1,0,차대차 - 기타,안전운전불이행,건조,맑음,교차로 - 교차로안,승용,여,29세,상해없음,자전거,남,62세,경상
2020061200100123,2020년 6월 12일 08시,금요일,대전광역시 동구 삼괴동,경상사고,0,0,1,0,차대차 - 추돌,안전거리미확보,건조,맑음,단일로 - 기타,승용,남,24세,기타불명,승용,여,44세,경상
2020061200100159,2020년 6월 12일 09시,금요일,대전광역시 서구 만년동,부상신고사고,0,0,0,1,차대차 - 측면충돌,안전거리미확보,건조,맑음,단일로 - 기타,이륜,남,68세,부상신고,화물,남,31세,상해없음
2020061200100160,2020년 6월 12일 09시,금요일,대전광역시 서구 둔산동,경상사고,0,0,1,0,차대사람 - 길가장자리구역통행중,안전운전불이행,건조,맑음,단일로 - 기타,승용,여,53세,상해없음,보행자,여,31세,경상
2020061200100162,2020년 6월 12일 09시,금요일,대전광역시 유성구 봉명동,경상사고,0,0,1,0,차대차 - 추돌,안전운전불이행,건조,맑음,교차로 - 교차로안,승용,여,25세,기타불명,승용,남,58세,경상
2020061200100208,2020년 6월 12일 10시,금요일,대전광역시 중구 오류동,경상사고,0,0,1,0,차대차 - 기타,안전운전불이행,건조,맑음,교차로 - 교차로안,승용,남,70세,상해없음,특수,남,52세,상해없음
2020061200100283,2020년 6월 12일 12시,금요일,대전광역시 중구 선화동,경상사고,0,0,2,0,차대차 - 기타,차로위반,젖음/습기,비,단일로 - 기타,승용,남,59세,상해없음,승용,남,26세,경상
2020061200100284,2020년 6월 12일 12시,금요일,대전광역시 동구 가오동,중상사고,0,1,0,0,차대사람 - 차도통행중,안전운전불이행,건조,맑음,교차로 - 교차로부근,승용,여,26세,상해없음,보행자,남,31세,중상
2020061200100315,2020년 6월 12일 13시,금요일,대전광역시 중구 선화동,경상사고,0,0,2,1,차대차 - 기타,중앙선침범,젖음/습기,비,교차로 - 교차로안,자전거,남,35세,부상신고,이륜,남,63세,경상
2020061200100316,2020년 6월 12일 13시,금요일,대전광역시 동구 가양동,경상사고,0,0,1,0,차대차 - 측면충돌,안전운전불이행,건조,맑음,단일로 - 기타,승용,여,39세,상해없음,화물,남,34세,경상
2020061200100353,2020년 6월 12일 14시,금요일,대전광역시 중구 유천동,경상사고,0,0,1,0,차대차 - 추돌,안전운전불이행,젖음/습기,비,단일로 - 기타,승용,여,59세,경상,승용,남,49세,상해없음
2020061200100354,2020년 6월 12일 14시,금요일,대전광역시 동구 가양동,경상사고,0,0,1,0,차대차 - 기타,교차로운행방법위반,건조,맑음,교차로 - 교차로안,화물,남,25세,상해없음,원동기,남,47세,경상
2020061200100387,2020년 6월 12일 15시,금요일,대전광역시 서구 갈마동,경상사고,0,0,1,0,차대차 - 측면충돌,안전운전불이행,건조,맑음,교차로 - 교차로횡단보도내,승용,남,40세,상해없음,자전거,남,56세,경상
2020061200100533,2020년 6월 12일 18시,금요일,대전광역시 서구 탄방동,경상사고,0,0,2,0,차대차 - 기타,직진우회전진행방해,건조,맑음,교차로 - 교차로안,승용,여,34세,경상,승용,여,46세,경상
2020061200100627,2020년 6월 12일 20시,금요일,대전광역시 서구 용문동,경상사고,0,0,1,0,차대차 - 측면충돌,안전운전불이행,젖음/습기,비,단일로 - 기타,승용,남,38세,상해없음,승용,남,44세,경상
2020061200100628,2020년 6월 12일 20시,금요일,대전광역시 유성구 덕명동,경상사고,0,0,1,1,차대차 - 측면충돌,신호위반,젖음/습기,비,교차로 - 교차로안,승용,여,51세,부상신고,승용,남,52세,경상
2020061200100664,2020년 6월 12일 21시,금요일,대전광역시 서구 도마동,경상사고,0,0,1,0,차대차 - 추돌,신호위반,젖음/습기,비,교차로 - 교차로부근,승용,여,21세,상해없음,승용,남,65세,경상
2020061200100665,2020년 6월 12일 21시,금요일,대전광역시 서구 관저동,경상사고,0,0,1,0,차대사람 - 횡단중,보행자보호의무위반,젖음/습기,비,교차로 - 교차로횡단보도내,승용,남,22세,상해없음,보행자,남,50세,경상
2020061200100666,2020년 6월 12일 21시,금요일,대전광역시 유성구 원촌동,경상사고,0,0,1,0,차대차 - 측면충돌,교차로운행방법위반,젖음/습기,비,교차로 - 교차로안,승용,남,53세,상해없음,승용,남,49세,경상
2020061200100711,2020년 6월 12일 22시,금요일,대전광역시 서구 괴정동,경상사고,0,0,2,0,차대차 - 측면충돌,안전운전불이행,젖음/습기,비,교차로 - 교차로안,승용,여,51세,경상,승용,남,73세,경상
2020061200100712,2020년 6월 12일 22시,금요일,대전광역시 서구 둔산동,중상사고,0,1,0,0,차대사람 - 기타,안전운전불이행,젖음/습기,비,교차로 - 교차로횡단보도내,승용,남,53세,상해없음,보행자,남,79세,중상
2020061200100713,2020년 6월 12일 22시,금요일,대전광역시 서구 둔산동,경상사고,0,0,1,0,차대사람 - 기타,안전운전불이행,젖음/습기,비,단일로 - 기타,승용,남,46세,상해없음,보행자,여,52세,경상
2020061200100753,2020년 6월 12일 23시,금요일,대전광역시 서구 가수원동,중상사고,0,1,3,0,차대차 - 측면충돌,과속,젖음/습기,비,교차로 - 교차로안,승용,남,67세,상해없음,이륜,남,21세,중상
2020061300100027,2020년 6월 13일 00시,토요일,대전광역시 서구 둔산동,중상사고,0,1,0,0,차대차 - 기타,신호위반,젖음/습기,비,교차로 - 교차로안,승용,남,41세,중상,화물,남,55세,상해없음
2020061300100050,2020년 6월 13일 01시,토요일,대전광역시 유성구 궁동,경상사고,0,0,1,0,차량단독 - 공작물충돌,안전운전불이행,젖음/습기,비,단일로 - 기타,승용,남,45세,경상,,,,
2020061300100090,2020년 6월 13일 04시,토요일,대전광역시 서구 갈마동,경상사고,0,0,1,0,차대사람 - 횡단중,안전운전불이행,젖음/습기,비,교차로 - 교차로횡단보도내,승용,남,62세,상해없음,보행자,여,19세,경상
2020061300100348,2020년 6월 13일 14시,토요일,대전광역시 유성구 봉산동,중상사고,0,1,0,0,차대차 - 추돌,안전운전불이행,건조,맑음,교차로 - 교차로안,승용,남,71세,상해없음,이륜,남,76세,중상
2020061300100388,2020년 6월 13일 15시,토요일,대전광역시 동구 인동,경상사고,0,0,1,0,차대차 - 추돌,안전운전불이행,건조,맑음,교차로 - 교차로부근,원동기,남,38세,상해없음,승용,남,35세,경상
2020061300100476,2020년 6월 13일 17시,토요일,대전광역시 동구 용전동,경상사고,0,0,1,0,차대사람 - 횡단중,보행자보호의무위반,젖음/습기,비,교차로 - 교차로안,승용,남,52세,상해없음,보행자,남,69세,경상
2020061300100517,2020년 6월 13일 18시,토요일,대전광역시 동구 대동,중상사고,0,2,0,0,차대차 - 추돌,안전운전불이행,건조,맑음,교차로 - 교차로부근,승용,여,55세,상해없음,화물,남,75세,중상
2020061300100518,2020년 6월 13일 18시,토요일,대전광역시 유성구 구암동,경상사고,0,0,1,0,차대차 - 기타,중앙선침범,건조,맑음,단일로 - 기타,이륜,남,38세,상해없음,승용,남,23세,경상
2020061300100545,2020년 6월 13일 19시,토요일,대전광역시 서구 갈마동,경상사고,0,0,5,0,차대차 - 측면충돌,신호위반,젖음/습기,비,단일로 - 터널,승용,여,47세,경상,승용,남,26세,경상
2020061300100546,2020년 6월 13일 19시,토요일,대전광역시 서구 둔산동,경상사고,0,0,1,0,차대차 - 추돌,안전운전불이행,젖음/습기,비,교차로 - 교차로안,승용,남,35세,상해없음,승용,남,32세,경상
2020061300100547,2020년 6월 13일 19시,토요일,대전광역시 유성구 봉명동,경상사고,0,0,4,0,차대차 - 기타,신호위반,젖음/습기,비,교차로 - 교차로안,승용,남,27세,경상,승용,남,59세,경상
2020061300100548,2020년 6월 13일 19시,토요일,대전광역시 유성구 전민동,중상사고,0,1,0,0,차량단독 - 기타,안전운전불이행,젖음/습기,비,단일로 - 기타,원동기,남,34세,중상,,,,
2020061300100588,2020년 6월 13일 20시,토요일,대전광역시 서구 둔산동,경상사고,0,0,1,0,차대차 - 추돌,안전운전불이행,건조,맑음,교차로 - 교차로부근,승용,남,28세,상해없음,승용,남,36세,경상
2020061300100649,2020년 6월 13일 22시,토요일,대전광역시 중구 대사동,경상사고,0,0,1,0,차대차 - 기타,안전운전불이행,젖음/습기,맑음,단일로 - 기타,승용,남,58세,상해없음,이륜,남,22세,경상
2020061300100650,2020년 6월 13일 22시,토요일,대전광역시 서구 정림동,경상사고,0,0,1,0,차대차 - 측면충돌,안전운전불이행,젖음/습기,비,단일로 - 기타,승용,여,58세,상해없음,승용,남,27세,경상
2020061300100651,2020년 6월 13일 22시,토요일,대전광역시 대덕구 중리동,경상사고,0,0,1,0,차대차 - 추돌,안전운전불이행,젖음/습기,비,단일로 - 기타,승합,남,49세,상해없음,승용,여,55세,경상
2020061300100652,2020년 6월 13일 22시,토요일,대전광역시 서구 둔산동,경상사고,0,0,2,0,차대차 - 측면충돌,안전운전불이행,젖음/습기,비,교차로 - 교차로안,승용,남,66세,상해없음,승용,여,24세,경상
2020061300100674,2020년 6월 13일 23시,토요일,대전광역시 중구 선화동,중상사고,0,1,0,0,차대차 - 기타,신호위반,젖음/습기,비,교차로 - 교차로안,승용,여,44세,기타불명,이륜,남,45세,중상
2020061400100022,2020년 6월 14일 00시,일요일,대전광역시 중구 대사동,경상사고,0,0,1,0,차대차 - 기타,안전거리미확보,젖음/습기,비,교차로 - 교차로부근,승용,남,22세,상해없음,승용,남,47세,경상
2020061400100023,2020년 6월 14일 00시,일요일,대전광역시 동구 용전동,경상사고,0,0,1,0,차대사람 - 기타,안전운전불이행,젖음/습기,비,교차로 - 교차로안,승용,남,24세,상해없음,보행자,남,27세,경상
2020061400100024,2020년 6월 14일 00시,일요일,대전광역시 동구 가오동,중상사고,0,1,0,0,차대차 - 기타,안전운전불이행,젖음/습기,비,교차로 - 교차로부근,승용,남,33세,상해없음,이륜,남,45세,중상
2020061400100089,2020년 6월 14일 06시,일요일,대전광역시 서구 둔산동,부상신고사고,0,0,0,1,차대사람 - 차도통행중,안전운전불이행,젖음/습기,흐림,단일로 - 기타,승용,남,62세,상해없음,보행자,여,27세,부상신고
2020061400100105,2020년 6월 14일 08시,일요일,대전광역시 중구 은행동,중상사고,0,1,0,0,차대차 - 기타,신호위반,건조,맑음,교차로 - 교차로안,승합,남,49세,상해없음,이륜,남,43세,중상
2020061400100160,2020년 6월 14일 11시,일요일,대전광역시 유성구 구암동,경상사고,0,0,2,0,차대차 - 추돌,안전운전불이행,건조,맑음,단일로 - 기타,승용,여,26세,상해없음,승용,남,53세,경상
2020061400100258,2020년 6월 14일 14시,일요일,대전광역시 중구 안영동,경상사고,0,0,1,0,차대사람 - 차도통행중,안전운전불이행,건조,맑음,교차로 - 교차로부근,승용,여,68세,상해없음,보행자,남,4세,경상
2020061400100299,2020년 6월 14일 15시,일요일,대전광역시 유성구 구암동,경상사고,0,0,1,0,차대차 - 기타,안전거리미확보,건조,맑음,단일로 - 기타,승용,남,62세,상해없음,이륜,남,24세,경상
2020061400100355,2020년 6월 14일 17시,일요일,대전광역시 중구 은행동,중상사고,0,2,0,0,차대차 - 측면충돌,안전거리미확보,건조,맑음,단일로 - 기타,승용,남,68세,상해없음,승용,남,60세,중상
2020061400100387,2020년 6월 14일 18시,일요일,대전광역시 중구 부사동,경상사고,0,0,1,0,차대사람 - 차도통행중,안전운전불이행,건조,맑음,단일로 - 기타,승합,남,70세,상해없음,보행자,남,37세,경상
2020061400100453,2020년 6월 14일 20시,일요일,대전광역시 중구 은행동,경상사고,0,0,2,0,차대차 - 기타,안전운전불이행,건조,맑음,단일로 - 기타,승용,남,37세,상해없음,승용,여,38세,경상
2020061400100481,2020년 6월 14일 21시,일요일,대전광역시 동구 가양동,경상사고,0,0,2,0,차대사람 - 횡단중,보행자보호의무위반,건조,맑음,교차로 - 교차로횡단보도내,승용,남,61세,상해없음,보행자,여,21세,경상
2020061400100482,2020년 6월 14일 21시,일요일,대전광역시 유성구 봉명동,경상사고,0,0,1,0,차대차 - 기타,신호위반,건조,맑음,교차로 - 교차로안,승용,여,50세,상해없음,승합,남,47세,경상
2020061400100503,2020년 6월 14일 22시,일요일,대전광역시 중구 용두동,경상사고,0,0,6,0,차대차 - 추돌,과속,건조,맑음,단일로 - 기타,승용,남,24세,경상,승용,남,62세,경상
2020061400100504,2020년 6월 14일 22시,일요일,대전광역시 유성구 봉명동,경상사고,0,0,3,0,차대차 - 추돌,신호위반,건조,맑음,교차로 - 교차로안,승용,남,57세,기타불명,승합,남,55세,기타불명