사고번호,사고일시,요일,시군구,사고내용,사망자수,중상자수,경상자수,부상신고자수,사고유형,법규위반,노면상태,기상상태,도로형태,가해운전자 차종,가해운전자 성별,가해운전자 연령,가해운전자 상해정도,피해운전자 차종,피해운전자 성별,피해운전자 연령,피해운전자 상해정도
2020061400100521,2020년 6월 14일 23시,일요일,대전광역시 서구 내동,중상사고,0,1,0,0,차대사람 - 횡단중,안전운전불이행,건조,맑음,교차로 - 교차로횡단보도내,승용,남,30세,상해없음,보행자,남,62세,중상
2020061500100032,2020년 6월 15일 04시,월요일,대전광역시 서구 둔산동,경상사고,0,0,1,0,차대차 - 후진중충돌,안전운전불이행,건조,맑음,단일로 - 기타,승용,남,24세,상해없음,승용,남,65세,경상
2020061500100125,2020년 6월 15일 08시,월요일,대전광역시 유성구 궁동,경상사고,0,0,1,0,차대차 - 추돌,안전운전불이행,건조,맑음,단일로 - 기타,승용,남,34세,상해없음,자전거,남,27세,경상
2020061500100126,2020년 6월 15일 08시,월요일,대전광역시 유성구 봉명동,경상사고,0,0,1,0,차대사람 - 횡단중,보행자보호의무위반,건조,맑음,교차로 - 교차로횡단보도내,승용,남,38세,상해없음,보행자,남,23세,경상
2020061500100207,2020년 6월 15일 10시,월요일,대전광역시 동구 중동,경상사고,0,0,1,0,차대차 - 측면충돌,교차로운행방법위반,건조,맑음,교차로 - 교차로부근,승용,남,81세,상해없음,승용,남,58세,경상
2020061500100208,2020년 6월 15일 10시,월요일,대전광역시 서구 괴정동,경상사고,0,0,1,0,차대차 - 측면충돌,교차로운행방법위반,건조,맑음,교차로 - 교차로안,이륜,남,25세,상해없음,승용,여,34세,경상
2020061500100244,2020년 6월 15일 11시,월요일,대전광역시 서구 변동,중상사고,0,1,0,0,차대차 - 추돌,안전거리미확보,건조,맑음,단일로 - 기타,승용,여,39세,상해없음,이륜,남,40세,중상
2020061500100245,2020년 6월 15일 11시,월요일,대전광역시 서구 가수원동,경상사고,0,0,1,0,차대차 - 기타,안전거리미확보,건조,맑음,단일로 - 기타,승용,남,58세,상해없음,승용,남,55세,경상
2020061500100280,2020년 6월 15일 12시,월요일,대전광역시 동구 용전동,경상사고,0,0,1,0,차대사람 - 길가장자리구역통행중,안전운전불이행,건조,맑음,단일로 - 기타,승용,남,23세,상해없음,보행자,남,47세,경상
2020061500100313,2020년 6월 15일 13시,월요일,대전광역시 동구 가양동,경상사고,0,0,2,0,차대차 - 측면충돌,교차로운행방법위반,건조,맑음,교차로 - 교차로안,화물,남,35세,상해없음,승용,남,64세,경상
2020061500100314,2020년 6월 15일 13시,월요일,대전광역시 서구 복수동,경상사고,0,0,2,0,차대차 - 추돌,안전운전불이행,건조,맑음,교차로 - 교차로부근,승용,남,72세,상해없음,승용,여,43세,경상
2020061500100357,2020년 6월 15일 14시,월요일,대전광역시 중구 용두동,경상사고,0,0,1,0,차대차 - 기타,안전운전불이행,건조,맑음,교차로 - 교차로부근,승용,여,34세,상해없음,승용,남,44세,경상
2020061500100358,2020년 6월 15일 14시,월요일,대전광역시 동구 가오동,경상사고,0,0,1,0,차대차 - 측면충돌,안전거리미확보,건조,맑음,기타 - 기타,승용,남,64세,상해없음,화물,남,54세,경상
2020061500100359,2020년 6월 15일 14시,월요일,대전광역시 동구 자양동,중상사고,0,1,0,0,차대차 - 기타,교차로운행방법위반,건조,맑음,교차로 - 교차로안,승용,남,61세,상해없음,이륜,남,41세,중상
2020061500100360,2020년 6월 15일 14시,월요일,대전광역시 유성구 원내동,경상사고,0,0,1,0,차대차 - 후진중충돌,안전운전불이행,건조,맑음,단일로 - 기타,승용,여,64세,상해없음,승용,남,29세,경상
2020061500100572,2020년 6월 15일 18시,월요일,대전광역시 대덕구 목상동,경상사고,0,0,1,2,차대차 - 추돌,안전운전불이행,건조,맑음,단일로 - 기타,승용,남,55세,상해없음,승용,남,47세,부상신고
2020061500100573,2020년 6월 15일 18시,월요일,대전광역시 대덕구 중리동,경상사고,0,0,1,0,차대사람 - 기타,안전운전불이행,건조,맑음,단일로 - 기타,화물,남,60세,상해없음,보행자,남,7세,경상
2020061500100574,2020년 6월 15일 18시,월요일,대전광역시 대덕구 문평동,경상사고,0,0,1,0,차대차 - 기타,신호위반,건조,맑음,교차로 - 교차로안,승용,여,44세,상해없음,승용,남,69세,경상
2020061500100575,2020년 6월 15일 18시,월요일,대전광역시 유성구 봉명동,중상사고,0,1,0,0,차대차 - 기타,안전운전불이행,건조,맑음,단일로 - 기타,승용,여,44세,상해없음,자전거,남,22세,중상
2020061500100608,2020년 6월 15일 19시,월요일,대전광역시 서구 월평동,경상사고,0,0,1,0,차대사람 - 횡단중,보행자보호의무위반,건조,맑음,교차로 - 교차로안,승용,여,58세,상해없음,보행자,남,49세,경상
2020061500100637,2020년 6월 15일 20시,월요일,대전광역시 서구 괴정동,중상사고,0,1,0,0,차대차 - 기타,안전운전불이행,건조,맑음,교차로 - 교차로안,이륜,남,32세,상해없음,이륜,남,49세,중상
2020061500100702,2020년 6월 15일 23시,월요일,대전광역시 중구 대흥동,중상사고,0,1,0,0,차대차 - 추돌,안전운전불이행,건조,맑음,교차로 - 교차로안,승용,여,34세,상해없음,승용,남,30세,중상
2020061600100043,2020년 6월 16일 05시,화요일,대전광역시 서구 갈마동,경상사고,0,0,1,0,차대차 - 추돌,안전운전불이행,건조,맑음,단일로 - 기타,화물,남,37세,기타불명,승용,여,54세,경상
2020061600100133,2020년 6월 16일 08시,화요일,대전광역시 대덕구 중리동,경상사고,0,0,1,0,차대사람 - 횡단중,보행자보호의무위반,건조,맑음,기타 - 기타,승용,여,44세,상해없음,보행자,여,26세,경상
2020061600100234,2020년 6월 16일 11시,화요일,대전광역시 중구 선화동,경상사고,0,0,1,0,차대차 - 기타,안전거리미확보,건조,맑음,단일로 - 기타,승합,남,47세,상해없음,승용,남,77세,상해없음
2020061600100301,2020년 6월 16일 13시,화요일,대전광역시 대덕구 법동,중상사고,0,1,0,0,차대차 - 기타,안전운전불이행,건조,맑음,단일로 - 기타,화물,남,57세,상해없음,승용,여,54세,중상
2020061600100302,2020년 6월 16일 13시,화요일,대전광역시 서구 둔산동,경상사고,0,0,1,0,차대사람 - 기타,안전운전불이행,건조,맑음,기타 - 기타,승용,여,40세,상해없음,보행자,남,72세,경상
2020061600100384,2020년 6월 16일 15시,화요일,대전광역시 중구 태평동,경상사고,0,0,1,0,차대사람 - 기타,안전운전불이행,건조,맑음,단일로 - 기타,화물,남,47세,상해없음,보행자,남,8세,경상
2020061600100385,2020년 6월 16일 15시,화요일,대전광역시 서구 월평동,경상사고,0,0,1,0,차대차 - 기타,교차로운행방법위반,건조,맑음,교차로 - 교차로안,승용,여,47세,상해없음,승용,남,32세,경상
2020061600100433,2020년 6월 16일 16시,화요일,대전광역시 동구 판암동,경상사고,0,0,3,0,차대차 - 추돌,안전운전불이행,건조,맑음,단일로 - 기타,화물,남,64세,상해없음,승용,남,50세,경상
2020061600100464,2020년 6월 16일 17시,화요일,대전광역시 유성구 원내동,경상사고,0,0,1,0,차대차 - 기타,안전운전불이행,건조,맑음,단일로 - 기타,승용,여,28세,상해없음,승용,남,39세,경상
2020061600100477,2020년 6월 16일 17시,화요일,대전광역시 중구 문화동,경상사고,0,0,1,0,차대차 - 추돌,안전운전불이행,건조,맑음,단일로 - 기타,승용,여,31세,상해없음,승용,여,39세,경상
2020061600100478,2020년 6월 16일 17시,화요일,대전광역시 중구 안영동,경상사고,0,0,1,0,차대차 - 측면충돌,안전거리미확보,건조,맑음,단일로 - 기타,승용,남,56세,상해없음,화물,남,62세,경상
2020061600100479,2020년 6월 16일 17시,화요일,대전광역시 유성구 원내동,중상사고,0,1,0,0,차대사람 - 횡단중,보행자보호의무위반,건조,맑음,단일로 - 기타,승합,남,66세,상해없음,보행자,여,50세,중상
2020061600100536,2020년 6월 16일 18시,화요일,대전광역시 서구 월평동,경상사고,0,0,1,0,차대차 - 기타,안전운전불이행,건조,맑음,단일로 - 기타,승용,여,23세,상해없음,자전거,남,55세,경상
2020061600100565,2020년 6월 16일 19시,화요일,대전광역시 유성구 구암동,경상사고,0,0,1,0,차대차 - 기타,교차로운행방법위반,건조,맑음,교차로 - 교차로안,이륜,남,44세,경상,승용,여,39세,상해없음
2020061600100609,2020년 6월 16일 20시,화요일,대전광역시 동구 삼정동,중상사고,0,1,0,0,차대차 - 정면충돌,신호위반,건조,맑음,교차로 - 교차로안,승용,여,55세,기타불명,화물,남,54세,중상
2020061600100634,2020년 6월 16일 21시,화요일,대전광역시 유성구 노은동,중상사고,0,1,0,0,차대차 - 측면충돌,안전운전불이행,건조,맑음,교차로 - 교차로부근,승용,남,43세,상해없음,자전거,남,32세,중상
2020061600100654,2020년 6월 16일 22시,화요일,대전광역시 동구 용전동,경상사고,0,0,2,0,차대차 - 측면충돌,신호위반,건조,맑음,교차로 - 교차로부근,승용,남,33세,상해없음,승용,여,33세,경상
2020061600100655,2020년 6월 16일 22시,화요일,대전광역시 동구 삼정동,부상신고사고,0,0,0,1,차량단독 - 전도전복 - 전도,안전거리미확보,기타,맑음,단일로 - 기타,이륜,남,24세,부상신고,,,,
2020061600100667,2020년 6월 16일 23시,화요일,대전광역시 유성구 지족동,경상사고,0,0,2,0,차대차 - 측면충돌,신호위반,건조,맑음,교차로 - 교차로안,승용,남,42세,경상,승용,남,57세,상해없음
2020061700100038,2020년 6월 17일 04시,수요일,대전광역시 서구 도마동,중상사고,0,1,1,0,차대차 - 측면충돌,중앙선침범,건조,맑음,단일로 - 기타,승용,남,21세,상해없음,승용,남,61세,중상
2020061700100084,2020년 6월 17일 07시,수요일,대전광역시 유성구 도룡동,경상사고,0,0,1,0,차대차 - 측면충돌,안전운전불이행,건조,맑음,단일로 - 기타,승용,남,61세,상해없음,승용,남,47세,상해없음
2020061700100164,2020년 6월 17일 09시,수요일,대전광역시 유성구 문지동,경상사고,0,0,1,0,차대차 - 측면충돌,교차로운행방법위반,건조,맑음,교차로 - 교차로안,승합,남,38세,기타불명,승용,남,33세,경상
2020061700100188,2020년 6월 17일 10시,수요일,대전광역시 서구 정림동,경상사고,0,0,1,0,차대차 - 기타,안전운전불이행,건조,맑음,단일로 - 기타,승용,남,72세,상해없음,승용,여,57세,경상
2020061700100223,2020년 6월 17일 11시,수요일,대전광역시 중구 태평동,중상사고,0,1,0,0,차대사람 - 기타,안전운전불이행,건조,맑음,단일로 - 기타,승용,남,56세,상해없음,보행자,남,64세,중상
2020061700100264,2020년 6월 17일 12시,수요일,대전광역시 서구 도안동,경상사고,0,0,2,0,차대차 - 기타,신호위반,건조,맑음,교차로 - 교차로안,승용,여,76세,상해없음,승용,여,34세,경상
2020061700100297,2020년 6월 17일 13시,수요일,대전광역시 중구 석교동,중상사고,0,1,0,0,차대차 - 후진중충돌,안전운전불이행,건조,맑음,교차로 - 교차로안,승용,여,32세,상해없음,자전거,남,12세,중상
2020061700100298,2020년 6월 17일 13시,수요일,대전광역시 중구 문화동,경상사고,0,0,1,0,차량단독 - 기타,안전거리미확보,건조,맑음,교차로 - 교차로부근,승합,남,50세,상해없음,,,,
2020061700100341,2020년 6월 17일 14시,수요일,대전광역시 서구 둔산동,경상사고,0,0,2,0,차대차 - 기타,교차로운행방법위반,건조,맑음,교차로 - 교차로안,승용,남,57세,상해없음,승용,여,21세,경상
2020061700100374,2020년 6월 17일 15시,수요일,대전광역시 서구 괴정동,경상사고,0,0,1,0,차대차 - 기타,안전운전불이행,건조,맑음,교차로 - 교차로안,이륜,남,24세,상해없음,승합,여,31세,경상
2020061700100399,2020년 6월 17일 16시,수요일,대전광역시 유성구 상대동,경상사고,0,0,1,0,차대차 - 측면충돌,안전운전불이행,건조,맑음,단일로 - 기타,승용,남,57세,상해없음,승용,여,64세,경상
2020061700100489,2020년 6월 17일 18시,수요일,대전광역시 중구 안영동,부상신고사고,0,0,0,2,차대차 - 기타,안전운전불이행,건조,맑음,기타 - 기타,자전거,여,8세,부상신고,자전거,남,44세,부상신고
2020061700100490,2020년 6월 17일 18시,수요일,대전광역시 중구 목동,경상사고,0,0,2,0,차대차 - 추돌,안전거리미확보,건조,맑음,단일로 - 기타,화물,남,56세,상해없음,승용,남,62세,경상
2020061700100491,2020년 6월 17일 18시,수요일,대전광역시 유성구 관평동,중상사고,0,1,0,0,차대차 - 측면충돌,중앙선침범,건조,맑음,교차로 - 교차로부근,승용,남,34세,상해없음,이륜,남,50세,중상
2020061700100552,2020년 6월 17일 20시,수요일,대전광역시 중구 석교동,중상사고,0,1,0,0,차대차 - 기타,신호위반,건조,맑음,교차로 - 교차로안,이륜,남,60세,중상,화물,남,59세,상해없음
2020061700100553,2020년 6월 17일 20시,수요일,대전광역시 서구 둔산동,경상사고,0,0,1,1,차대차 - 기타,안전운전불이행,건조,맑음,기타 - 기타,자전거,남,23세,부상신고,자전거,남,48세,경상
2020061700100643,2020년 6월 17일 23시,수요일,대전광역시 유성구 원내동,중상사고,0,1,0,0,차대차 - 측면충돌,신호위반,건조,맑음,교차로 - 교차로안,승용,남,71세,상해없음,승용,여,65세,중상
2020061800100013,2020년 6월 18일 00시,목요일,대전광역시 대덕구 오정동,경상사고,0,0,1,0,차대차 - 기타,안전거리미확보,건조,맑음,단일로 - 기타,승용,남,35세,기타불명,승용,남,60세,경상
2020061800100084,2020년 6월 18일 06시,목요일,대전광역시 서구 도마동,경상사고,0,0,1,0,차대차 - 측면충돌,안전운전불이행,건조,맑음,단일로 - 기타,화물,남,62세,상해없음,화물,남,37세,경상
2020061800100085,2020년 6월 18일 06시,목요일,대전광역시 대덕구 비래동,경상사고,0,0,1,0,차대차 - 기타,안전운전불이행,건조,맑음,교차로 - 교차로부근,승합,남,44세,상해없음,승용,남,65세,경상
2020061800100086,2020년 6월 18일 06시,목요일,대전광역시 서구 만년동,중상사고,0,1,0,0,차대차 - 기타,신호위반,건조,맑음,교차로 - 교차로안,승용,여,39세,상해없음,승용,남,63세,중상
2020061800100108,2020년 6월 18일 07시,목요일,대전광역시 서구 가수원동,중상사고,0,3,0,0,차대차 - 기타,안전운전불이행,건조,맑음,단일로 - 기타,승용,여,55세,상해없음,승용,남,78세,중상
2020061800100156,2020년 6월 18일 08시,목요일,대전광역시 유성구 반석동,경상사고,0,0,1,0,차대차 - 기타,안전거리미확보,건조,맑음,교차로 - 교차로부근,승용,여,23세,상해없음,승용,여,43세,경상
2020061800100221,2020년 6월 18일 10시,목요일,대전광역시 중구 선화동,중상사고,0,1,0,0,차대차 - 측면충돌,안전운전불이행,건조,맑음,교차로 - 교차로안,승용,여,39세,상해없음,자전거,남,71세,중상
2020061800100264,2020년 6월 18일 11시,목요일,대전광역시 동구 삼성동,중상사고,0,1,0,0,차대차 - 측면충돌,교차로운행방법위반,건조,맑음,교차로 - 교차로안,자전거,남,62세,중상,화물,남,38세,상해없음
2020061800100265,2020년 6월 18일 11시,목요일,대전광역시 동구 가양동,경상사고,0,0,1,0,차대차 - 측면충돌,안전운전불이행,건조,맑음,교차로 - 교차로안,원동기,남,91세,경상,화물,남,35세,상해없음
2020061800100297,2020년 6월 18일 12시,목요일,대전광역시 중구 용두동,경상사고,0,0,1,0,차대차 - 기타,차로위반,건조,맑음,단일로 - 기타,화물,남,61세,기타불명,승용,남,30세,경상
2020061800100298,2020년 6월 18일 12시,목요일,대전광역시 서구 월평동,경상사고,0,0,2,0,차대차 - 후진중충돌,안전운전불이행,젖음/습기,비,교차로 - 교차로부근,승용,남,55세,상해없음,승용,남,41세,경상
2020061800100299,2020년 6월 18일 12시,목요일,대전광역시 유성구 궁동,중상사고,0,1,0,0,차대차 - 측면충돌,교차로운행방법위반,젖음/습기,비,교차로 - 교차로안,화물,남,35세,상해없음,이륜,남,50세,중상
2020061800100326,2020년 6월 18일 13시,목요일,대전광역시 중구 유천동,경상사고,0,0,1,0,차대차 - 추돌,안전운전불이행,건조,맑음,교차로 - 교차로부근,승용,남,50세,상해없음,승용,남,43세,경상
2020061800100327,2020년 6월 18일 13시,목요일,대전광역시 동구 자양동,중상사고,0,1,0,0,차대차 - 기타,안전운전불이행,건조,맑음,교차로 - 교차로안,이륜,남,47세,상해없음,이륜,남,73세,중상
2020061800100328,2020년 6월 18일 13시,목요일,대전광역시 서구 월평동,경상사고,0,0,2,0,차대차 - 추돌,안전운전불이행,젖음/습기,비,단일로 - 기타,승용,남,37세,상해없음,승용,남,68세,경상
2020061800100329,2020년 6월 18일 13시,목요일,대전광역시 유성구 궁동,중상사고,0,1,0,0,차대사람 - 기타,안전운전불이행,젖음/습기,비,교차로 - 교차로안,승용,남,61세,상해없음,보행자,남,40세,중상
2020061800100385,2020년 6월 18일 15시,목요일,대전광역시 중구 대사동,중상사고,0,1,0,0,차대차 - 측면충돌,직진우회전진행방해,건조,맑음,교차로 - 교차로안,승용,남,62세,상해없음,이륜,남,38세,중상
2020061800100449,2020년 6월 18일 17시,목요일,대전광역시 중구 용두동,경상사고,0,0,1,0,차대차 - 기타,안전거리미확보,건조,맑음,단일로 - 기타,승용,여,22세,상해없음,승용,여,30세,경상
2020061800100450,2020년 6월 18일 17시,목요일,대전광역시 동구 정동,경상사고,0,0,1,0,차대차 - 측면충돌,안전운전불이행,건조,맑음,기타 - 기타,승용,남,78세,상해없음,승용,남,54세,경상
2020061800100451,2020년 6월 18일 17시,목요일,대전광역시 동구 용전동,경상사고,0,0,1,0,차대차 - 후진중충돌,안전운전불이행,건조,맑음,단일로 - 기타,화물,남,66세,상해없음,승용,남,51세,경상
2020061800100452,2020년 6월 18일 17시,목요일,대전광역시 서구 둔산동,경상사고,0,0,1,0,차대사람 - 횡단중,기타,건조,맑음,단일로 - 기타,승용,남,65세,상해없음,보행자,남,6세,경상
2020061800100485,2020년 6월 18일 18시,목요일,대전광역시 중구 선화동,중상사고,0,1,2,0,차대차 - 측면충돌,안전거리미확보,건조,맑음,단일로 - 기타,승용,남,23세,상해없음,승용,여,58세,중상
2020061800100486,2020년 6월 18일 18시,목요일,대전광역시 중구 문창동,경상사고,0,0,1,0,차대차 - 측면충돌,직진우회전진행방해,건조,맑음,교차로 - 교차로안,승용,남,59세,기타불명,승용,여,65세,경상
2020061800100487,2020년 6월 18일 18시,목요일,대전광역시 서구 괴정동,경상사고,0,0,3,0,차대차 - 측면충돌,안전운전불이행,건조,맑음,단일로 - 기타,승용,남,20세,상해없음,승용,남,25세,경상
2020061800100488,2020년 6월 18일 18시,목요일,대전광역시 유성구 궁동,경상사고,0,0,1,0,차대차 - 기타,안전거리미확보,건조,맑음,단일로 - 기타,승용,여,24세,상해없음,승용,남,29세,경상
2020061800100557,2020년 6월 18일 20시,목요일,대전광역시 서구 관저동,중상사고,0,1,1,0,차대차 - 정면충돌,신호위반,건조,맑음,교차로 - 교차로안,승용,여,29세,상해없음,승용,남,38세,경상
2020061800100637,2020년 6월 18일 23시,목요일,대전광역시 유성구 원내동,경상사고,0,0,1,0,차대차 - 추돌,안전운전불이행,건조,맑음,단일로 - 기타,승용,남,41세,상해없음,승용,남,62세,경상
2020061900100014,2020년 6월 19일 00시,금요일,대전광역시 유성구 원신흥동,경상사고,0,0,1,0,차대차 - 추돌,안전운전불이행,건조,맑음,교차로 - 교차로부근,승용,남,31세,상해없음,승용,남,35세,경상
2020061900100031,2020년 6월 19일 02시,금요일,대전광역시 대덕구 신일동,중상사고,0,1,0,0,차대차 - 기타,과속,건조,맑음,단일로 - 고가도로위,승용,여,27세,상해없음,승용,남,47세,중상
2020061900100032,2020년 6월 19일 02시,금요일,대전광역시 대덕구 문평동,경상사고,0,0,1,0,차대사람 - 기타,안전운전불이행,건조,맑음,단일로 - 기타,기타불명,기타불명,미분류,기타불명,보행자,여,27세,경상
2020061900100039,2020년 6월 19일 03시,금요일,대전광역시 서구 갈마동,중상사고,0,1,0,0,차대차 - 기타,안전운전불이행,건조,맑음,교차로 - 교차로안,승용,여,22세,상해없음,승용,남,26세,중상
2020061900100050,2020년 6월 19일 05시,금요일,대전광역시 유성구 용계동,경상사고,0,0,1,0,차대차 - 추돌,안전운전불이행,건조,맑음,단일로 - 기타,승용,남,58세,상해없음,승용,남,55세,경상
2020061900100138,2020년 6월 19일 08시,금요일,대전광역시 대덕구 오정동,중상사고,0,1,0,0,차대차 - 기타,신호위반,건조,맑음,교차로 - 교차로안,승용,여,51세,상해없음,승용,남,75세,중상
2020061900100164,2020년 6월 19일 09시,금요일,대전광역시 대덕구 덕암동,경상사고,0,0,1,0,차대차 - 기타,안전운전불이행,건조,맑음,단일로 - 기타,화물,남,47세,기타불명,승용,여,59세,경상
2020061900100165,2020년 6월 19일 09시,금요일,대전광역시 유성구 원내동,경상사고,0,0,2,0,차대차 - 측면충돌,신호위반,건조,맑음,교차로 - 교차로안,승용,여,56세,상해없음,승합,남,49세,경상
2020061900100242,2020년 6월 19일 11시,금요일,대전광역시 대덕구 송촌동,경상사고,0,0,1,0,차대사람 - 기타,기타,건조,맑음,기타 - 기타,승용,남,31세,상해없음,보행자,남,64세,경상
2020061900100294,2020년 6월 19일 12시,금요일,대전광역시 중구 용두동,중상사고,0,1,0,0,차대차 - 추돌,안전운전불이행,건조,맑음,단일로 - 고가도로위,승용,남,69세,상해없음,승용,남,30세,중상
2020061900100328,2020년 6월 19일 13시,금요일,대전광역시 서구 도마동,경상사고,0,0,2,0,차대차 - 측면충돌,신호위반,건조,맑음,교차로 - 교차로안,승용,여,73세,상해없음,화물,남,50세,경상
2020061900100358,2020년 6월 19일 14시,금요일,대전광역시 중구 대흥동,경상사고,0,0,1,0,차대사람 - 기타,안전운전불이행,건조,맑음,단일로 - 기타,승용,남,26세,상해없음,보행자,남,61세,경상
2020061900100411,2020년 6월 19일 15시,금요일,대전광역시 동구 가양동,경상사고,0,0,1,0,차대차 - 기타,교차로운행방법위반,건조,맑음,교차로 - 교차로안,승합,남,69세,상해없음,승용,남,54세,경상
2020061900100452,2020년 6월 19일 16시,금요일,대전광역시 서구 도마동,경상사고,0,0,2,0,차대차 - 추돌,안전운전불이행,건조,맑음,단일로 - 기타,승용,남,54세,기타불명,승용,남,48세,경상
2020061900100453,2020년 6월 19일 16시,금요일,대전광역시 서구 둔산동,경상사고,0,0,1,0,차대차 - 기타,안전운전불이행,건조,맑음,교차로 - 교차로안,승합,남,51세,상해없음,자전거,여,60세,경상
2020061900100454,2020년 6월 19일 16시,금요일,대전광역시 유성구 장대동,경상사고,0,0,1,0,차대차 - 측면충돌,안전거리미확보,건조,맑음,단일로 - 기타,승용,여,36세,상해없음,승용,남,34세,경상
2020061900100455,2020년 6월 19일 16시,금요일,대전광역시 유성구 대정동,경상사고,0,0,1,0,차대차 - 측면충돌,안전거리미확보,건조,맑음,단일로 - 기타,건설기계,남,52세,상해없음,승용,여,29세,경상
2020061900100576,2020년 6월 19일 18시,금요일,대전광역시 중구 유천동,경상사고,0,0,1,0,차대차 - 측면충돌,안전운전불이행,건조,맑음,단일로 - 교량,승용,남,43세,상해없음,화물,남,29세,경상
2020061900100577,2020년 6월 19일 18시,금요일,대전광역시 동구 가양동,경상사고,0,0,1,0,차대차 - 측면충돌,교차로운행방법위반,건조,맑음,교차로 - 교차로안,승합,남,45세,상해없음,승용,남,34세,경상
2020061900100578,2020년 6월 19일 18시,금요일,대전광역시 유성구 궁동,중상사고,0,1,0,0,차대차 - 측면충돌,신호위반,건조,맑음,교차로 - 교차로안,승용,여,53세,상해없음,자전거,남,25세,중상
2020061900100661,2020년 6월 19일 20시,금요일,대전광역시 서구 탄방동,부상신고사고,0,0,0,3,차대차 - 기타,안전운전불이행,건조,맑음,교차로 - 교차로안,이륜,남,23세,부상신고,승용,여,29세,부상신고
2020061900100699,2020년 6월 19일 21시,금요일,대전광역시 중구 은행동,경상사고,0,0,2,0,차대차 - 측면충돌,신호위반,건조,맑음,교차로 - 교차로안,승용,남,69세,상해없음,승용,남,61세,경상
2020061900100700,2020년 6월 19일 21시,금요일,대전광역시 동구 가양동,경상사고,0,0,1,0,차대차 - 후진중충돌,안전운전불이행,건조,맑음,단일로 - 기타,승용,남,64세,상해없음,승용,남,36세,경상
2020061900100729,2020년 6월 19일 22시,금요일,대전광역시 동구 삼성동,경상사고,0,0,1,0,차대차 - 기타,안전운전불이행,건조,맑음,교차로 - 교차로안,승용,남,52세,상해없음,승용,남,56세,상해없음
2020062000100019,2020년 6월 20일 00시,토요일,대전광역시 대덕구 중리동,경상사고,0,0,1,0,차대사람 - 기타,안전운전불이행,건조,맑음,단일로 - 기타,특수,남,24세,상해없음,보행자,남,49세,경상
2020062000100033,2020년 6월 20일 01시,토요일,대전광역시 중구 용두동,경상사고,0,0,3,0,차대차 - 측면충돌,신호위반,건조,맑음,교차로 - 교차로안,승용,남,43세,상해없음,승용,남,67세,경상
2020062000100052,2020년 6월 20일 03시,토요일,대전광역시 중구 유천동,중상사고,0,3,1,0,차량단독 - 공작물충돌,안전운전불이행,건조,맑음,교차로 - 교차로부근,승용,남,25세,상해없음,,,,
2020062000100053,2020년 6월 20일 03시,토요일,대전광역시 유성구 봉명동,경상사고,0,0,2,0,차대차 - 기타,안전운전불이행,건조,맑음,교차로 - 교차로부근,승용,남,36세,상해없음,승용,남,35세,경상
2020062000100155,2020년 6월 20일 09시,토요일,대전광역시 서구 둔산동,경상사고,0,0,1,0,차대차 - 측면충돌,안전운전불이행,건조,맑음,단일로 - 기타,특수,남,59세,상해없음,승용,여,26세,경상
2020062000100289,2020년 6월 20일 12시,토요일,대전광역시 서구 둔산동,경상사고,0,0,2,0,차대차 - 측면충돌,안전거리미확보,건조,맑음,교차로 - 교차로횡단보도내,승용,남,85세,상해없음,승용,남,46세,경상
2020062000100364,2020년 6월 20일 14시,토요일,대전광역시 동구 가오동,경상사고,0,0,1,0,차대사람 - 차도통행중,안전운전불이행,건조,맑음,단일로 - 기타,승용,여,36세,상해없음,보행자,남,59세,경상
2020062000100365,2020년 6월 20일 14시,토요일,대전광역시 동구 중동,중상사고,0,1,0,0,차대차 - 측면충돌,기타,건조,맑음,교차로 - 교차로안,승용,남,66세,상해없음,이륜,남,52세,중상
2020062000100406,2020년 6월 20일 15시,토요일,대전광역시 중구 오류동,중상사고,0,1,0,0,차대차 - 기타,중앙선침범,건조,맑음,교차로 - 교차로안,자전거,남,15세,중상,승용,남,30세,상해없음
2020062000100407,2020년 6월 20일 15시,토요일,대전광역시 중구 문창동,부상신고사고,0,0,0,1,차대차 - 기타,안전운전불이행,건조,맑음,단일로 - 기타,원동기,남,67세,상해없음,자전거,남,67세,부상신고
2020062000100408,2020년 6월 20일 15시,토요일,대전광역시 유성구 어은동,경상사고,0,0,1,0,차대차 - 측면충돌,안전운전불이행,건조,맑음,단일로 - 기타,승용,남,48세,상해없음,원동기,남,30세,경상
2020062000100486,2020년 6월 20일 17시,토요일,대전광역시 서구 변동,중상사고,0,1,0,0,차대차 - 정면충돌,신호위반,건조,맑음,교차로 - 교차로안,승용,남,58세,상해없음,자전거,남,39세,중상
2020062000100487,2020년 6월 20일 17시,토요일,대전광역시 대덕구 비래동,경상사고,0,0,7,0,차대차 - 후진중충돌,중앙선침범,건조,맑음,단일로 - 기타,승용,여,76세,상해없음,승용,여,52세,경상
2020062000100528,2020년 6월 20일 18시,토요일,대전광역시 서구 가수원동,경상사고,0,0,2,0,차대사람 - 횡단중,안전운전불이행,건조,맑음,단일로 - 기타,이륜,남,17세,상해없음,보행자,남,59세,경상
2020062000100529,2020년 6월 20일 18시,토요일,대전광역시 유성구 구암동,경상사고,0,0,1,0,차대사람 - 횡단중,보행자보호의무위반,건조,흐림,교차로 - 교차로부근,승용,남,63세,상해없음,보행자,남,17세,경상