사고번호,사고일시,요일,시군구,사고내용,사망자수,중상자수,경상자수,부상신고자수,사고유형,법규위반,노면상태,기상상태,도로형태,가해운전자 차종,가해운전자 성별,가해운전자 연령,가해운전자 상해정도,피해운전자 차종,피해운전자 성별,피해운전자 연령,피해운전자 상해정도
2020062600100235,2020년 6월 26일 11시,금요일,대전광역시 동구 삼성동,경상사고,0,0,1,0,차대차 - 추돌,안전운전불이행,건조,맑음,교차로 - 교차로부근,승용,남,76세,상해없음,승용,여,27세,경상
2020062600100267,2020년 6월 26일 12시,금요일,대전광역시 동구 가오동,경상사고,0,0,1,0,차대차 - 측면충돌,안전거리미확보,건조,맑음,단일로 - 기타,승용,여,75세,상해없음,승용,남,43세,경상
2020062600100306,2020년 6월 26일 13시,금요일,대전광역시 서구 관저동,경상사고,0,0,1,0,차대차 - 추돌,안전거리미확보,건조,맑음,단일로 - 기타,승용,남,28세,상해없음,승용,여,53세,경상
2020062600100343,2020년 6월 26일 14시,금요일,대전광역시 중구 옥계동,중상사고,0,1,0,0,차대사람 - 차도통행중,안전운전불이행,건조,맑음,단일로 - 기타,승용,남,57세,상해없음,보행자,여,47세,중상
2020062600100344,2020년 6월 26일 14시,금요일,대전광역시 서구 도안동,경상사고,0,0,1,0,차대차 - 측면충돌,교차로운행방법위반,건조,맑음,교차로 - 교차로횡단보도내,승용,남,20세,기타불명,승용,여,30세,경상
2020062600100345,2020년 6월 26일 14시,금요일,대전광역시 유성구 어은동,중상사고,0,1,0,0,차대사람 - 기타,안전운전불이행,건조,맑음,단일로 - 기타,자전거,남,9세,상해없음,보행자,여,65세,중상
2020062600100440,2020년 6월 26일 16시,금요일,대전광역시 동구 용운동,경상사고,0,0,1,0,차대차 - 측면충돌,교차로운행방법위반,건조,맑음,교차로 - 교차로안,승용,남,55세,상해없음,승용,여,33세,경상
2020062600100506,2020년 6월 26일 17시,금요일,대전광역시 동구 삼성동,경상사고,0,0,1,0,차대차 - 후진중충돌,안전운전불이행,건조,맑음,단일로 - 기타,승용,남,60세,상해없음,승용,남,26세,경상
2020062600100626,2020년 6월 26일 20시,금요일,대전광역시 중구 문화동,경상사고,0,0,1,0,차대차 - 정면충돌,신호위반,건조,맑음,교차로 - 교차로안,승용,여,47세,상해없음,이륜,남,25세,경상
2020062600100627,2020년 6월 26일 20시,금요일,대전광역시 동구 홍도동,경상사고,0,0,2,0,차대차 - 측면충돌,안전거리미확보,건조,맑음,단일로 - 기타,화물,남,51세,상해없음,승용,여,59세,경상
2020062600100664,2020년 6월 26일 21시,금요일,대전광역시 서구 둔산동,경상사고,0,0,1,0,차대차 - 기타,안전운전불이행,건조,맑음,교차로 - 교차로안,이륜,남,44세,상해없음,화물,남,49세,경상
2020062600100697,2020년 6월 26일 22시,금요일,대전광역시 대덕구 신대동,경상사고,0,0,2,0,차대차 - 측면충돌,안전거리미확보,건조,맑음,단일로 - 기타,승용,여,42세,상해없음,승용,여,26세,경상
2020062600100724,2020년 6월 26일 23시,금요일,대전광역시 서구 월평동,경상사고,0,0,1,0,차대차 - 측면충돌,안전운전불이행,건조,맑음,단일로 - 교량,승용,남,23세,상해없음,승용,남,68세,경상
2020062600100725,2020년 6월 26일 23시,금요일,대전광역시 서구 탄방동,중상사고,0,1,0,0,차대차 - 측면충돌,신호위반,건조,맑음,교차로 - 교차로안,승용,남,29세,상해없음,자전거,남,40세,중상
2020062700100067,2020년 6월 27일 03시,토요일,대전광역시 유성구 탑립동,경상사고,0,0,2,0,차대차 - 측면충돌,안전운전불이행,건조,맑음,교차로 - 교차로안,승용,남,56세,상해없음,승용,남,33세,경상
2020062700100147,2020년 6월 27일 09시,토요일,대전광역시 동구 가양동,부상신고사고,0,0,0,1,차대차 - 측면충돌,안전운전불이행,건조,맑음,단일로 - 기타,자전거,여,58세,부상신고,승용,남,66세,상해없음
2020062700100220,2020년 6월 27일 11시,토요일,대전광역시 서구 탄방동,경상사고,0,0,2,0,차대차 - 추돌,안전운전불이행,건조,맑음,단일로 - 기타,승용,남,58세,상해없음,승용,여,50세,경상
2020062700100289,2020년 6월 27일 13시,토요일,대전광역시 유성구 덕명동,경상사고,0,0,1,0,차대차 - 측면충돌,안전거리미확보,건조,맑음,단일로 - 기타,승용,여,65세,상해없음,특수,남,43세,경상
2020062700100326,2020년 6월 27일 14시,토요일,대전광역시 서구 관저동,부상신고사고,0,0,0,1,차량단독 - 기타,안전운전불이행,건조,맑음,단일로 - 기타,이륜,남,48세,부상신고,,,,
2020062700100363,2020년 6월 27일 15시,토요일,대전광역시 중구 사정동,경상사고,0,0,2,0,차대차 - 측면충돌,신호위반,건조,맑음,교차로 - 교차로안,승용,여,46세,상해없음,승용,남,57세,경상
2020062700100364,2020년 6월 27일 15시,토요일,대전광역시 동구 원동,중상사고,0,1,0,0,차대차 - 측면충돌,신호위반,건조,맑음,교차로 - 교차로안,이륜,남,75세,중상,승용,남,56세,상해없음
2020062700100443,2020년 6월 27일 17시,토요일,대전광역시 중구 산성동,경상사고,0,0,1,0,차대차 - 추돌,안전운전불이행,건조,맑음,교차로 - 교차로안,승용,남,43세,상해없음,승용,남,48세,경상
2020062700100536,2020년 6월 27일 20시,토요일,대전광역시 중구 유천동,경상사고,0,0,1,0,차대차 - 추돌,안전운전불이행,건조,맑음,단일로 - 기타,승용,여,52세,상해없음,승용,여,56세,경상
2020062700100537,2020년 6월 27일 20시,토요일,대전광역시 서구 갈마동,경상사고,0,0,2,0,차대차 - 측면충돌,신호위반,건조,맑음,단일로 - 기타,승용,남,27세,상해없음,승용,남,64세,경상
2020062700100589,2020년 6월 27일 22시,토요일,대전광역시 대덕구 신탄진동,경상사고,0,0,1,0,차대차 - 기타,안전운전불이행,건조,맑음,단일로 - 기타,승용,남,27세,상해없음,승용,남,51세,경상
2020062700100590,2020년 6월 27일 22시,토요일,대전광역시 서구 월평동,경상사고,0,0,1,0,차대차 - 추돌,안전운전불이행,건조,맑음,교차로 - 교차로안,이륜,남,34세,경상,승용,남,31세,상해없음
2020062800100040,2020년 6월 28일 02시,일요일,대전광역시 중구 태평동,중상사고,0,1,0,0,차대차 - 측면충돌,안전운전불이행,건조,흐림,단일로 - 교량,승용,여,52세,상해없음,승용,남,62세,중상
2020062800100052,2020년 6월 28일 03시,일요일,대전광역시 서구 둔산동,경상사고,0,0,1,0,차대사람 - 길가장자리구역통행중,안전운전불이행,건조,맑음,단일로 - 기타,승용,남,35세,상해없음,보행자,남,20세,경상
2020062800100053,2020년 6월 28일 03시,일요일,대전광역시 서구 둔산동,경상사고,0,0,1,0,차대사람 - 기타,안전운전불이행,건조,맑음,단일로 - 기타,승용,남,66세,상해없음,보행자,여,22세,경상
2020062800100073,2020년 6월 28일 05시,일요일,대전광역시 서구 둔산동,경상사고,0,0,1,0,차대사람 - 횡단중,안전운전불이행,건조,맑음,단일로 - 기타,승용,남,40세,상해없음,보행자,남,29세,경상
2020062800100087,2020년 6월 28일 06시,일요일,대전광역시 유성구 봉명동,중상사고,0,1,0,0,차대차 - 측면충돌,신호위반,건조,맑음,교차로 - 교차로안,승용,남,54세,상해없음,승용,남,53세,중상
2020062800100097,2020년 6월 28일 07시,일요일,대전광역시 대덕구 비래동,경상사고,0,0,1,0,차대차 - 측면충돌,안전운전불이행,건조,맑음,교차로 - 교차로부근,화물,남,57세,상해없음,이륜,남,53세,경상
2020062800100125,2020년 6월 28일 09시,일요일,대전광역시 동구 가양동,경상사고,0,0,1,0,차대차 - 추돌,안전운전불이행,건조,맑음,교차로 - 교차로부근,화물,남,59세,상해없음,승용,남,58세,경상
2020062800100229,2020년 6월 28일 13시,일요일,대전광역시 중구 대사동,경상사고,0,0,1,0,차대차 - 측면충돌,안전운전불이행,건조,맑음,교차로 - 교차로부근,승용,남,57세,상해없음,승용,남,60세,경상
2020062800100230,2020년 6월 28일 13시,일요일,대전광역시 동구 판암동,중상사고,0,1,0,0,차대차 - 측면충돌,안전운전불이행,건조,맑음,교차로 - 교차로안,승용,남,55세,상해없음,이륜,남,21세,중상
2020062800100231,2020년 6월 28일 13시,일요일,대전광역시 동구 소제동,경상사고,0,0,2,0,차대차 - 기타,안전운전불이행,건조,맑음,교차로 - 교차로안,기타불명,기타불명,미분류,기타불명,승용,남,60세,경상
2020062800100232,2020년 6월 28일 13시,일요일,대전광역시 서구 월평동,경상사고,0,0,1,0,차대차 - 기타,안전운전불이행,건조,맑음,단일로 - 기타,자전거,여,29세,경상,승용,남,61세,상해없음
2020062800100295,2020년 6월 28일 15시,일요일,대전광역시 중구 용두동,경상사고,0,0,1,0,차대차 - 기타,안전거리미확보,건조,맑음,교차로 - 교차로부근,화물,남,54세,상해없음,승용,여,51세,경상
2020062800100296,2020년 6월 28일 15시,일요일,대전광역시 동구 가양동,경상사고,0,0,1,0,차대차 - 추돌,안전운전불이행,건조,맑음,단일로 - 기타,원동기,남,27세,상해없음,승용,남,33세,경상
2020062800100330,2020년 6월 28일 16시,일요일,대전광역시 유성구 원신흥동,경상사고,0,0,2,0,차대차 - 기타,안전운전불이행,건조,맑음,교차로 - 교차로안,승용,남,62세,상해없음,승용,여,45세,경상
2020062800100365,2020년 6월 28일 17시,일요일,대전광역시 동구 구도동,경상사고,0,0,2,0,차대차 - 측면충돌,안전운전불이행,건조,맑음,단일로 - 기타,승용,남,57세,경상,화물,남,23세,경상
2020062800100366,2020년 6월 28일 17시,일요일,대전광역시 서구 탄방동,경상사고,0,0,1,1,차대차 - 기타,불법유턴,건조,맑음,교차로 - 교차로부근,자전거,남,45세,부상신고,이륜,남,39세,경상
2020062800100401,2020년 6월 28일 18시,일요일,대전광역시 서구 평촌동,경상사고,0,0,2,0,차대차 - 추돌,안전운전불이행,건조,맑음,단일로 - 기타,승용,남,84세,상해없음,승용,남,64세,경상
2020062800100403,2020년 6월 28일 18시,일요일,대전광역시 유성구 원내동,부상신고사고,0,0,0,1,차대차 - 측면충돌,직진우회전진행방해,건조,맑음,교차로 - 교차로안,이륜,남,36세,상해없음,이륜,남,20세,부상신고
2020062800100430,2020년 6월 28일 19시,일요일,대전광역시 유성구 봉명동,경상사고,0,0,1,0,차대차 - 기타,교차로운행방법위반,건조,맑음,교차로 - 교차로안,승용,남,37세,상해없음,승용,남,41세,경상
2020062800100483,2020년 6월 28일 21시,일요일,대전광역시 유성구 구암동,경상사고,0,0,2,0,차대차 - 추돌,안전운전불이행,건조,맑음,단일로 - 기타,승용,남,57세,상해없음,승용,여,64세,경상
2020062900100015,2020년 6월 29일 02시,월요일,대전광역시 동구 자양동,중상사고,0,1,0,0,차대차 - 측면충돌,안전운전불이행,건조,맑음,교차로 - 교차로안,승용,남,27세,상해없음,이륜,남,27세,중상
2020062900100126,2020년 6월 29일 09시,월요일,대전광역시 중구 유천동,중상사고,0,1,0,0,차대차 - 기타,안전운전불이행,건조,맑음,교차로 - 교차로안,화물,남,65세,상해없음,승용,남,29세,중상
2020062900100127,2020년 6월 29일 09시,월요일,대전광역시 중구 유천동,부상신고사고,0,0,0,1,차대차 - 측면충돌,불법유턴,건조,맑음,교차로 - 교차로횡단보도내,자전거,남,77세,부상신고,승용,남,79세,상해없음
2020062900100128,2020년 6월 29일 09시,월요일,대전광역시 서구 둔산동,경상사고,0,0,1,0,차량단독 - 기타,기타,건조,맑음,단일로 - 기타,승합,남,38세,상해없음,,,,
2020062900100156,2020년 6월 29일 10시,월요일,대전광역시 동구 자양동,경상사고,0,0,1,0,차대차 - 추돌,안전운전불이행,건조,맑음,교차로 - 교차로부근,화물,남,43세,상해없음,승용,남,25세,경상
2020062900100157,2020년 6월 29일 10시,월요일,대전광역시 대덕구 오정동,경상사고,0,0,1,0,차대차 - 추돌,안전운전불이행,건조,맑음,단일로 - 기타,화물,남,62세,상해없음,화물,남,32세,경상
2020062900100158,2020년 6월 29일 10시,월요일,대전광역시 서구 둔산동,경상사고,0,0,1,0,차대차 - 기타,교차로운행방법위반,건조,맑음,단일로 - 기타,승용,남,40세,상해없음,승용,남,61세,경상
2020062900100265,2020년 6월 29일 13시,월요일,대전광역시 동구 가양동,경상사고,0,0,1,0,차대차 - 측면충돌,안전운전불이행,건조,맑음,교차로 - 교차로안,이륜,여,72세,경상,화물,남,47세,상해없음
2020062900100266,2020년 6월 29일 13시,월요일,대전광역시 서구 둔산동,중상사고,0,1,0,0,차대사람 - 기타,안전운전불이행,건조,흐림,교차로 - 교차로부근,기타불명,기타불명,미분류,기타불명,보행자,남,45세,중상
2020062900100385,2020년 6월 29일 16시,월요일,대전광역시 대덕구 상서동,경상사고,0,0,2,0,차대차 - 기타,안전운전불이행,젖음/습기,비,단일로 - 터널,화물,남,49세,기타불명,승용,남,36세,경상
2020062900100386,2020년 6월 29일 16시,월요일,대전광역시 유성구 대정동,경상사고,0,0,1,0,차대차 - 기타,안전운전불이행,젖음/습기,비,단일로 - 기타,승용,여,50세,기타불명,승합,남,33세,경상
2020062900100404,2020년 6월 29일 17시,월요일,대전광역시 대덕구 신대동,경상사고,0,0,1,0,차대차 - 추돌,안전운전불이행,젖음/습기,비,기타 - 기타,특수,남,49세,상해없음,승용,여,38세,경상
2020062900100420,2020년 6월 29일 17시,월요일,대전광역시 중구 대사동,경상사고,0,0,5,0,차대차 - 기타,안전거리미확보,건조,맑음,단일로 - 기타,승용,여,56세,상해없음,승합,남,50세,경상
2020062900100421,2020년 6월 29일 17시,월요일,대전광역시 유성구 원신흥동,경상사고,0,0,1,0,차대차 - 측면충돌,기타,젖음/습기,비,교차로 - 교차로안,승용,여,39세,상해없음,승용,여,31세,경상
2020062900100467,2020년 6월 29일 18시,월요일,대전광역시 동구 낭월동,경상사고,0,0,1,0,차대차 - 측면충돌,신호위반,젖음/습기,비,교차로 - 교차로안,승용,남,43세,상해없음,승용,여,57세,경상
2020062900100468,2020년 6월 29일 18시,월요일,대전광역시 대덕구 중리동,경상사고,0,0,1,2,차대차 - 추돌,안전운전불이행,젖음/습기,비,단일로 - 기타,승용,남,29세,상해없음,승용,남,57세,경상
2020062900100469,2020년 6월 29일 18시,월요일,대전광역시 유성구 용산동,중상사고,0,1,0,0,차대사람 - 횡단중,보행자보호의무위반,젖음/습기,비,단일로 - 기타,승용,남,50세,상해없음,보행자,여,45세,중상
2020062900100470,2020년 6월 29일 18시,월요일,대전광역시 유성구 송강동,경상사고,0,0,1,0,차대차 - 기타,안전운전불이행,젖음/습기,비,단일로 - 기타,승용,남,21세,상해없음,승용,여,34세,경상
2020062900100504,2020년 6월 29일 19시,월요일,대전광역시 서구 갈마동,경상사고,0,0,1,0,차대차 - 기타,안전운전불이행,젖음/습기,비,교차로 - 교차로안,승용,남,52세,상해없음,이륜,남,30세,경상
2020062900100553,2020년 6월 29일 20시,월요일,대전광역시 동구 성남동,경상사고,0,0,1,0,차대차 - 기타,안전운전불이행,젖음/습기,비,교차로 - 교차로부근,승용,여,44세,상해없음,승용,남,22세,경상
2020062900100554,2020년 6월 29일 20시,월요일,대전광역시 유성구 궁동,경상사고,0,0,1,0,차대차 - 기타,안전운전불이행,젖음/습기,비,교차로 - 교차로안,승용,여,46세,상해없음,승용,여,30세,경상
2020063000100036,2020년 6월 30일 01시,화요일,대전광역시 서구 괴정동,경상사고,0,0,1,0,차대사람 - 횡단중,안전운전불이행,건조,맑음,교차로 - 교차로횡단보도내,승용,남,42세,상해없음,보행자,남,49세,경상
2020063000100037,2020년 6월 30일 01시,화요일,대전광역시 서구 둔산동,경상사고,0,0,2,0,차대차 - 기타,안전운전불이행,젖음/습기,맑음,단일로 - 기타,승용,남,46세,상해없음,승용,남,68세,경상
2020063000100101,2020년 6월 30일 07시,화요일,대전광역시 중구 용두동,경상사고,0,0,1,0,차대차 - 기타,기타,젖음/습기,비,교차로 - 교차로안,승용,남,58세,상해없음,승용,여,32세,경상
2020063000100102,2020년 6월 30일 07시,화요일,대전광역시 서구 괴정동,경상사고,0,0,2,0,차대차 - 측면충돌,안전거리미확보,젖음/습기,비,단일로 - 기타,화물,남,73세,기타불명,승용,여,42세,경상
2020063000100156,2020년 6월 30일 09시,화요일,대전광역시 서구 괴정동,경상사고,0,0,3,0,차대차 - 측면충돌,교차로운행방법위반,젖음/습기,비,교차로 - 교차로안,승용,남,35세,경상,승용,여,25세,경상
2020063000100157,2020년 6월 30일 09시,화요일,대전광역시 유성구 장동,경상사고,0,0,2,0,차대차 - 기타,안전거리미확보,젖음/습기,비,단일로 - 기타,승용,남,45세,경상,승용,여,51세,경상
2020063000100235,2020년 6월 30일 12시,화요일,대전광역시 유성구 덕명동,경상사고,0,0,1,0,차대차 - 기타,안전운전불이행,젖음/습기,비,교차로 - 교차로안,승용,여,43세,상해없음,승용,여,52세,경상
2020063000100304,2020년 6월 30일 14시,화요일,대전광역시 유성구 신성동,경상사고,0,0,1,0,차대차 - 측면충돌,안전운전불이행,젖음/습기,비,단일로 - 기타,승용,여,56세,상해없음,승용,여,29세,경상
2020063000100405,2020년 6월 30일 17시,화요일,대전광역시 중구 용두동,경상사고,0,0,3,0,차대차 - 측면충돌,안전운전불이행,건조,맑음,교차로 - 교차로안,승용,남,53세,상해없음,승용,남,24세,경상
2020063000100406,2020년 6월 30일 17시,화요일,대전광역시 서구 가수원동,경상사고,0,0,1,0,차대차 - 추돌,안전운전불이행,젖음/습기,비,교차로 - 교차로부근,승용,여,47세,상해없음,승용,여,42세,경상
2020063000100407,2020년 6월 30일 17시,화요일,대전광역시 서구 둔산동,중상사고,0,1,0,0,차대차 - 정면충돌,직진우회전진행방해,건조,맑음,교차로 - 교차로안,승용,남,59세,기타불명,승용,여,33세,중상
2020063000100408,2020년 6월 30일 17시,화요일,대전광역시 유성구 봉명동,경상사고,0,0,1,0,차대차 - 기타,안전운전불이행,건조,맑음,교차로 - 교차로안,승용,여,37세,상해없음,이륜,남,32세,경상
2020063000100455,2020년 6월 30일 18시,화요일,대전광역시 중구 대흥동,경상사고,0,0,1,0,차대사람 - 횡단중,안전운전불이행,젖음/습기,비,단일로 - 기타,원동기,남,19세,상해없음,보행자,여,36세,경상
2020063000100456,2020년 6월 30일 18시,화요일,대전광역시 중구 오류동,중상사고,0,1,0,0,차대차 - 측면충돌,직진우회전진행방해,젖음/습기,비,교차로 - 교차로안,승용,여,36세,상해없음,이륜,남,48세,중상
2020063000100457,2020년 6월 30일 18시,화요일,대전광역시 대덕구 중리동,경상사고,0,0,1,0,차대차 - 후진중충돌,안전운전불이행,건조,맑음,기타 - 기타,승용,남,54세,기타불명,승용,여,31세,경상
2020063000100458,2020년 6월 30일 18시,화요일,대전광역시 유성구 용산동,경상사고,0,0,1,0,차대차 - 기타,안전거리미확보,젖음/습기,비,기타 - 기타,승용,남,68세,상해없음,승용,남,29세,경상
2020063000100520,2020년 6월 30일 20시,화요일,대전광역시 중구 문창동,경상사고,0,0,1,0,차대차 - 측면충돌,안전운전불이행,젖음/습기,비,교차로 - 교차로안,승용,남,57세,기타불명,승용,남,61세,경상
2020063000100521,2020년 6월 30일 20시,화요일,대전광역시 서구 둔산동,경상사고,0,0,4,0,차대차 - 기타,안전운전불이행,젖음/습기,비,교차로 - 교차로안,승용,여,65세,기타불명,승용,남,64세,경상
2020063000100522,2020년 6월 30일 20시,화요일,대전광역시 유성구 봉명동,경상사고,0,0,5,0,차대차 - 기타,신호위반,젖음/습기,비,교차로 - 교차로부근,승용,남,22세,상해없음,이륜,남,17세,경상
2020063000100561,2020년 6월 30일 21시,화요일,대전광역시 유성구 원내동,중상사고,0,1,1,0,차대차 - 기타,신호위반,건조,맑음,교차로 - 교차로안,이륜,남,35세,상해없음,승용,남,26세,경상
2020063000100587,2020년 6월 30일 22시,화요일,대전광역시 서구 탄방동,경상사고,0,0,1,0,차대차 - 기타,중앙선침범,젖음/습기,비,교차로 - 교차로부근,승용,남,59세,상해없음,이륜,남,35세,경상
2020070100100016,2020년 7월 1일 00시,수요일,대전광역시 서구 둔산동,경상사고,0,0,2,0,차대사람 - 횡단중,안전운전불이행,젖음/습기,비,교차로 - 교차로횡단보도내,승용,남,61세,상해없음,보행자,남,51세,경상
2020070100100026,2020년 7월 1일 01시,수요일,대전광역시 대덕구 중리동,경상사고,0,0,1,0,차대사람 - 횡단중,안전운전불이행,젖음/습기,비,교차로 - 교차로안,승용,여,40세,상해없음,보행자,남,15세,경상
2020070100100035,2020년 7월 1일 02시,수요일,대전광역시 서구 둔산동,경상사고,0,0,2,0,차대차 - 기타,안전운전불이행,젖음/습기,흐림,교차로 - 교차로부근,화물,남,44세,상해없음,승용,남,64세,경상
2020070100100092,2020년 7월 1일 07시,수요일,대전광역시 유성구 도룡동,경상사고,0,0,1,0,차대차 - 기타,신호위반,건조,맑음,교차로 - 교차로안,화물,남,67세,상해없음,승용,남,49세,경상
2020070100100126,2020년 7월 1일 08시,수요일,대전광역시 동구 신흥동,중상사고,0,1,0,0,차대사람 - 횡단중,안전운전불이행,건조,맑음,교차로 - 교차로횡단보도내,승용,여,28세,상해없음,보행자,여,79세,중상
2020070100100127,2020년 7월 1일 08시,수요일,대전광역시 유성구 원신흥동,경상사고,0,0,2,0,차대차 - 기타,신호위반,건조,맑음,교차로 - 교차로안,승용,남,36세,상해없음,승용,남,27세,경상
2020070100100167,2020년 7월 1일 09시,수요일,대전광역시 유성구 장대동,경상사고,0,0,1,0,차량단독 - 기타,안전운전불이행,건조,맑음,교차로 - 교차로부근,승용,여,63세,상해없음,,,,
2020070100100276,2020년 7월 1일 13시,수요일,대전광역시 중구 사정동,경상사고,0,0,1,0,차대사람 - 기타,신호위반,건조,맑음,교차로 - 교차로안,승용,여,52세,상해없음,보행자,여,64세,경상
2020070100100277,2020년 7월 1일 13시,수요일,대전광역시 서구 변동,중상사고,0,1,0,0,차대차 - 측면충돌,직진우회전진행방해,건조,맑음,교차로 - 교차로안,이륜,남,74세,중상,화물,남,49세,상해없음
2020070100100329,2020년 7월 1일 15시,수요일,대전광역시 유성구 장대동,경상사고,0,0,1,0,차대사람 - 기타,안전운전불이행,건조,맑음,단일로 - 기타,승용,여,23세,상해없음,보행자,남,23세,경상
2020070100100362,2020년 7월 1일 16시,수요일,대전광역시 서구 둔산동,경상사고,0,0,1,0,차대차 - 추돌,안전운전불이행,건조,맑음,교차로 - 교차로부근,승용,남,57세,상해없음,승용,여,50세,경상
2020070100100396,2020년 7월 1일 17시,수요일,대전광역시 중구 문화동,중상사고,0,1,0,0,차대사람 - 기타,안전운전불이행,건조,맑음,교차로 - 교차로안,승용,남,61세,상해없음,보행자,남,8세,중상
2020070100100397,2020년 7월 1일 17시,수요일,대전광역시 서구 도안동,경상사고,0,0,1,0,차대사람 - 횡단중,보행자보호의무위반,건조,맑음,교차로 - 교차로횡단보도내,승용,남,34세,상해없음,보행자,여,71세,경상
2020070100100452,2020년 7월 1일 18시,수요일,대전광역시 중구 용두동,중상사고,0,1,1,0,차대차 - 추돌,안전거리미확보,건조,맑음,단일로 - 기타,승용,남,65세,상해없음,승용,여,65세,중상
2020070100100453,2020년 7월 1일 18시,수요일,대전광역시 서구 복수동,경상사고,0,0,1,0,차대사람 - 보도통행중,보행자보호의무위반,건조,맑음,교차로 - 교차로횡단보도내,기타불명,기타불명,미분류,기타불명,보행자,남,24세,경상
2020070100100454,2020년 7월 1일 18시,수요일,대전광역시 대덕구 비래동,경상사고,0,0,1,0,차대사람 - 횡단중,보행자보호의무위반,건조,맑음,단일로 - 기타,승용,남,56세,기타불명,보행자,남,13세,경상
2020070100100483,2020년 7월 1일 19시,수요일,대전광역시 동구 가양동,경상사고,0,0,1,0,차대차 - 측면충돌,안전거리미확보,건조,맑음,교차로 - 교차로안,승용,여,28세,상해없음,승용,남,35세,경상
2020070100100484,2020년 7월 1일 19시,수요일,대전광역시 서구 복수동,경상사고,0,0,1,0,차대차 - 측면충돌,안전운전불이행,건조,맑음,교차로 - 교차로부근,승용,남,25세,상해없음,승용,남,48세,경상
2020070100100551,2020년 7월 1일 21시,수요일,대전광역시 서구 월평동,중상사고,0,1,0,0,차대차 - 추돌,안전운전불이행,건조,맑음,교차로 - 교차로부근,승용,남,52세,기타불명,승용,남,44세,중상
2020070100100584,2020년 7월 1일 23시,수요일,대전광역시 서구 가수원동,사망사고,1,0,0,0,차량단독 - 주/정차차량 충돌,안전운전불이행,건조,맑음,단일로 - 기타,승용,남,42세,사망,,,,
2020070100100585,2020년 7월 1일 23시,수요일,대전광역시 서구 갈마동,경상사고,0,0,1,0,차대사람 - 길가장자리구역통행중,안전운전불이행,건조,맑음,단일로 - 기타,승용,여,50세,상해없음,보행자,남,27세,경상
2020070200100016,2020년 7월 2일 00시,목요일,대전광역시 동구 구도동,경상사고,0,0,1,0,차대차 - 추돌,안전운전불이행,건조,맑음,단일로 - 기타,승용,남,78세,상해없음,승용,여,54세,경상
2020070200100039,2020년 7월 2일 05시,목요일,대전광역시 중구 산성동,경상사고,0,0,3,0,차대차 - 기타,신호위반,건조,맑음,교차로 - 교차로안,승용,남,56세,상해없음,승용,남,74세,경상
2020070200100055,2020년 7월 2일 06시,목요일,대전광역시 유성구 반석동,경상사고,0,0,1,0,차대차 - 기타,안전운전불이행,건조,흐림,교차로 - 교차로안,화물,남,60세,상해없음,승용,여,21세,경상
2020070200100085,2020년 7월 2일 07시,목요일,대전광역시 대덕구 법동,경상사고,0,0,1,0,차대사람 - 기타,안전운전불이행,건조,맑음,단일로 - 기타,승용,남,61세,상해없음,보행자,여,63세,경상
2020070200100086,2020년 7월 2일 07시,목요일,대전광역시 유성구 지족동,경상사고,0,0,1,0,차대차 - 추돌,안전운전불이행,건조,맑음,단일로 - 기타,승용,여,62세,상해없음,승용,여,42세,경상
2020070200100127,2020년 7월 2일 08시,목요일,대전광역시 중구 문화동,중상사고,0,1,0,0,차대사람 - 기타,안전운전불이행,건조,맑음,단일로 - 기타,승용,여,73세,상해없음,보행자,남,66세,중상
2020070200100161,2020년 7월 2일 09시,목요일,대전광역시 동구 성남동,경상사고,0,0,1,0,차대차 - 기타,안전운전불이행,건조,맑음,단일로 - 기타,승용,여,57세,상해없음,승용,남,67세,경상
2020070200100162,2020년 7월 2일 09시,목요일,대전광역시 서구 복수동,경상사고,0,0,1,0,차대차 - 측면충돌,신호위반,건조,맑음,교차로 - 교차로안,승용,여,48세,상해없음,승용,남,66세,경상
2020070200100163,2020년 7월 2일 09시,목요일,대전광역시 서구 내동,경상사고,0,0,1,0,차대차 - 추돌,안전운전불이행,건조,맑음,교차로 - 교차로안,승용,여,32세,상해없음,승용,남,64세,경상
2020070200100223,2020년 7월 2일 11시,목요일,대전광역시 중구 산성동,경상사고,0,0,2,0,차대차 - 추돌,안전운전불이행,건조,맑음,교차로 - 교차로안,승용,남,33세,상해없음,승용,여,37세,경상
2020070200100224,2020년 7월 2일 11시,목요일,대전광역시 유성구 지족동,경상사고,0,0,1,0,차대차 - 기타,교차로운행방법위반,건조,맑음,교차로 - 교차로안,승용,여,58세,상해없음,승용,여,22세,경상
2020070200100254,2020년 7월 2일 12시,목요일,대전광역시 유성구 지족동,경상사고,0,0,1,0,차대차 - 기타,안전운전불이행,건조,맑음,단일로 - 기타,승용,남,33세,상해없음,이륜,남,19세,경상
2020070200100291,2020년 7월 2일 13시,목요일,대전광역시 동구 삼성동,경상사고,0,0,2,0,차대차 - 측면충돌,신호위반,건조,맑음,교차로 - 교차로안,승용,남,61세,상해없음,승용,남,48세,경상
2020070200100327,2020년 7월 2일 14시,목요일,대전광역시 서구 둔산동,중상사고,0,1,2,0,차대차 - 추돌,안전운전불이행,건조,맑음,단일로 - 기타,승용,남,50세,상해없음,승용,남,36세,중상
2020070200100360,2020년 7월 2일 15시,목요일,대전광역시 서구 갈마동,중상사고,0,1,0,0,차대차 - 측면충돌,중앙선침범,건조,맑음,교차로 - 교차로안,승용,여,59세,상해없음,승용,여,40세,중상
2020070200100402,2020년 7월 2일 16시,목요일,대전광역시 중구 문화동,경상사고,0,0,1,0,차대차 - 측면충돌,기타,건조,맑음,교차로 - 교차로안,승용,여,48세,상해없음,자전거,남,12세,경상