사고번호,사고일시,요일,시군구,사고내용,사망자수,중상자수,경상자수,부상신고자수,사고유형,법규위반,노면상태,기상상태,도로형태,가해운전자 차종,가해운전자 성별,가해운전자 연령,가해운전자 상해정도,피해운전자 차종,피해운전자 성별,피해운전자 연령,피해운전자 상해정도
2020071500100490,2020년 7월 15일 18시,수요일,대전광역시 서구 둔산동,경상사고,0,0,1,0,차대차 - 측면충돌,안전운전불이행,건조,맑음,교차로 - 교차로안,화물,남,46세,상해없음,이륜,남,32세,경상
2020071500100492,2020년 7월 15일 18시,수요일,대전광역시 유성구 노은동,경상사고,0,0,1,0,차대차 - 측면충돌,안전운전불이행,건조,맑음,교차로 - 교차로부근,이륜,남,52세,상해없음,승용,남,39세,경상
2020071500100527,2020년 7월 15일 19시,수요일,대전광역시 동구 삼성동,중상사고,0,1,4,0,차대차 - 측면충돌,교차로운행방법위반,건조,맑음,교차로 - 교차로안,승합,남,55세,상해없음,화물,남,25세,경상
2020071500100528,2020년 7월 15일 19시,수요일,대전광역시 동구 대동,경상사고,0,0,1,0,차대차 - 측면충돌,직진우회전진행방해,건조,맑음,교차로 - 교차로안,승용,남,74세,경상,화물,남,79세,상해없음
2020071500100561,2020년 7월 15일 20시,수요일,대전광역시 중구 은행동,경상사고,0,0,3,0,차대차 - 기타,안전운전불이행,건조,맑음,교차로 - 교차로부근,승용,여,23세,상해없음,승용,여,42세,경상
2020071500100562,2020년 7월 15일 20시,수요일,대전광역시 중구 선화동,경상사고,0,0,1,0,차대차 - 측면충돌,안전거리미확보,건조,맑음,단일로 - 기타,승용,남,60세,상해없음,승용,여,59세,경상
2020071500100612,2020년 7월 15일 22시,수요일,대전광역시 유성구 노은동,경상사고,0,0,3,0,차대차 - 측면충돌,안전거리미확보,건조,맑음,단일로 - 기타,승용,여,51세,경상,승용,여,42세,경상
2020071500100625,2020년 7월 15일 23시,수요일,대전광역시 서구 월평동,경상사고,0,0,1,0,차대사람 - 기타,안전운전불이행,건조,맑음,교차로 - 교차로안,화물,남,60세,상해없음,보행자,여,32세,경상
2020071600100012,2020년 7월 16일 00시,목요일,대전광역시 서구 월평동,경상사고,0,0,4,0,차대차 - 측면충돌,안전운전불이행,건조,맑음,단일로 - 기타,승용,남,43세,상해없음,승용,남,18세,경상
2020071600100013,2020년 7월 16일 00시,목요일,대전광역시 유성구 노은동,경상사고,0,0,4,0,차대차 - 추돌,안전운전불이행,건조,맑음,교차로 - 교차로부근,승용,여,26세,상해없음,승용,남,36세,경상
2020071600100026,2020년 7월 16일 01시,목요일,대전광역시 유성구 궁동,경상사고,0,0,1,0,차대차 - 측면충돌,안전거리미확보,건조,맑음,단일로 - 기타,승용,남,32세,상해없음,승용,남,65세,경상
2020071600100046,2020년 7월 16일 04시,목요일,대전광역시 유성구 봉명동,중상사고,0,2,1,0,차대차 - 기타,신호위반,건조,맑음,교차로 - 교차로안,승용,남,27세,상해없음,승용,남,62세,경상
2020071600100087,2020년 7월 16일 07시,목요일,대전광역시 서구 둔산동,경상사고,0,0,1,0,차대차 - 측면충돌,안전운전불이행,건조,맑음,단일로 - 기타,승용,남,63세,상해없음,승용,남,56세,경상
2020071600100088,2020년 7월 16일 07시,목요일,대전광역시 서구 둔산동,경상사고,0,0,2,0,차대차 - 측면충돌,안전운전불이행,건조,맑음,교차로 - 교차로안,승용,남,23세,상해없음,승용,남,69세,경상
2020071600100122,2020년 7월 16일 08시,목요일,대전광역시 서구 도안동,경상사고,0,0,1,0,차대차 - 측면충돌,교차로운행방법위반,건조,맑음,교차로 - 교차로부근,승용,남,62세,기타불명,자전거,여,10세,경상
2020071600100154,2020년 7월 16일 09시,목요일,대전광역시 중구 대사동,중상사고,0,1,0,0,차대차 - 측면충돌,교차로운행방법위반,건조,맑음,교차로 - 교차로안,승용,남,80세,상해없음,이륜,남,76세,중상
2020071600100267,2020년 7월 16일 12시,목요일,대전광역시 중구 석교동,경상사고,0,0,2,0,차대차 - 측면충돌,안전거리미확보,건조,맑음,단일로 - 기타,화물,남,76세,상해없음,승용,남,28세,경상
2020071600100268,2020년 7월 16일 12시,목요일,대전광역시 동구 판암동,경상사고,0,0,1,0,차대차 - 추돌,안전운전불이행,건조,맑음,교차로 - 교차로부근,화물,남,35세,상해없음,승용,남,40세,경상
2020071600100269,2020년 7월 16일 12시,목요일,대전광역시 서구 가장동,경상사고,0,0,1,0,차대차 - 기타,안전운전불이행,건조,맑음,교차로 - 교차로부근,승용,남,53세,상해없음,이륜,남,39세,경상
2020071600100302,2020년 7월 16일 13시,목요일,대전광역시 중구 은행동,중상사고,0,1,0,0,차대사람 - 기타,안전운전불이행,건조,맑음,단일로 - 기타,승용,남,31세,상해없음,보행자,여,77세,중상
2020071600100303,2020년 7월 16일 13시,목요일,대전광역시 서구 둔산동,경상사고,0,0,1,1,차대차 - 기타,중앙선침범,건조,맑음,단일로 - 기타,승용,여,29세,부상신고,승용,남,65세,경상
2020071600100337,2020년 7월 16일 14시,목요일,대전광역시 서구 괴정동,중상사고,0,1,0,0,차대사람 - 횡단중,중앙선침범,건조,흐림,기타 - 기타,승용,남,65세,상해없음,보행자,여,64세,중상
2020071600100338,2020년 7월 16일 14시,목요일,대전광역시 서구 도마동,중상사고,0,1,0,0,차대차 - 기타,안전운전불이행,건조,맑음,교차로 - 교차로안,승용,남,56세,상해없음,이륜,남,51세,중상
2020071600100339,2020년 7월 16일 14시,목요일,대전광역시 유성구 봉명동,경상사고,0,0,2,0,차대차 - 기타,신호위반,건조,맑음,교차로 - 교차로부근,이륜,남,46세,상해없음,승합,남,53세,경상
2020071600100379,2020년 7월 16일 15시,목요일,대전광역시 서구 가수원동,경상사고,0,0,1,0,차대차 - 측면충돌,안전거리미확보,건조,맑음,단일로 - 기타,화물,남,74세,상해없음,승용,여,57세,경상
2020071600100421,2020년 7월 16일 16시,목요일,대전광역시 중구 은행동,부상신고사고,0,0,0,1,차대차 - 측면충돌,안전운전불이행,건조,맑음,단일로 - 기타,화물,남,55세,상해없음,자전거,남,63세,부상신고
2020071600100422,2020년 7월 16일 16시,목요일,대전광역시 서구 가수원동,경상사고,0,0,1,0,차대차 - 추돌,안전운전불이행,건조,맑음,단일로 - 기타,승용,남,22세,상해없음,승용,여,27세,경상
2020071600100471,2020년 7월 16일 17시,목요일,대전광역시 중구 태평동,중상사고,0,1,9,0,차대차 - 측면충돌,직진우회전진행방해,건조,흐림,교차로 - 교차로안,승용,남,27세,상해없음,승합,남,51세,경상
2020071600100472,2020년 7월 16일 17시,목요일,대전광역시 동구 판암동,경상사고,0,0,1,0,차대차 - 측면충돌,안전운전불이행,건조,맑음,단일로 - 기타,화물,남,50세,상해없음,화물,남,57세,경상
2020071600100473,2020년 7월 16일 17시,목요일,대전광역시 서구 관저동,경상사고,0,0,1,0,차대차 - 측면충돌,안전운전불이행,건조,맑음,단일로 - 기타,승용,여,51세,상해없음,승용,남,29세,경상
2020071600100474,2020년 7월 16일 17시,목요일,대전광역시 서구 둔산동,경상사고,0,0,1,0,차대차 - 측면충돌,안전운전불이행,건조,맑음,교차로 - 교차로횡단보도내,승용,여,39세,상해없음,자전거,남,13세,경상
2020071600100534,2020년 7월 16일 18시,목요일,대전광역시 중구 오류동,중상사고,0,1,0,0,차대사람 - 보도통행중,보행자보호의무위반,건조,맑음,교차로 - 교차로안,승용,남,56세,상해없음,보행자,여,32세,중상
2020071600100535,2020년 7월 16일 18시,목요일,대전광역시 유성구 원신흥동,경상사고,0,0,1,0,차대차 - 추돌,신호위반,건조,맑음,교차로 - 교차로안,승용,여,26세,상해없음,승용,여,37세,경상
2020071600100617,2020년 7월 16일 21시,목요일,대전광역시 동구 판암동,경상사고,0,0,1,0,차대사람 - 횡단중,신호위반,건조,맑음,교차로 - 교차로안,승합,남,55세,상해없음,보행자,여,31세,경상
2020071700100018,2020년 7월 17일 01시,금요일,대전광역시 동구 용전동,경상사고,0,0,1,0,차대차 - 기타,안전운전불이행,건조,맑음,단일로 - 기타,승용,남,29세,상해없음,승용,남,42세,경상
2020071700100045,2020년 7월 17일 05시,금요일,대전광역시 유성구 송강동,중상사고,0,1,0,0,차대차 - 추돌,신호위반,건조,맑음,교차로 - 교차로안,승용,남,30세,기타불명,승용,남,69세,중상
2020071700100115,2020년 7월 17일 08시,금요일,대전광역시 중구 은행동,부상신고사고,0,0,0,1,차량단독 - 기타,안전운전불이행,건조,흐림,단일로 - 기타,자전거,여,40세,부상신고,,,,
2020071700100172,2020년 7월 17일 10시,금요일,대전광역시 중구 석교동,중상사고,0,1,0,0,차대차 - 기타,안전운전불이행,건조,맑음,기타 - 기타,승용,남,82세,상해없음,승합,남,52세,상해없음
2020071700100173,2020년 7월 17일 10시,금요일,대전광역시 동구 가양동,경상사고,0,0,1,0,차대차 - 측면충돌,교차로운행방법위반,건조,맑음,교차로 - 교차로안,승용,남,45세,상해없음,자전거,남,64세,경상
2020071700100174,2020년 7월 17일 10시,금요일,대전광역시 서구 갈마동,경상사고,0,0,2,0,차대차 - 추돌,안전거리미확보,건조,맑음,단일로 - 기타,화물,남,50세,경상,승용,여,54세,경상
2020071700100202,2020년 7월 17일 11시,금요일,대전광역시 서구 가장동,중상사고,0,1,0,0,차대차 - 기타,교차로운행방법위반,건조,맑음,교차로 - 교차로안,승용,남,63세,상해없음,자전거,남,91세,중상
2020071700100203,2020년 7월 17일 11시,금요일,대전광역시 서구 둔산동,경상사고,0,0,1,0,차대차 - 기타,안전운전불이행,건조,맑음,교차로 - 교차로안,승용,남,67세,상해없음,원동기,남,58세,경상
2020071700100204,2020년 7월 17일 11시,금요일,대전광역시 유성구 봉명동,경상사고,0,0,2,0,차대차 - 측면충돌,안전운전불이행,건조,흐림,단일로 - 기타,승용,남,27세,상해없음,화물,남,46세,상해없음
2020071700100240,2020년 7월 17일 12시,금요일,대전광역시 중구 옥계동,경상사고,0,0,1,0,차대사람 - 기타,안전운전불이행,건조,맑음,기타 - 기타,승용,여,57세,상해없음,보행자,남,23세,경상
2020071700100241,2020년 7월 17일 12시,금요일,대전광역시 중구 대사동,경상사고,0,0,1,0,차대차 - 기타,교차로운행방법위반,건조,맑음,교차로 - 교차로안,승용,남,67세,상해없음,승용,여,27세,경상
2020071700100242,2020년 7월 17일 12시,금요일,대전광역시 동구 가양동,부상신고사고,0,0,0,1,차대차 - 기타,안전거리미확보,건조,맑음,교차로 - 교차로부근,승용,남,73세,상해없음,승용,남,22세,부상신고
2020071700100243,2020년 7월 17일 12시,금요일,대전광역시 동구 용전동,경상사고,0,0,2,0,차대차 - 측면충돌,안전운전불이행,건조,맑음,단일로 - 기타,승용,여,46세,경상,승용,남,46세,경상
2020071700100325,2020년 7월 17일 14시,금요일,대전광역시 대덕구 신일동,경상사고,0,0,1,0,차대차 - 기타,안전운전불이행,건조,맑음,단일로 - 기타,승용,남,52세,상해없음,화물,남,56세,경상
2020071700100326,2020년 7월 17일 14시,금요일,대전광역시 서구 탄방동,경상사고,0,0,1,0,차대사람 - 기타,안전운전불이행,건조,맑음,단일로 - 기타,승용,남,72세,상해없음,보행자,여,30세,경상
2020071700100359,2020년 7월 17일 15시,금요일,대전광역시 대덕구 대화동,경상사고,0,0,1,0,차대차 - 기타,안전운전불이행,건조,맑음,교차로 - 교차로안,화물,남,48세,기타불명,승용,남,45세,경상
2020071700100360,2020년 7월 17일 15시,금요일,대전광역시 유성구 도룡동,경상사고,0,0,1,0,차대차 - 측면충돌,안전운전불이행,건조,맑음,단일로 - 기타,승용,여,60세,상해없음,화물,남,32세,경상
2020071700100417,2020년 7월 17일 16시,금요일,대전광역시 유성구 봉명동,중상사고,0,1,9,1,차대차 - 측면충돌,중앙선침범,건조,맑음,교차로 - 교차로부근,승합,남,37세,상해없음,승합,남,54세,경상
2020071700100479,2020년 7월 17일 17시,금요일,대전광역시 서구 갈마동,중상사고,0,1,0,0,차대사람 - 기타,안전운전불이행,건조,맑음,단일로 - 기타,자전거,남,37세,상해없음,보행자,남,55세,중상
2020071700100576,2020년 7월 17일 19시,금요일,대전광역시 서구 흑석동,경상사고,0,0,1,0,차대차 - 측면충돌,교차로운행방법위반,건조,맑음,교차로 - 교차로안,승용,남,59세,상해없음,승용,여,49세,경상
2020071700100686,2020년 7월 17일 22시,금요일,대전광역시 대덕구 목상동,경상사고,0,0,2,0,차대차 - 기타,신호위반,건조,맑음,교차로 - 교차로안,승용,남,37세,상해없음,승용,남,62세,경상
2020071700100710,2020년 7월 17일 23시,금요일,대전광역시 동구 자양동,경상사고,0,0,1,0,차량단독 - 전도전복 - 전도,안전운전불이행,건조,맑음,단일로 - 기타,개인형이동수단(PM),남,40세,경상,,,,
2020071700100711,2020년 7월 17일 23시,금요일,대전광역시 대덕구 덕암동,경상사고,0,0,1,0,차대사람 - 보도통행중,안전운전불이행,건조,맑음,교차로 - 교차로부근,승용,남,70세,상해없음,보행자,남,19세,경상
2020071800100014,2020년 7월 18일 00시,토요일,대전광역시 서구 둔산동,경상사고,0,0,3,0,차대차 - 기타,신호위반,건조,맑음,교차로 - 교차로안,승용,남,29세,상해없음,승용,여,21세,경상
2020071800100052,2020년 7월 18일 03시,토요일,대전광역시 서구 둔산동,부상신고사고,0,0,0,1,차대차 - 기타,불법유턴,건조,맑음,교차로 - 교차로횡단보도내,개인형이동수단(PM),남,26세,부상신고,승용,남,65세,상해없음
2020071800100142,2020년 7월 18일 09시,토요일,대전광역시 서구 둔산동,경상사고,0,0,2,0,차대차 - 추돌,안전운전불이행,건조,맑음,교차로 - 교차로안,승용,남,47세,상해없음,승용,여,31세,경상
2020071800100198,2020년 7월 18일 11시,토요일,대전광역시 중구 문창동,경상사고,0,0,1,0,차대차 - 기타,안전운전불이행,건조,맑음,단일로 - 기타,승용,여,65세,상해없음,승용,여,53세,경상
2020071800100199,2020년 7월 18일 11시,토요일,대전광역시 대덕구 중리동,경상사고,0,0,1,0,차대차 - 기타,신호위반,건조,맑음,교차로 - 교차로안,승용,남,65세,기타불명,승합,남,45세,상해없음
2020071800100200,2020년 7월 18일 11시,토요일,대전광역시 유성구 구암동,경상사고,0,0,1,0,차대차 - 추돌,안전운전불이행,건조,맑음,단일로 - 기타,승용,남,59세,상해없음,승용,남,49세,경상
2020071800100237,2020년 7월 18일 12시,토요일,대전광역시 중구 오류동,경상사고,0,0,1,0,차대차 - 기타,교차로운행방법위반,건조,맑음,교차로 - 교차로안,승용,여,61세,상해없음,승용,남,27세,경상
2020071800100238,2020년 7월 18일 12시,토요일,대전광역시 대덕구 중리동,경상사고,0,0,1,0,차대사람 - 기타,안전운전불이행,건조,맑음,단일로 - 기타,승합,남,61세,기타불명,보행자,남,28세,경상
2020071800100283,2020년 7월 18일 13시,토요일,대전광역시 대덕구 중리동,경상사고,0,0,1,0,차대사람 - 기타,안전운전불이행,건조,맑음,기타 - 기타,화물,남,56세,상해없음,보행자,여,50세,경상
2020071800100332,2020년 7월 18일 14시,토요일,대전광역시 유성구 도룡동,경상사고,0,0,1,0,차대차 - 기타,안전거리미확보,건조,맑음,단일로 - 기타,승용,여,41세,상해없음,승용,여,24세,경상
2020071800100407,2020년 7월 18일 16시,토요일,대전광역시 중구 오류동,경상사고,0,0,2,0,차량단독 - 기타,안전운전불이행,건조,맑음,교차로 - 교차로부근,승합,남,43세,상해없음,,,,
2020071800100448,2020년 7월 18일 17시,토요일,대전광역시 서구 갈마동,경상사고,0,0,2,0,차대차 - 기타,안전운전불이행,건조,맑음,단일로 - 기타,승용,남,50세,상해없음,승용,여,37세,경상
2020071800100449,2020년 7월 18일 17시,토요일,대전광역시 서구 탄방동,경상사고,0,0,5,0,차대차 - 추돌,안전운전불이행,건조,맑음,단일로 - 기타,승용,남,50세,상해없음,승용,남,37세,경상
2020071800100482,2020년 7월 18일 18시,토요일,대전광역시 서구 가수원동,경상사고,0,0,1,0,차대차 - 추돌,안전거리미확보,건조,맑음,교차로 - 교차로부근,승용,남,27세,상해없음,승용,남,28세,경상
2020071800100512,2020년 7월 18일 19시,토요일,대전광역시 서구 용문동,경상사고,0,0,1,0,차대차 - 추돌,안전운전불이행,건조,맑음,교차로 - 교차로부근,기타불명,기타불명,미분류,기타불명,승용,여,27세,경상
2020071800100513,2020년 7월 18일 19시,토요일,대전광역시 서구 탄방동,경상사고,0,0,1,0,차대사람 - 길가장자리구역통행중,안전운전불이행,건조,맑음,단일로 - 기타,화물,남,66세,기타불명,보행자,남,22세,경상
2020071800100514,2020년 7월 18일 19시,토요일,대전광역시 유성구 전민동,중상사고,0,1,0,0,차대차 - 추돌,안전운전불이행,건조,맑음,교차로 - 교차로안,승용,여,58세,상해없음,이륜,여,60세,중상
2020071800100581,2020년 7월 18일 21시,토요일,대전광역시 서구 관저동,중상사고,0,1,3,0,차대차 - 정면충돌,안전운전불이행,건조,맑음,교차로 - 교차로안,승용,남,54세,중상,승용,남,72세,경상
2020071800100582,2020년 7월 18일 21시,토요일,대전광역시 대덕구 신탄진동,경상사고,0,0,2,0,차대차 - 후진중충돌,안전운전불이행,건조,맑음,기타 - 기타,승용,남,30세,기타불명,승용,여,45세,경상
2020071800100607,2020년 7월 18일 22시,토요일,대전광역시 서구 탄방동,경상사고,0,0,1,0,차대차 - 기타,안전운전불이행,건조,맑음,교차로 - 교차로횡단보도내,승용,남,36세,상해없음,자전거,남,35세,경상
2020071900100029,2020년 7월 19일 01시,일요일,대전광역시 서구 갈마동,경상사고,0,0,1,0,차대사람 - 기타,안전운전불이행,건조,맑음,단일로 - 기타,승용,남,22세,상해없음,보행자,남,27세,경상
2020071900100064,2020년 7월 19일 04시,일요일,대전광역시 유성구 상대동,경상사고,0,0,2,0,차대차 - 측면충돌,안전운전불이행,젖음/습기,비,단일로 - 지하차도(도로)내,승용,남,29세,상해없음,승용,남,51세,경상
2020071900100146,2020년 7월 19일 11시,일요일,대전광역시 대덕구 오정동,중상사고,0,1,0,0,차대차 - 기타,안전운전불이행,건조,맑음,교차로 - 교차로부근,승용,남,26세,상해없음,승용,여,38세,중상
2020071900100168,2020년 7월 19일 12시,일요일,대전광역시 중구 대사동,중상사고,0,1,0,0,차대차 - 측면충돌,안전거리미확보,건조,맑음,단일로 - 기타,승용,남,34세,상해없음,이륜,남,19세,중상
2020071900100169,2020년 7월 19일 12시,일요일,대전광역시 서구 월평동,경상사고,0,0,1,0,차대차 - 측면충돌,신호위반,건조,맑음,교차로 - 교차로안,승용,남,78세,상해없음,승용,여,50세,경상
2020071900100214,2020년 7월 19일 14시,일요일,대전광역시 중구 산성동,중상사고,0,1,0,0,차대사람 - 횡단중,안전운전불이행,건조,맑음,교차로 - 교차로부근,승용,남,29세,상해없음,보행자,여,75세,중상
2020071900100270,2020년 7월 19일 16시,일요일,대전광역시 대덕구 신탄진동,경상사고,0,0,2,0,차대차 - 측면충돌,안전운전불이행,건조,맑음,교차로 - 교차로안,특수,남,33세,기타불명,승용,여,50세,경상
2020071900100271,2020년 7월 19일 16시,일요일,대전광역시 유성구 학하동,중상사고,0,1,0,0,차대차 - 측면충돌,안전운전불이행,건조,맑음,단일로 - 기타,승용,남,70세,상해없음,이륜,남,37세,중상
2020071900100292,2020년 7월 19일 17시,일요일,대전광역시 중구 유천동,중상사고,0,1,1,0,차대차 - 기타,직진우회전진행방해,건조,맑음,교차로 - 교차로안,이륜,남,43세,중상,승용,남,68세,경상
2020071900100293,2020년 7월 19일 17시,일요일,대전광역시 중구 산성동,경상사고,0,0,1,0,차대차 - 기타,차로위반,건조,맑음,교차로 - 교차로안,승용,남,68세,상해없음,승용,남,38세,경상
2020071900100294,2020년 7월 19일 17시,일요일,대전광역시 유성구 탑립동,중상사고,0,2,0,0,차대차 - 기타,신호위반,건조,맑음,교차로 - 교차로안,승용,남,60세,상해없음,승용,남,32세,중상
2020072000100016,2020년 7월 20일 01시,월요일,대전광역시 서구 변동,경상사고,0,0,2,0,차대차 - 기타,안전운전불이행,건조,맑음,교차로 - 교차로부근,승용,남,26세,상해없음,승용,남,56세,경상
2020072000100070,2020년 7월 20일 07시,월요일,대전광역시 동구 삼성동,경상사고,0,0,1,0,차대차 - 기타,안전운전불이행,젖음/습기,비,교차로 - 교차로부근,화물,남,54세,경상,승용,남,39세,상해없음
2020072000100118,2020년 7월 20일 08시,월요일,대전광역시 서구 갈마동,중상사고,0,1,4,0,차대차 - 측면충돌,안전거리미확보,젖음/습기,비,단일로 - 기타,승용,여,50세,상해없음,승용,남,65세,경상
2020072000100234,2020년 7월 20일 12시,월요일,대전광역시 서구 도마동,경상사고,0,0,1,0,차대차 - 기타,안전운전불이행,젖음/습기,비,단일로 - 기타,승용,남,28세,상해없음,승용,여,40세,경상
2020072000100235,2020년 7월 20일 12시,월요일,대전광역시 유성구 반석동,경상사고,0,0,2,0,차대차 - 기타,안전운전불이행,건조,맑음,교차로 - 교차로부근,승용,여,50세,상해없음,승용,남,61세,경상
2020072000100301,2020년 7월 20일 14시,월요일,대전광역시 서구 탄방동,중상사고,0,1,0,0,차대차 - 정면충돌,중앙선침범,젖음/습기,맑음,단일로 - 기타,승용,여,50세,상해없음,이륜,남,57세,중상
2020072000100326,2020년 7월 20일 15시,월요일,대전광역시 서구 갈마동,중상사고,0,1,0,0,차대차 - 추돌,안전거리미확보,건조,맑음,교차로 - 교차로안,승용,남,48세,상해없음,승용,여,54세,중상
2020072000100327,2020년 7월 20일 15시,월요일,대전광역시 서구 월평동,경상사고,0,0,1,0,차대차 - 측면충돌,안전거리미확보,건조,맑음,단일로 - 기타,승용,남,68세,상해없음,승용,여,31세,경상
2020072000100354,2020년 7월 20일 16시,월요일,대전광역시 서구 둔산동,경상사고,0,0,1,0,차대사람 - 기타,중앙선침범,건조,맑음,단일로 - 기타,승용,여,39세,상해없음,보행자,남,57세,경상
2020072000100466,2020년 7월 20일 19시,월요일,대전광역시 서구 관저동,경상사고,0,0,2,0,차대차 - 기타,과속,건조,맑음,단일로 - 기타,승용,여,31세,경상,승용,여,59세,경상
2020072000100516,2020년 7월 20일 21시,월요일,대전광역시 중구 용두동,중상사고,0,1,0,0,차대차 - 측면충돌,신호위반,건조,맑음,교차로 - 교차로횡단보도내,승합,남,47세,기타불명,개인형이동수단(PM),남,51세,중상
2020072000100533,2020년 7월 20일 22시,월요일,대전광역시 서구 도마동,경상사고,0,0,1,0,차대차 - 기타,안전운전불이행,건조,맑음,교차로 - 교차로안,승용,남,62세,상해없음,승용,여,24세,경상
2020072000100534,2020년 7월 20일 22시,월요일,대전광역시 서구 가수원동,중상사고,0,1,0,0,차대차 - 기타,신호위반,건조,맑음,교차로 - 교차로부근,이륜,남,28세,중상,승합,남,49세,상해없음
2020072000100535,2020년 7월 20일 22시,월요일,대전광역시 서구 관저동,경상사고,0,0,1,0,차대차 - 측면충돌,안전운전불이행,건조,맑음,단일로 - 기타,승용,남,71세,상해없음,승용,여,48세,경상
2020072100100059,2020년 7월 21일 04시,화요일,대전광역시 서구 둔산동,중상사고,0,1,1,0,차대차 - 측면충돌,신호위반,젖음/습기,비,교차로 - 교차로안,승용,남,41세,상해없음,승용,남,37세,경상
2020072100100077,2020년 7월 21일 06시,화요일,대전광역시 대덕구 오정동,중상사고,0,1,0,0,차대사람 - 기타,안전운전불이행,건조,맑음,단일로 - 기타,이륜,남,21세,상해없음,보행자,남,52세,중상
2020072100100093,2020년 7월 21일 07시,화요일,대전광역시 유성구 구암동,중상사고,0,1,0,0,차대차 - 측면충돌,신호위반,건조,맑음,교차로 - 교차로안,승용,여,27세,기타불명,승용,남,53세,중상
2020072100100123,2020년 7월 21일 08시,화요일,대전광역시 유성구 학하동,중상사고,0,1,0,0,차대차 - 기타,안전운전불이행,젖음/습기,흐림,단일로 - 터널,승용,남,52세,상해없음,자전거,남,60세,중상
2020072100100150,2020년 7월 21일 09시,화요일,대전광역시 대덕구 대화동,경상사고,0,0,1,0,차대사람 - 기타,안전운전불이행,건조,맑음,단일로 - 기타,승용,남,75세,기타불명,보행자,여,48세,경상
2020072100100151,2020년 7월 21일 09시,화요일,대전광역시 서구 갈마동,경상사고,0,0,1,0,차대차 - 기타,교차로운행방법위반,건조,맑음,교차로 - 교차로안,건설기계,남,59세,상해없음,승용,남,66세,경상
2020072100100183,2020년 7월 21일 10시,화요일,대전광역시 유성구 봉명동,중상사고,0,1,0,0,차대사람 - 기타,안전운전불이행,건조,맑음,단일로 - 기타,승용,여,57세,상해없음,보행자,여,25세,중상
2020072100100230,2020년 7월 21일 11시,화요일,대전광역시 동구 판암동,중상사고,0,1,0,0,차대사람 - 횡단중,불법유턴,건조,맑음,단일로 - 기타,승용,남,59세,상해없음,보행자,여,82세,중상
2020072100100231,2020년 7월 21일 11시,화요일,대전광역시 서구 가수원동,중상사고,0,1,1,0,차대차 - 측면충돌,신호위반,건조,맑음,교차로 - 교차로부근,승용,남,70세,상해없음,승합,남,64세,중상
2020072100100255,2020년 7월 21일 12시,화요일,대전광역시 동구 판암동,경상사고,0,0,3,0,차대차 - 후진중충돌,불법유턴,건조,맑음,단일로 - 기타,승용,남,68세,상해없음,승용,여,37세,경상
2020072100100256,2020년 7월 21일 12시,화요일,대전광역시 서구 도마동,경상사고,0,0,1,0,차대사람 - 횡단중,안전운전불이행,건조,맑음,단일로 - 기타,승용,여,28세,상해없음,보행자,남,68세,경상
2020072100100296,2020년 7월 21일 13시,화요일,대전광역시 서구 괴정동,경상사고,0,0,1,0,차대사람 - 기타,안전운전불이행,건조,맑음,단일로 - 기타,승용,남,63세,상해없음,보행자,여,23세,경상
2020072100100413,2020년 7월 21일 16시,화요일,대전광역시 서구 내동,경상사고,0,0,1,0,차대사람 - 길가장자리구역통행중,안전운전불이행,건조,맑음,단일로 - 기타,승합,남,65세,상해없음,보행자,여,30세,경상
2020072100100530,2020년 7월 21일 19시,화요일,대전광역시 서구 도마동,경상사고,0,0,2,0,차대차 - 측면충돌,교차로운행방법위반,건조,맑음,교차로 - 교차로안,승용,남,36세,상해없음,승용,남,22세,경상
2020072100100582,2020년 7월 21일 21시,화요일,대전광역시 서구 둔산동,경상사고,0,0,1,0,차대차 - 측면충돌,안전운전불이행,건조,맑음,교차로 - 교차로안,승용,남,26세,상해없음,이륜,남,19세,경상
2020072100100583,2020년 7월 21일 21시,화요일,대전광역시 유성구 노은동,경상사고,0,0,1,0,차대차 - 측면충돌,신호위반,건조,맑음,교차로 - 교차로안,승용,남,32세,상해없음,승용,남,47세,경상
2020072100100605,2020년 7월 21일 22시,화요일,대전광역시 서구 복수동,부상신고사고,0,0,0,1,차대차 - 기타,안전운전불이행,건조,맑음,교차로 - 교차로부근,이륜,남,31세,부상신고,승용,남,67세,상해없음
2020072100100606,2020년 7월 21일 22시,화요일,대전광역시 서구 탄방동,중상사고,0,1,0,0,차대사람 - 길가장자리구역통행중,안전운전불이행,건조,맑음,단일로 - 기타,승용,남,48세,상해없음,보행자,남,15세,중상
2020072200100044,2020년 7월 22일 03시,수요일,대전광역시 서구 괴정동,중상사고,0,1,0,0,차대사람 - 기타,안전운전불이행,젖음/습기,비,단일로 - 기타,승용,여,47세,상해없음,보행자,여,37세,중상
2020072200100045,2020년 7월 22일 03시,수요일,대전광역시 서구 갈마동,경상사고,0,0,1,0,차대차 - 추돌,안전운전불이행,건조,맑음,단일로 - 기타,승용,남,76세,상해없음,승용,남,51세,기타불명
2020072200100081,2020년 7월 22일 06시,수요일,대전광역시 대덕구 석봉동,경상사고,0,0,1,0,차대차 - 기타,안전운전불이행,건조,맑음,교차로 - 교차로안,승용,남,58세,상해없음,승합,남,67세,경상
2020072200100082,2020년 7월 22일 06시,수요일,대전광역시 유성구 관평동,경상사고,0,0,1,0,차대차 - 기타,안전운전불이행,젖음/습기,비,교차로 - 교차로부근,승용,여,35세,상해없음,승용,남,51세,경상