사고번호,사고일시,요일,시군구,사고내용,사망자수,중상자수,경상자수,부상신고자수,사고유형,법규위반,노면상태,기상상태,도로형태,가해운전자 차종,가해운전자 성별,가해운전자 연령,가해운전자 상해정도,피해운전자 차종,피해운전자 성별,피해운전자 연령,피해운전자 상해정도
2020072200100106,2020년 7월 22일 07시,수요일,대전광역시 대덕구 상서동,경상사고,0,0,1,0,차대차 - 기타,안전운전불이행,젖음/습기,비,단일로 - 기타,승용,여,26세,상해없음,승용,여,55세,경상
2020072200100148,2020년 7월 22일 08시,수요일,대전광역시 중구 산성동,중상사고,0,1,0,0,차대사람 - 횡단중,보행자보호의무위반,건조,맑음,교차로 - 교차로안,승용,여,53세,상해없음,보행자,남,81세,중상
2020072200100149,2020년 7월 22일 08시,수요일,대전광역시 동구 자양동,경상사고,0,0,1,0,차대차 - 측면충돌,직진우회전진행방해,건조,맑음,교차로 - 교차로안,승용,남,56세,상해없음,승용,남,36세,경상
2020072200100150,2020년 7월 22일 08시,수요일,대전광역시 대덕구 오정동,경상사고,0,0,1,0,차대사람 - 보도통행중,기타,젖음/습기,흐림,단일로 - 기타,이륜,남,19세,상해없음,보행자,여,48세,경상
2020072200100151,2020년 7월 22일 08시,수요일,대전광역시 서구 둔산동,중상사고,0,1,0,0,차대사람 - 횡단중,보행자보호의무위반,젖음/습기,비,교차로 - 교차로횡단보도내,화물,남,53세,상해없음,보행자,여,72세,중상
2020072200100192,2020년 7월 22일 09시,수요일,대전광역시 서구 관저동,경상사고,0,0,1,0,차대차 - 측면충돌,안전운전불이행,건조,맑음,단일로 - 기타,화물,남,53세,상해없음,승용,여,29세,경상
2020072200100193,2020년 7월 22일 09시,수요일,대전광역시 서구 둔산동,중상사고,0,1,2,0,차대차 - 기타,안전운전불이행,젖음/습기,비,교차로 - 교차로안,승용,여,46세,중상,화물,남,45세,경상
2020072200100219,2020년 7월 22일 10시,수요일,대전광역시 서구 가수원동,중상사고,0,1,0,0,차대차 - 측면충돌,중앙선침범,건조,맑음,단일로 - 기타,화물,여,45세,상해없음,승용,여,59세,중상
2020072200100220,2020년 7월 22일 10시,수요일,대전광역시 대덕구 오정동,경상사고,0,0,1,0,차대차 - 측면충돌,교차로운행방법위반,건조,맑음,교차로 - 교차로안,화물,남,67세,상해없음,승용,남,47세,경상
2020072200100260,2020년 7월 22일 11시,수요일,대전광역시 유성구 덕명동,경상사고,0,0,1,0,차대차 - 기타,안전운전불이행,건조,맑음,단일로 - 기타,승용,남,70세,상해없음,승용,여,56세,경상
2020072200100346,2020년 7월 22일 14시,수요일,대전광역시 중구 사정동,경상사고,0,0,1,0,차대차 - 기타,안전운전불이행,젖음/습기,비,단일로 - 기타,승용,여,51세,상해없음,이륜,남,39세,경상
2020072200100347,2020년 7월 22일 14시,수요일,대전광역시 서구 둔산동,경상사고,0,0,1,0,차대사람 - 기타,안전운전불이행,젖음/습기,흐림,교차로 - 교차로부근,승용,남,68세,상해없음,보행자,남,50세,경상
2020072200100348,2020년 7월 22일 14시,수요일,대전광역시 유성구 상대동,경상사고,0,0,1,0,차대차 - 기타,신호위반,젖음/습기,비,교차로 - 교차로안,승용,남,63세,상해없음,승용,남,64세,경상
2020072200100349,2020년 7월 22일 14시,수요일,대전광역시 유성구 상대동,중상사고,0,1,0,0,차대차 - 기타,신호위반,건조,맑음,교차로 - 교차로안,이륜,남,52세,중상,승용,남,29세,상해없음
2020072200100417,2020년 7월 22일 16시,수요일,대전광역시 서구 탄방동,경상사고,0,0,1,0,차대차 - 기타,교차로운행방법위반,건조,맑음,교차로 - 교차로안,승용,여,31세,상해없음,승용,여,32세,경상
2020072200100463,2020년 7월 22일 17시,수요일,대전광역시 서구 용문동,경상사고,0,0,1,0,차대차 - 측면충돌,안전운전불이행,건조,맑음,교차로 - 교차로안,승용,남,73세,상해없음,승용,여,28세,경상
2020072200100583,2020년 7월 22일 20시,수요일,대전광역시 동구 판암동,경상사고,0,0,1,0,차대차 - 측면충돌,교차로운행방법위반,건조,맑음,교차로 - 교차로안,자전거,남,13세,경상,승용,남,57세,상해없음
2020072200100584,2020년 7월 22일 20시,수요일,대전광역시 서구 매노동,사망사고,1,0,0,0,차대사람 - 횡단중,안전운전불이행,건조,맑음,교차로 - 교차로부근,화물,남,58세,상해없음,보행자,여,62세,사망
2020072200100585,2020년 7월 22일 20시,수요일,대전광역시 서구 도마동,경상사고,0,0,1,0,차대차 - 측면충돌,안전운전불이행,건조,맑음,교차로 - 교차로안,승용,기타불명,미분류,기타불명,승용,남,34세,경상
2020072200100644,2020년 7월 22일 22시,수요일,대전광역시 동구 용운동,경상사고,0,0,2,0,차대차 - 추돌,안전운전불이행,젖음/습기,맑음,교차로 - 교차로부근,승용,남,28세,상해없음,승용,남,63세,경상
2020072200100645,2020년 7월 22일 22시,수요일,대전광역시 서구 둔산동,경상사고,0,0,2,0,차대차 - 기타,교차로운행방법위반,건조,기타,교차로 - 교차로부근,승용,남,31세,상해없음,승용,남,21세,상해없음
2020072200100646,2020년 7월 22일 22시,수요일,대전광역시 유성구 궁동,경상사고,0,0,1,1,차대차 - 측면충돌,신호위반,건조,맑음,단일로 - 기타,승용,남,22세,상해없음,승용,남,38세,경상
2020072200100647,2020년 7월 22일 22시,수요일,대전광역시 유성구 봉명동,중상사고,0,1,1,0,차대차 - 측면충돌,신호위반,건조,맑음,교차로 - 교차로안,승용,남,57세,상해없음,승용,남,35세,경상
2020072200100671,2020년 7월 22일 23시,수요일,대전광역시 중구 문화동,중상사고,0,1,0,0,차대차 - 추돌,안전운전불이행,건조,맑음,단일로 - 기타,승합,남,35세,상해없음,자전거,남,50세,중상
2020072200100672,2020년 7월 22일 23시,수요일,대전광역시 유성구 상대동,중상사고,0,1,0,0,차대사람 - 횡단중,안전운전불이행,건조,맑음,단일로 - 기타,승용,남,40세,상해없음,보행자,남,17세,중상
2020072200100673,2020년 7월 22일 23시,수요일,대전광역시 유성구 봉명동,경상사고,0,0,1,0,차대차 - 측면충돌,신호위반,젖음/습기,비,교차로 - 교차로안,승용,여,61세,상해없음,승용,남,37세,경상
2020072300100028,2020년 7월 23일 01시,목요일,대전광역시 중구 태평동,중상사고,0,1,0,0,차대차 - 측면충돌,중앙선침범,젖음/습기,비,교차로 - 교차로안,승용,남,30세,상해없음,승용,여,57세,중상
2020072300100043,2020년 7월 23일 03시,목요일,대전광역시 서구 둔산동,경상사고,0,0,2,1,차대차 - 기타,신호위반,젖음/습기,비,교차로 - 교차로안,승용,남,20세,상해없음,승용,남,45세,경상
2020072300100044,2020년 7월 23일 03시,목요일,대전광역시 서구 갈마동,경상사고,0,0,1,0,차대차 - 추돌,안전운전불이행,젖음/습기,비,교차로 - 교차로부근,승용,여,53세,상해없음,승용,남,24세,경상
2020072300100094,2020년 7월 23일 07시,목요일,대전광역시 유성구 원내동,경상사고,0,0,1,0,차대차 - 측면충돌,안전운전불이행,젖음/습기,비,교차로 - 교차로부근,승용,남,56세,기타불명,건설기계,남,55세,경상
2020072300100128,2020년 7월 23일 08시,목요일,대전광역시 동구 원동,경상사고,0,0,1,0,차대차 - 측면충돌,안전운전불이행,젖음/습기,비,단일로 - 기타,승용,여,47세,상해없음,화물,남,47세,경상
2020072300100149,2020년 7월 23일 09시,목요일,대전광역시 중구 대흥동,경상사고,0,0,1,0,차대차 - 기타,안전운전불이행,젖음/습기,비,교차로 - 교차로안,승용,남,25세,상해없음,승용,여,36세,경상
2020072300100199,2020년 7월 23일 11시,목요일,대전광역시 유성구 반석동,경상사고,0,0,3,0,차대차 - 기타,직진우회전진행방해,젖음/습기,비,교차로 - 교차로안,승용,여,32세,경상,승용,남,37세,경상
2020072300100230,2020년 7월 23일 12시,목요일,대전광역시 동구 인동,경상사고,0,0,1,0,차대차 - 측면충돌,교차로운행방법위반,건조,맑음,교차로 - 교차로안,승용,여,49세,상해없음,승용,남,34세,경상
2020072300100231,2020년 7월 23일 12시,목요일,대전광역시 유성구 방동,부상신고사고,0,0,0,3,차대차 - 추돌,안전운전불이행,젖음/습기,비,단일로 - 기타,승합,남,55세,기타불명,화물,남,45세,부상신고
2020072300100294,2020년 7월 23일 14시,목요일,대전광역시 동구 대성동,경상사고,0,0,1,0,차대차 - 추돌,안전운전불이행,젖음/습기,비,교차로 - 교차로부근,승용,남,53세,상해없음,화물,남,49세,경상
2020072300100295,2020년 7월 23일 14시,목요일,대전광역시 대덕구 문평동,중상사고,0,1,1,0,차대차 - 측면충돌,신호위반,젖음/습기,비,교차로 - 교차로안,승용,남,62세,상해없음,승용,남,61세,경상
2020072300100326,2020년 7월 23일 15시,목요일,대전광역시 서구 복수동,경상사고,0,0,1,0,차대차 - 측면충돌,신호위반,젖음/습기,비,교차로 - 교차로안,화물,남,65세,상해없음,승용,여,37세,경상
2020072300100363,2020년 7월 23일 16시,목요일,대전광역시 중구 중촌동,경상사고,0,0,1,0,차대차 - 측면충돌,신호위반,젖음/습기,비,단일로 - 지하차도(도로)내,승용,남,53세,상해없음,승용,남,50세,경상
2020072300100408,2020년 7월 23일 17시,목요일,대전광역시 중구 대흥동,경상사고,0,0,1,0,차대차 - 기타,안전거리미확보,젖음/습기,흐림,단일로 - 기타,승용,남,30세,상해없음,이륜,남,22세,경상
2020072300100409,2020년 7월 23일 17시,목요일,대전광역시 유성구 봉명동,경상사고,0,0,1,0,차대차 - 기타,안전운전불이행,건조,맑음,단일로 - 기타,자전거,남,55세,경상,승용,남,59세,상해없음
2020072300100462,2020년 7월 23일 18시,목요일,대전광역시 유성구 장대동,경상사고,0,0,1,0,차대차 - 추돌,안전운전불이행,건조,맑음,단일로 - 기타,이륜,남,40세,상해없음,승용,남,26세,경상
2020072300100507,2020년 7월 23일 19시,목요일,대전광역시 서구 가수원동,경상사고,0,0,1,0,차대차 - 기타,안전운전불이행,젖음/습기,비,교차로 - 교차로부근,승용,여,43세,상해없음,이륜,남,42세,경상
2020072300100508,2020년 7월 23일 19시,목요일,대전광역시 서구 가수원동,경상사고,0,0,2,0,차대차 - 기타,안전운전불이행,젖음/습기,비,교차로 - 교차로부근,이륜,남,30세,경상,승용,여,54세,경상
2020072300100509,2020년 7월 23일 19시,목요일,대전광역시 유성구 계산동,경상사고,0,0,1,0,차대차 - 측면충돌,안전운전불이행,건조,맑음,단일로 - 기타,승용,남,37세,상해없음,이륜,남,29세,경상
2020072300100510,2020년 7월 23일 19시,목요일,대전광역시 유성구 장대동,경상사고,0,0,1,0,차대차 - 기타,안전거리미확보,젖음/습기,비,교차로 - 교차로부근,승용,남,62세,상해없음,승용,여,25세,경상
2020072300100511,2020년 7월 23일 19시,목요일,대전광역시 유성구 도룡동,중상사고,0,1,0,0,차대차 - 기타,신호위반,젖음/습기,비,교차로 - 교차로안,승용,남,64세,상해없음,이륜,남,35세,중상
2020072300100565,2020년 7월 23일 20시,목요일,대전광역시 중구 부사동,경상사고,0,0,2,0,차대사람 - 기타,신호위반,젖음/습기,비,교차로 - 교차로횡단보도내,승용,여,46세,상해없음,보행자,남,17세,경상
2020072300100566,2020년 7월 23일 20시,목요일,대전광역시 중구 오류동,부상신고사고,0,0,0,1,차대사람 - 기타,안전운전불이행,젖음/습기,비,단일로 - 기타,승용,남,36세,상해없음,보행자,남,47세,부상신고
2020072300100567,2020년 7월 23일 20시,목요일,대전광역시 대덕구 중리동,경상사고,0,0,1,0,차대사람 - 횡단중,보행자보호의무위반,젖음/습기,비,교차로 - 교차로횡단보도내,승용,남,42세,상해없음,보행자,여,24세,경상
2020072300100612,2020년 7월 23일 21시,목요일,대전광역시 서구 변동,경상사고,0,0,1,0,차대차 - 추돌,안전운전불이행,젖음/습기,비,교차로 - 교차로부근,기타불명,기타불명,미분류,기타불명,승용,여,28세,경상
2020072300100613,2020년 7월 23일 21시,목요일,대전광역시 대덕구 중리동,경상사고,0,0,1,0,차대차 - 기타,안전운전불이행,젖음/습기,비,기타 - 기타,화물,여,56세,기타불명,이륜,남,45세,경상
2020072300100614,2020년 7월 23일 21시,목요일,대전광역시 서구 둔산동,경상사고,0,0,1,0,차대사람 - 기타,보행자보호의무위반,젖음/습기,비,단일로 - 기타,승용,여,58세,상해없음,보행자,여,20세,상해없음
2020072300100615,2020년 7월 23일 21시,목요일,대전광역시 유성구 지족동,중상사고,0,1,0,0,차대사람 - 기타,안전운전불이행,젖음/습기,비,단일로 - 기타,승용,남,39세,상해없음,보행자,남,13세,중상
2020072300100616,2020년 7월 23일 21시,목요일,대전광역시 유성구 둔곡동,경상사고,0,0,1,0,차대차 - 기타,안전운전불이행,젖음/습기,비,단일로 - 기타,승용,남,30세,상해없음,승용,남,38세,경상
2020072300100617,2020년 7월 23일 21시,목요일,대전광역시 유성구 봉명동,경상사고,0,0,1,0,차대사람 - 기타,보행자보호의무위반,젖음/습기,비,교차로 - 교차로안,기타불명,기타불명,미분류,기타불명,보행자,남,29세,경상
2020072300100662,2020년 7월 23일 22시,목요일,대전광역시 서구 둔산동,경상사고,0,0,3,0,차대차 - 기타,신호위반,젖음/습기,비,교차로 - 교차로안,승용,남,21세,상해없음,승용,남,41세,경상
2020072300100663,2020년 7월 23일 22시,목요일,대전광역시 서구 만년동,경상사고,0,0,1,0,차대차 - 추돌,안전운전불이행,건조,맑음,교차로 - 교차로부근,승용,여,42세,상해없음,승용,남,32세,경상
2020072300100699,2020년 7월 23일 23시,목요일,대전광역시 대덕구 송촌동,경상사고,0,0,1,0,차대차 - 기타,안전운전불이행,젖음/습기,비,교차로 - 교차로안,승용,남,68세,상해없음,개인형이동수단(PM),남,23세,경상
2020072400100019,2020년 7월 24일 00시,금요일,대전광역시 서구 괴정동,경상사고,0,0,1,0,차대차 - 측면충돌,안전운전불이행,건조,맑음,단일로 - 기타,승용,남,34세,상해없음,승용,남,61세,경상
2020072400100020,2020년 7월 24일 00시,금요일,대전광역시 대덕구 송촌동,중상사고,0,1,0,0,차대사람 - 기타,안전운전불이행,건조,맑음,단일로 - 기타,화물,남,27세,상해없음,보행자,남,17세,중상
2020072400100021,2020년 7월 24일 00시,금요일,대전광역시 서구 월평동,경상사고,0,0,1,0,차대차 - 기타,안전운전불이행,건조,맑음,단일로 - 기타,승용,남,34세,상해없음,승용,남,63세,경상
2020072400100060,2020년 7월 24일 05시,금요일,대전광역시 유성구 봉명동,중상사고,0,1,0,0,차대차 - 측면충돌,안전운전불이행,젖음/습기,비,교차로 - 교차로횡단보도내,승용,남,67세,상해없음,원동기,남,37세,중상
2020072400100066,2020년 7월 24일 06시,금요일,대전광역시 대덕구 오정동,경상사고,0,0,1,0,차대차 - 측면충돌,기타,젖음/습기,비,교차로 - 교차로안,승용,남,51세,기타불명,화물,남,40세,경상
2020072400100107,2020년 7월 24일 08시,금요일,대전광역시 서구 내동,경상사고,0,0,1,0,차대차 - 측면충돌,안전운전불이행,젖음/습기,비,단일로 - 기타,화물,남,66세,상해없음,승합,남,49세,경상
2020072400100108,2020년 7월 24일 08시,금요일,대전광역시 대덕구 평촌동,중상사고,0,1,1,0,차대차 - 추돌,안전운전불이행,젖음/습기,비,단일로 - 기타,승용,남,23세,상해없음,승용,남,49세,경상
2020072400100109,2020년 7월 24일 08시,금요일,대전광역시 서구 둔산동,중상사고,0,1,2,0,차대차 - 추돌,안전운전불이행,건조,맑음,단일로 - 기타,승용,남,45세,상해없음,승용,남,67세,중상
2020072400100135,2020년 7월 24일 09시,금요일,대전광역시 대덕구 읍내동,경상사고,0,0,1,0,차대차 - 기타,신호위반,젖음/습기,비,교차로 - 교차로안,승용,남,49세,상해없음,자전거,남,86세,경상
2020072400100163,2020년 7월 24일 10시,금요일,대전광역시 서구 관저동,경상사고,0,0,1,0,차대사람 - 횡단중,안전운전불이행,건조,맑음,교차로 - 교차로부근,이륜,남,68세,상해없음,보행자,여,77세,경상
2020072400100164,2020년 7월 24일 10시,금요일,대전광역시 서구 갈마동,경상사고,0,0,1,3,차대차 - 기타,안전운전불이행,건조,맑음,교차로 - 교차로안,승용,남,77세,상해없음,승용,남,23세,경상
2020072400100196,2020년 7월 24일 11시,금요일,대전광역시 서구 만년동,경상사고,0,0,1,3,차대차 - 기타,안전운전불이행,건조,맑음,단일로 - 기타,승용,남,41세,부상신고,승용,여,18세,부상신고
2020072400100197,2020년 7월 24일 11시,금요일,대전광역시 유성구 장대동,경상사고,0,0,1,0,차대차 - 측면충돌,안전거리미확보,건조,맑음,교차로 - 교차로부근,승용,남,52세,상해없음,승용,여,47세,경상
2020072400100280,2020년 7월 24일 14시,금요일,대전광역시 서구 괴정동,중상사고,0,1,0,0,차량단독 - 기타,안전거리미확보,젖음/습기,비,단일로 - 기타,승합,남,51세,상해없음,,,,
2020072400100317,2020년 7월 24일 15시,금요일,대전광역시 서구 변동,경상사고,0,0,2,0,차대차 - 기타,신호위반,젖음/습기,비,교차로 - 교차로안,승용,여,52세,상해없음,승용,여,57세,경상
2020072400100397,2020년 7월 24일 17시,금요일,대전광역시 중구 대흥동,중상사고,0,1,0,0,차대차 - 기타,중앙선침범,건조,흐림,단일로 - 기타,자전거,남,56세,중상,승용,남,77세,상해없음
2020072400100457,2020년 7월 24일 18시,금요일,대전광역시 중구 중촌동,경상사고,0,0,1,0,차대사람 - 기타,안전운전불이행,건조,맑음,단일로 - 기타,승용,남,62세,상해없음,보행자,여,62세,경상
2020072400100458,2020년 7월 24일 18시,금요일,대전광역시 서구 용문동,경상사고,0,0,1,0,차대차 - 측면충돌,안전거리미확보,건조,맑음,단일로 - 기타,승용,남,26세,상해없음,승용,남,46세,경상
2020072400100459,2020년 7월 24일 18시,금요일,대전광역시 대덕구 오정동,경상사고,0,0,1,0,차대차 - 측면충돌,교차로운행방법위반,건조,맑음,교차로 - 교차로안,승용,여,62세,상해없음,승용,남,28세,경상
2020072400100490,2020년 7월 24일 19시,금요일,대전광역시 중구 유천동,경상사고,0,0,1,0,차대차 - 기타,안전운전불이행,건조,맑음,단일로 - 기타,승합,남,61세,상해없음,승용,여,29세,경상
2020072400100491,2020년 7월 24일 19시,금요일,대전광역시 유성구 장대동,중상사고,0,1,0,0,차대차 - 기타,안전거리미확보,건조,맑음,단일로 - 기타,승용,남,64세,상해없음,이륜,남,20세,중상
2020072400100534,2020년 7월 24일 20시,금요일,대전광역시 중구 문화동,경상사고,0,0,1,0,차대사람 - 횡단중,안전운전불이행,젖음/습기,비,단일로 - 기타,승용,남,62세,상해없음,보행자,남,82세,경상
2020072400100535,2020년 7월 24일 20시,금요일,대전광역시 중구 문화동,경상사고,0,0,1,0,차대사람 - 횡단중,보행자보호의무위반,젖음/습기,비,교차로 - 교차로횡단보도내,승용,여,22세,상해없음,보행자,여,50세,경상
2020072400100536,2020년 7월 24일 20시,금요일,대전광역시 동구 가양동,경상사고,0,0,1,0,차대차 - 기타,안전운전불이행,건조,맑음,교차로 - 교차로부근,이륜,남,24세,경상,승용,남,51세,상해없음
2020072400100537,2020년 7월 24일 20시,금요일,대전광역시 서구 변동,경상사고,0,0,1,0,차대차 - 측면충돌,신호위반,건조,맑음,교차로 - 교차로안,승용,남,23세,상해없음,승용,남,41세,경상
2020072400100538,2020년 7월 24일 20시,금요일,대전광역시 유성구 송강동,경상사고,0,0,1,0,차대차 - 측면충돌,안전운전불이행,건조,맑음,단일로 - 기타,승용,남,31세,상해없음,이륜,남,24세,경상
2020072400100578,2020년 7월 24일 21시,금요일,대전광역시 중구 대사동,경상사고,0,0,3,1,차대차 - 추돌,안전운전불이행,젖음/습기,비,기타 - 기타,승용,남,52세,상해없음,승용,여,42세,경상
2020072500100060,2020년 7월 25일 02시,토요일,대전광역시 대덕구 중리동,중상사고,0,1,0,0,차대사람 - 횡단중,보행자보호의무위반,젖음/습기,비,교차로 - 교차로횡단보도내,승용,남,71세,상해없음,보행자,남,47세,중상
2020072500100080,2020년 7월 25일 03시,토요일,대전광역시 서구 괴정동,경상사고,0,0,2,0,차대차 - 추돌,안전운전불이행,젖음/습기,비,교차로 - 교차로부근,승용,남,39세,상해없음,승용,남,66세,경상
2020072500100145,2020년 7월 25일 08시,토요일,대전광역시 서구 도마동,경상사고,0,0,1,0,차대차 - 추돌,안전운전불이행,건조,맑음,교차로 - 교차로부근,승용,남,25세,상해없음,승용,남,35세,경상
2020072500100227,2020년 7월 25일 11시,토요일,대전광역시 유성구 구암동,경상사고,0,0,1,0,차대차 - 기타,안전거리미확보,건조,맑음,단일로 - 기타,승용,여,63세,상해없음,승용,여,32세,경상
2020072500100302,2020년 7월 25일 13시,토요일,대전광역시 중구 문화동,경상사고,0,0,2,0,차대차 - 측면충돌,안전운전불이행,건조,맑음,단일로 - 고가도로위,승용,남,45세,상해없음,승용,남,57세,경상
2020072500100341,2020년 7월 25일 14시,토요일,대전광역시 유성구 원신흥동,경상사고,0,0,4,0,차대차 - 측면충돌,안전운전불이행,젖음/습기,비,단일로 - 기타,승용,남,54세,경상,승용,여,49세,경상
2020072500100414,2020년 7월 25일 16시,토요일,대전광역시 중구 산성동,경상사고,0,0,4,0,차대차 - 측면충돌,안전운전불이행,건조,맑음,단일로 - 기타,승용,남,60세,상해없음,승용,남,35세,경상
2020072500100448,2020년 7월 25일 17시,토요일,대전광역시 중구 대흥동,경상사고,0,0,1,0,차대차 - 기타,안전운전불이행,건조,맑음,단일로 - 기타,승용,여,46세,상해없음,승용,여,38세,경상
2020072500100449,2020년 7월 25일 17시,토요일,대전광역시 동구 중동,경상사고,0,0,4,0,차대차 - 기타,안전운전불이행,젖음/습기,흐림,교차로 - 교차로안,승용,남,62세,상해없음,승용,남,34세,경상
2020072500100450,2020년 7월 25일 17시,토요일,대전광역시 대덕구 법동,경상사고,0,0,2,0,차대차 - 기타,교차로운행방법위반,건조,맑음,교차로 - 교차로안,승용,여,53세,상해없음,승용,여,64세,경상
2020072500100451,2020년 7월 25일 17시,토요일,대전광역시 서구 갈마동,중상사고,0,1,0,0,차대차 - 기타,신호위반,젖음/습기,비,교차로 - 교차로안,승용,남,49세,상해없음,승용,남,59세,중상
2020072500100481,2020년 7월 25일 18시,토요일,대전광역시 유성구 관평동,중상사고,0,1,0,0,차대차 - 기타,안전거리미확보,젖음/습기,맑음,교차로 - 교차로부근,승용,여,24세,상해없음,이륜,남,28세,중상
2020072500100482,2020년 7월 25일 18시,토요일,대전광역시 유성구 문지동,경상사고,0,0,4,0,차대차 - 측면충돌,안전운전불이행,건조,맑음,단일로 - 기타,이륜,남,44세,상해없음,승용,남,42세,경상
2020072500100517,2020년 7월 25일 19시,토요일,대전광역시 서구 도마동,경상사고,0,0,1,0,차대차 - 측면충돌,교차로운행방법위반,건조,맑음,교차로 - 교차로안,승용,남,64세,상해없음,이륜,남,59세,경상
2020072500100560,2020년 7월 25일 20시,토요일,대전광역시 중구 석교동,경상사고,0,0,1,0,차대차 - 추돌,안전운전불이행,건조,맑음,단일로 - 기타,승용,남,55세,상해없음,승용,남,26세,경상
2020072500100561,2020년 7월 25일 20시,토요일,대전광역시 중구 문화동,경상사고,0,0,4,0,차대차 - 기타,안전운전불이행,건조,맑음,단일로 - 기타,승용,남,55세,상해없음,승용,남,24세,경상
2020072500100585,2020년 7월 25일 21시,토요일,대전광역시 서구 내동,경상사고,0,0,2,0,차대차 - 추돌,안전운전불이행,건조,맑음,단일로 - 기타,이륜,남,49세,상해없음,승용,남,37세,경상
2020072500100586,2020년 7월 25일 21시,토요일,대전광역시 서구 도마동,경상사고,0,0,2,0,차대차 - 추돌,안전운전불이행,건조,맑음,교차로 - 교차로안,승용,남,44세,상해없음,승용,남,19세,경상
2020072500100587,2020년 7월 25일 21시,토요일,대전광역시 유성구 봉명동,경상사고,0,0,1,0,차대차 - 추돌,안전운전불이행,젖음/습기,흐림,기타 - 기타,승용,남,68세,상해없음,승용,여,64세,경상
2020072500100616,2020년 7월 25일 22시,토요일,대전광역시 유성구 지족동,경상사고,0,0,1,0,차대차 - 추돌,안전운전불이행,젖음/습기,비,단일로 - 기타,승용,남,77세,상해없음,승용,남,46세,경상
2020072600100097,2020년 7월 26일 08시,일요일,대전광역시 중구 문화동,경상사고,0,0,2,0,차대차 - 추돌,안전운전불이행,건조,맑음,단일로 - 기타,승용,남,33세,상해없음,승용,남,60세,경상
2020072600100126,2020년 7월 26일 10시,일요일,대전광역시 동구 중동,경상사고,0,0,1,0,차량단독 - 공작물충돌,안전운전불이행,건조,흐림,교차로 - 교차로안,승용,여,65세,상해없음,,,,
2020072600100242,2020년 7월 26일 14시,일요일,대전광역시 동구 원동,경상사고,0,0,1,0,차대차 - 기타,교차로운행방법위반,건조,맑음,교차로 - 교차로안,승용,남,61세,상해없음,이륜,남,37세,경상
2020072600100270,2020년 7월 26일 15시,일요일,대전광역시 서구 탄방동,경상사고,0,0,2,0,차대차 - 추돌,안전운전불이행,건조,맑음,교차로 - 교차로부근,승용,남,63세,상해없음,승용,남,24세,경상
2020072600100271,2020년 7월 26일 15시,일요일,대전광역시 서구 갈마동,경상사고,0,0,1,0,차대차 - 기타,안전운전불이행,건조,맑음,교차로 - 교차로안,승용,남,30세,기타불명,승용,여,36세,경상
2020072600100308,2020년 7월 26일 16시,일요일,대전광역시 중구 안영동,경상사고,0,0,1,0,차대차 - 측면충돌,직진우회전진행방해,건조,맑음,교차로 - 교차로안,승용,남,29세,상해없음,승용,여,60세,경상
2020072600100332,2020년 7월 26일 17시,일요일,대전광역시 서구 갈마동,경상사고,0,0,1,0,차대사람 - 기타,안전운전불이행,건조,맑음,단일로 - 기타,승용,남,55세,상해없음,보행자,여,10세,경상
2020072600100423,2020년 7월 26일 21시,일요일,대전광역시 서구 갈마동,중상사고,0,1,0,0,차대사람 - 기타,안전운전불이행,건조,맑음,교차로 - 교차로안,승용,여,33세,상해없음,보행자,남,62세,중상
2020072600100424,2020년 7월 26일 21시,일요일,대전광역시 유성구 지족동,중상사고,0,1,0,0,차대차 - 기타,안전운전불이행,건조,맑음,단일로 - 기타,승용,남,19세,상해없음,이륜,남,49세,중상
2020072600100437,2020년 7월 26일 22시,일요일,대전광역시 유성구 반석동,중상사고,0,1,0,0,차량단독 - 기타,기타,건조,맑음,단일로 - 기타,승합,남,44세,상해없음,,,,
2020072600100453,2020년 7월 26일 23시,일요일,대전광역시 중구 중촌동,경상사고,0,0,3,0,차대차 - 추돌,안전운전불이행,건조,맑음,단일로 - 기타,자전거,남,45세,상해없음,승합,남,52세,경상
2020072600100454,2020년 7월 26일 23시,일요일,대전광역시 유성구 구암동,경상사고,0,0,1,0,차대차 - 측면충돌,신호위반,건조,맑음,교차로 - 교차로안,승용,여,49세,상해없음,승용,여,31세,경상
2020072700100008,2020년 7월 27일 00시,월요일,대전광역시 서구 갈마동,중상사고,0,1,1,0,차대차 - 기타,신호위반,건조,흐림,교차로 - 교차로안,승용,남,54세,상해없음,승용,여,51세,경상
2020072700100074,2020년 7월 27일 07시,월요일,대전광역시 대덕구 법동,경상사고,0,0,1,0,차대사람 - 기타,안전운전불이행,건조,맑음,기타 - 기타,화물,여,63세,상해없음,보행자,여,61세,경상
2020072700100075,2020년 7월 27일 07시,월요일,대전광역시 유성구 송강동,경상사고,0,0,1,0,차대차 - 측면충돌,신호위반,건조,맑음,교차로 - 교차로안,화물,여,54세,상해없음,승용,남,46세,경상
2020072700100185,2020년 7월 27일 10시,월요일,대전광역시 서구 가수원동,중상사고,0,1,0,0,차대차 - 정면충돌,과속,건조,맑음,교차로 - 교차로안,승용,남,34세,상해없음,화물,남,35세,중상
2020072700100223,2020년 7월 27일 11시,월요일,대전광역시 중구 대사동,중상사고,0,1,0,0,차대사람 - 기타,안전운전불이행,건조,맑음,교차로 - 교차로부근,승용,여,41세,상해없음,보행자,남,73세,중상