사고번호,사고일시,요일,시군구,사고내용,사망자수,중상자수,경상자수,부상신고자수,사고유형,법규위반,노면상태,기상상태,도로형태,가해운전자 차종,가해운전자 성별,가해운전자 연령,가해운전자 상해정도,피해운전자 차종,피해운전자 성별,피해운전자 연령,피해운전자 상해정도
2020080200100258,2020년 8월 2일 16시,일요일,대전광역시 동구 판암동,경상사고,0,0,1,0,차대차 - 추돌,안전거리미확보,건조,맑음,단일로 - 기타,승용,여,36세,상해없음,승용,여,37세,경상
2020080200100359,2020년 8월 2일 20시,일요일,대전광역시 서구 관저동,중상사고,0,2,0,0,차대차 - 측면충돌,신호위반,건조,맑음,교차로 - 교차로안,화물,남,55세,기타불명,승용,남,56세,중상
2020080300100079,2020년 8월 3일 07시,월요일,대전광역시 유성구 지족동,중상사고,0,1,0,0,차대차 - 기타,신호위반,건조,맑음,교차로 - 교차로안,승용,여,57세,상해없음,승용,여,46세,중상
2020080300100110,2020년 8월 3일 08시,월요일,대전광역시 중구 부사동,경상사고,0,0,1,0,차대차 - 기타,안전운전불이행,건조,맑음,교차로 - 교차로안,승용,남,80세,상해없음,승용,여,41세,경상
2020080300100165,2020년 8월 3일 10시,월요일,대전광역시 동구 낭월동,경상사고,0,0,3,0,차대차 - 추돌,안전운전불이행,건조,맑음,단일로 - 기타,승용,여,54세,경상,승용,남,38세,경상
2020080300100242,2020년 8월 3일 12시,월요일,대전광역시 중구 유천동,중상사고,0,1,0,0,차대차 - 측면충돌,신호위반,건조,맑음,단일로 - 기타,화물,남,57세,상해없음,원동기,남,67세,중상
2020080300100243,2020년 8월 3일 12시,월요일,대전광역시 유성구 구암동,경상사고,0,0,3,0,차대차 - 추돌,안전운전불이행,건조,맑음,단일로 - 기타,승용,여,60세,상해없음,승용,남,40세,경상
2020080300100279,2020년 8월 3일 13시,월요일,대전광역시 유성구 지족동,경상사고,0,0,1,0,차대차 - 측면충돌,신호위반,젖음/습기,비,교차로 - 교차로횡단보도내,기타불명,기타불명,미분류,기타불명,자전거,남,8세,경상
2020080300100355,2020년 8월 3일 15시,월요일,대전광역시 동구 가양동,경상사고,0,0,1,0,차대차 - 추돌,안전운전불이행,건조,맑음,교차로 - 교차로부근,승용,남,23세,상해없음,특수,남,51세,경상
2020080300100426,2020년 8월 3일 17시,월요일,대전광역시 서구 용문동,경상사고,0,0,1,0,차량단독 - 기타,안전운전불이행,건조,맑음,단일로 - 기타,승합,남,38세,상해없음,,,,
2020080300100466,2020년 8월 3일 18시,월요일,대전광역시 서구 둔산동,중상사고,0,1,1,0,차대차 - 기타,과속,젖음/습기,비,교차로 - 교차로안,이륜,남,36세,경상,승용,여,43세,중상
2020080300100494,2020년 8월 3일 19시,월요일,대전광역시 유성구 원신흥동,경상사고,0,0,1,0,차량단독 - 기타,안전운전불이행,젖음/습기,비,단일로 - 기타,이륜,남,34세,경상,,,,
2020080300100529,2020년 8월 3일 20시,월요일,대전광역시 유성구 신성동,경상사고,0,0,1,0,차대차 - 기타,안전운전불이행,젖음/습기,비,교차로 - 교차로안,승용,여,63세,상해없음,이륜,남,24세,경상
2020080300100544,2020년 8월 3일 21시,월요일,대전광역시 대덕구 중리동,경상사고,0,0,1,0,차대차 - 측면충돌,신호위반,건조,맑음,교차로 - 교차로안,승용,남,72세,상해없음,이륜,여,25세,경상
2020080300100545,2020년 8월 3일 21시,월요일,대전광역시 서구 탄방동,중상사고,0,1,0,0,차대사람 - 횡단중,중앙선침범,젖음/습기,비,교차로 - 교차로횡단보도내,승용,남,48세,상해없음,보행자,여,4세,중상
2020080300100567,2020년 8월 3일 22시,월요일,대전광역시 서구 변동,경상사고,0,0,2,0,차대사람 - 기타,신호위반,건조,맑음,단일로 - 기타,승용,남,36세,상해없음,보행자,여,39세,경상
2020080400100075,2020년 8월 4일 07시,화요일,대전광역시 중구 문창동,경상사고,0,0,1,0,차대사람 - 기타,안전운전불이행,건조,맑음,기타 - 기타,화물,남,42세,상해없음,보행자,남,84세,경상
2020080400100076,2020년 8월 4일 07시,화요일,대전광역시 중구 용두동,경상사고,0,0,1,0,차대차 - 기타,안전운전불이행,젖음/습기,맑음,기타 - 기타,화물,남,65세,상해없음,승용,여,49세,경상
2020080400100077,2020년 8월 4일 07시,화요일,대전광역시 유성구 화암동,경상사고,0,0,3,0,차대차 - 기타,안전거리미확보,건조,맑음,단일로 - 기타,승용,여,44세,상해없음,승용,남,38세,경상
2020080400100126,2020년 8월 4일 09시,화요일,대전광역시 서구 둔산동,중상사고,0,1,0,0,차대차 - 추돌,안전운전불이행,건조,맑음,단일로 - 기타,승용,남,54세,상해없음,승용,여,34세,중상
2020080400100218,2020년 8월 4일 12시,화요일,대전광역시 서구 내동,경상사고,0,0,1,0,차대차 - 기타,안전운전불이행,건조,맑음,교차로 - 교차로안,승용,남,69세,상해없음,자전거,남,68세,경상
2020080400100219,2020년 8월 4일 12시,화요일,대전광역시 서구 둔산동,경상사고,0,0,2,0,차대차 - 정면충돌,신호위반,건조,맑음,교차로 - 교차로안,이륜,남,39세,상해없음,승용,여,44세,경상
2020080400100264,2020년 8월 4일 13시,화요일,대전광역시 유성구 용산동,경상사고,0,0,2,0,차대차 - 추돌,안전운전불이행,건조,맑음,교차로 - 교차로안,화물,남,37세,상해없음,승용,여,44세,경상
2020080400100440,2020년 8월 4일 18시,화요일,대전광역시 서구 관저동,경상사고,0,0,1,0,차대차 - 기타,안전운전불이행,젖음/습기,비,교차로 - 교차로안,승용,여,51세,상해없음,승용,여,42세,경상
2020080400100442,2020년 8월 4일 18시,화요일,대전광역시 유성구 복용동,경상사고,0,0,1,0,차대차 - 기타,안전거리미확보,젖음/습기,비,단일로 - 기타,승용,남,41세,상해없음,승용,여,31세,경상
2020080400100473,2020년 8월 4일 19시,화요일,대전광역시 동구 홍도동,경상사고,0,0,4,0,차대차 - 측면충돌,안전운전불이행,건조,맑음,단일로 - 기타,이륜,남,34세,경상,승용,남,27세,경상
2020080400100474,2020년 8월 4일 19시,화요일,대전광역시 서구 용문동,경상사고,0,0,3,0,차대차 - 측면충돌,안전운전불이행,젖음/습기,비,교차로 - 교차로부근,승용,여,31세,상해없음,승용,남,59세,경상
2020080400100475,2020년 8월 4일 19시,화요일,대전광역시 서구 탄방동,경상사고,0,0,1,0,차대차 - 측면충돌,안전운전불이행,젖음/습기,비,교차로 - 교차로안,승용,여,50세,상해없음,승용,남,24세,경상
2020080400100510,2020년 8월 4일 20시,화요일,대전광역시 중구 부사동,경상사고,0,0,2,0,차대차 - 측면충돌,안전운전불이행,건조,맑음,단일로 - 기타,승용,여,20세,상해없음,승용,남,55세,경상
2020080400100511,2020년 8월 4일 20시,화요일,대전광역시 동구 용전동,부상신고사고,0,0,0,1,차대사람 - 차도통행중,안전운전불이행,건조,맑음,단일로 - 기타,승용,남,75세,상해없음,보행자,여,64세,부상신고
2020080400100512,2020년 8월 4일 20시,화요일,대전광역시 서구 갈마동,중상사고,0,1,0,0,차대차 - 기타,안전운전불이행,건조,맑음,단일로 - 기타,승용,여,24세,상해없음,승용,남,24세,중상
2020080400100536,2020년 8월 4일 21시,화요일,대전광역시 동구 삼정동,경상사고,0,0,2,0,차대차 - 기타,과속,건조,흐림,교차로 - 교차로부근,승용,남,25세,경상,승용,여,64세,상해없음
2020080400100537,2020년 8월 4일 21시,화요일,대전광역시 서구 가수원동,경상사고,0,0,1,0,차대차 - 추돌,안전운전불이행,젖음/습기,비,교차로 - 교차로부근,승용,남,19세,상해없음,화물,남,43세,경상
2020080400100587,2020년 8월 4일 23시,화요일,대전광역시 서구 갈마동,경상사고,0,0,5,0,차대차 - 기타,안전운전불이행,건조,맑음,교차로 - 교차로안,승용,남,27세,경상,승용,여,50세,상해없음
2020080500100048,2020년 8월 5일 05시,수요일,대전광역시 동구 성남동,중상사고,0,1,1,0,차대차 - 추돌,중앙선침범,건조,맑음,단일로 - 기타,승용,남,62세,상해없음,승용,남,52세,중상
2020080500100096,2020년 8월 5일 08시,수요일,대전광역시 서구 월평동,중상사고,0,1,1,0,차대차 - 기타,안전운전불이행,건조,맑음,교차로 - 교차로횡단보도내,승용,남,72세,상해없음,자전거,여,64세,중상
2020080500100116,2020년 8월 5일 09시,수요일,대전광역시 동구 대동,경상사고,0,0,1,0,차대차 - 정면충돌,안전운전불이행,건조,맑음,교차로 - 교차로안,이륜,남,68세,경상,승용,남,49세,상해없음
2020080500100177,2020년 8월 5일 11시,수요일,대전광역시 동구 삼성동,경상사고,0,0,1,0,차대차 - 측면충돌,안전거리미확보,건조,맑음,교차로 - 교차로부근,승용,남,47세,상해없음,화물,남,52세,경상
2020080500100178,2020년 8월 5일 11시,수요일,대전광역시 서구 도안동,경상사고,0,0,2,0,차대차 - 추돌,안전운전불이행,건조,맑음,단일로 - 기타,승용,여,62세,상해없음,승용,여,57세,경상
2020080500100212,2020년 8월 5일 12시,수요일,대전광역시 중구 태평동,중상사고,0,1,0,0,차대사람 - 횡단중,신호위반,젖음/습기,비,교차로 - 교차로횡단보도내,승용,여,78세,상해없음,보행자,여,71세,중상
2020080500100213,2020년 8월 5일 12시,수요일,대전광역시 서구 용문동,중상사고,0,3,3,0,차대차 - 추돌,안전운전불이행,젖음/습기,비,단일로 - 기타,승용,여,65세,중상,승용,여,34세,중상
2020080500100343,2020년 8월 5일 16시,수요일,대전광역시 유성구 원내동,경상사고,0,0,1,0,차대차 - 기타,안전운전불이행,건조,맑음,단일로 - 기타,승용,남,79세,상해없음,승용,여,37세,경상
2020080500100421,2020년 8월 5일 18시,수요일,대전광역시 서구 탄방동,경상사고,0,0,2,0,차대차 - 기타,안전운전불이행,건조,흐림,교차로 - 교차로안,승용,여,62세,상해없음,승용,남,77세,경상
2020080500100422,2020년 8월 5일 18시,수요일,대전광역시 서구 만년동,부상신고사고,0,0,0,1,차대차 - 측면충돌,교차로운행방법위반,건조,맑음,교차로 - 교차로안,자전거,남,23세,부상신고,승용,여,29세,상해없음
2020080500100490,2020년 8월 5일 20시,수요일,대전광역시 대덕구 오정동,경상사고,0,0,1,0,차대차 - 정면충돌,신호위반,건조,맑음,교차로 - 교차로안,승용,남,54세,상해없음,이륜,남,70세,경상
2020080600100019,2020년 8월 6일 00시,목요일,대전광역시 유성구 안산동,경상사고,0,0,1,0,차대차 - 기타,안전운전불이행,건조,맑음,단일로 - 기타,승용,남,39세,상해없음,승용,남,39세,경상
2020080600100064,2020년 8월 6일 04시,목요일,대전광역시 유성구 봉명동,중상사고,0,1,0,0,차대차 - 정면충돌,중앙선침범,젖음/습기,비,교차로 - 교차로부근,승용,남,31세,상해없음,승용,남,50세,중상
2020080600100121,2020년 8월 6일 08시,목요일,대전광역시 대덕구 연축동,중상사고,0,2,1,0,차대차 - 측면충돌,안전운전불이행,젖음/습기,비,단일로 - 기타,화물,남,62세,상해없음,승합,남,50세,중상
2020080600100169,2020년 8월 6일 09시,목요일,대전광역시 중구 대흥동,경상사고,0,0,2,0,차대차 - 기타,안전운전불이행,젖음/습기,비,단일로 - 기타,승용,여,66세,상해없음,승용,남,65세,경상
2020080600100224,2020년 8월 6일 11시,목요일,대전광역시 유성구 도룡동,경상사고,0,0,3,0,차대차 - 측면충돌,신호위반,젖음/습기,비,단일로 - 기타,승용,남,67세,경상,승용,여,27세,경상
2020080600100251,2020년 8월 6일 12시,목요일,대전광역시 서구 관저동,중상사고,0,1,0,0,차대차 - 측면충돌,안전운전불이행,젖음/습기,비,단일로 - 기타,이륜,남,40세,중상,승용,남,64세,상해없음
2020080600100252,2020년 8월 6일 12시,목요일,대전광역시 유성구 구암동,중상사고,0,1,0,0,차대차 - 기타,교차로운행방법위반,젖음/습기,비,교차로 - 교차로안,화물,남,70세,상해없음,이륜,남,47세,중상
2020080600100284,2020년 8월 6일 13시,목요일,대전광역시 동구 용운동,경상사고,0,0,1,0,차대차 - 기타,안전운전불이행,건조,맑음,교차로 - 교차로횡단보도내,화물,남,47세,상해없음,승합,남,54세,경상
2020080600100326,2020년 8월 6일 14시,목요일,대전광역시 서구 월평동,경상사고,0,0,2,0,차대차 - 추돌,안전운전불이행,건조,맑음,교차로 - 교차로안,승용,남,77세,상해없음,승용,여,25세,경상
2020080600100365,2020년 8월 6일 15시,목요일,대전광역시 동구 인동,경상사고,0,0,1,0,차대사람 - 차도통행중,불법유턴,건조,맑음,단일로 - 기타,화물,남,55세,상해없음,보행자,남,52세,경상
2020080600100366,2020년 8월 6일 15시,목요일,대전광역시 유성구 신봉동,경상사고,0,0,1,0,차대차 - 기타,기타,건조,맑음,교차로 - 교차로횡단보도내,승용,여,54세,상해없음,자전거,여,8세,경상
2020080600100392,2020년 8월 6일 16시,목요일,대전광역시 대덕구 신대동,경상사고,0,0,1,0,차대차 - 측면충돌,안전운전불이행,건조,맑음,단일로 - 기타,화물,남,57세,상해없음,승용,남,49세,경상
2020080600100439,2020년 8월 6일 17시,목요일,대전광역시 유성구 노은동,경상사고,0,0,1,0,차대차 - 측면충돌,안전운전불이행,건조,맑음,단일로 - 기타,승용,남,42세,상해없음,승용,남,63세,경상
2020080600100520,2020년 8월 6일 20시,목요일,대전광역시 서구 괴정동,경상사고,0,0,1,0,차대사람 - 횡단중,안전운전불이행,건조,맑음,교차로 - 교차로횡단보도내,승용,여,27세,상해없음,보행자,남,46세,경상
2020080600100521,2020년 8월 6일 20시,목요일,대전광역시 유성구 봉명동,경상사고,0,0,1,0,차대차 - 측면충돌,안전거리미확보,건조,맑음,단일로 - 기타,승용,여,53세,상해없음,이륜,남,31세,경상
2020080700100020,2020년 8월 7일 00시,금요일,대전광역시 대덕구 중리동,중상사고,0,1,0,0,차대사람 - 횡단중,안전운전불이행,건조,맑음,단일로 - 기타,승용,여,60세,상해없음,보행자,여,83세,중상
2020080700100030,2020년 8월 7일 01시,금요일,대전광역시 서구 월평동,중상사고,0,1,0,0,차량단독 - 전도전복 - 전도,안전운전불이행,젖음/습기,흐림,단일로 - 기타,이륜,남,23세,중상,,,,
2020080700100031,2020년 8월 7일 01시,금요일,대전광역시 서구 둔산동,중상사고,0,2,0,0,차대차 - 기타,신호위반,건조,맑음,교차로 - 교차로안,승용,남,29세,상해없음,승용,남,61세,중상
2020080700100032,2020년 8월 7일 01시,금요일,대전광역시 유성구 대정동,경상사고,0,0,1,0,차대차 - 기타,안전운전불이행,건조,맑음,교차로 - 교차로부근,승용,남,35세,상해없음,승용,남,61세,경상
2020080700100036,2020년 8월 7일 02시,금요일,대전광역시 중구 유천동,경상사고,0,0,1,0,차대사람 - 횡단중,신호위반,건조,흐림,교차로 - 교차로횡단보도내,승용,남,52세,상해없음,보행자,여,28세,경상
2020080700100069,2020년 8월 7일 06시,금요일,대전광역시 중구 태평동,중상사고,0,1,0,0,차대차 - 측면충돌,신호위반,건조,맑음,교차로 - 교차로안,승용,여,28세,상해없음,이륜,남,70세,중상
2020080700100085,2020년 8월 7일 07시,금요일,대전광역시 서구 갈마동,경상사고,0,0,2,3,차대차 - 측면충돌,신호위반,건조,맑음,교차로 - 교차로안,화물,남,41세,부상신고,승합,남,35세,상해없음
2020080700100119,2020년 8월 7일 08시,금요일,대전광역시 중구 유천동,경상사고,0,0,1,0,차대사람 - 기타,안전운전불이행,건조,맑음,기타 - 기타,승용,여,43세,상해없음,보행자,여,35세,경상
2020080700100120,2020년 8월 7일 08시,금요일,대전광역시 서구 괴정동,경상사고,0,0,1,0,차대차 - 기타,신호위반,건조,맑음,교차로 - 교차로안,승용,남,49세,상해없음,승용,남,26세,경상
2020080700100185,2020년 8월 7일 10시,금요일,대전광역시 중구 대사동,경상사고,0,0,2,0,차대차 - 기타,교차로운행방법위반,젖음/습기,비,교차로 - 교차로안,승용,여,47세,상해없음,승용,남,61세,경상
2020080700100186,2020년 8월 7일 10시,금요일,대전광역시 동구 천동,중상사고,0,1,0,0,차량단독 - 기타,안전운전불이행,젖음/습기,비,단일로 - 기타,승합,남,56세,상해없음,,,,
2020080700100217,2020년 8월 7일 11시,금요일,대전광역시 유성구 궁동,경상사고,0,0,1,0,차대차 - 측면충돌,안전운전불이행,건조,맑음,교차로 - 교차로부근,승합,남,63세,상해없음,승용,여,34세,경상
2020080700100240,2020년 8월 7일 12시,금요일,대전광역시 동구 성남동,중상사고,0,1,0,0,차대사람 - 차도통행중,교차로운행방법위반,젖음/습기,비,교차로 - 교차로부근,이륜,남,36세,상해없음,보행자,여,65세,중상
2020080700100241,2020년 8월 7일 12시,금요일,대전광역시 대덕구 신대동,부상신고사고,0,0,0,1,차량단독 - 공작물충돌,안전운전불이행,젖음/습기,비,단일로 - 기타,승합,남,29세,상해없음,,,,
2020080700100301,2020년 8월 7일 14시,금요일,대전광역시 중구 문화동,경상사고,0,0,2,0,차대차 - 기타,안전운전불이행,젖음/습기,비,단일로 - 기타,승용,남,57세,상해없음,승용,남,55세,경상
2020080700100302,2020년 8월 7일 14시,금요일,대전광역시 대덕구 신탄진동,경상사고,0,0,1,0,차대차 - 추돌,교차로운행방법위반,건조,맑음,교차로 - 교차로안,승용,남,49세,기타불명,승용,여,46세,경상
2020080700100347,2020년 8월 7일 15시,금요일,대전광역시 서구 용문동,경상사고,0,0,3,0,차대차 - 측면충돌,안전운전불이행,건조,맑음,단일로 - 기타,승용,여,53세,상해없음,승용,남,26세,경상
2020080700100376,2020년 8월 7일 16시,금요일,대전광역시 대덕구 상서동,경상사고,0,0,1,0,차대차 - 기타,안전운전불이행,건조,맑음,단일로 - 기타,승용,남,55세,기타불명,승용,남,30세,경상
2020080700100377,2020년 8월 7일 16시,금요일,대전광역시 서구 월평동,경상사고,0,0,1,0,차대사람 - 횡단중,보행자보호의무위반,젖음/습기,비,교차로 - 교차로횡단보도내,승용,남,34세,상해없음,보행자,남,45세,경상
2020080700100423,2020년 8월 7일 17시,금요일,대전광역시 서구 월평동,경상사고,0,0,1,0,차대사람 - 기타,안전운전불이행,건조,맑음,주차장 - 주차장,기타불명,기타불명,미분류,기타불명,보행자,여,76세,경상
2020080700100506,2020년 8월 7일 19시,금요일,대전광역시 서구 둔산동,경상사고,0,0,1,0,차대차 - 추돌,신호위반,젖음/습기,비,교차로 - 교차로안,승용,남,43세,상해없음,승용,남,49세,경상
2020080700100543,2020년 8월 7일 20시,금요일,대전광역시 동구 삼성동,경상사고,0,0,1,0,차대차 - 추돌,안전운전불이행,젖음/습기,비,교차로 - 교차로부근,승합,남,45세,상해없음,승용,남,25세,경상
2020080700100544,2020년 8월 7일 20시,금요일,대전광역시 유성구 장대동,중상사고,0,3,0,0,차대차 - 측면충돌,신호위반,젖음/습기,비,교차로 - 교차로안,승용,남,30세,상해없음,승용,남,61세,중상
2020080700100577,2020년 8월 7일 21시,금요일,대전광역시 서구 둔산동,경상사고,0,0,1,0,차대차 - 기타,안전운전불이행,젖음/습기,비,단일로 - 기타,승용,남,27세,상해없음,승용,남,62세,경상
2020080700100605,2020년 8월 7일 22시,금요일,대전광역시 서구 관저동,경상사고,0,0,1,0,차대차 - 측면충돌,교차로운행방법위반,젖음/습기,비,단일로 - 기타,승용,남,49세,상해없음,승용,남,34세,경상
2020080700100606,2020년 8월 7일 22시,금요일,대전광역시 대덕구 신탄진동,중상사고,0,1,1,0,차대차 - 기타,안전운전불이행,젖음/습기,비,단일로 - 기타,승합,남,47세,상해없음,이륜,남,19세,중상
2020080700100607,2020년 8월 7일 22시,금요일,대전광역시 서구 둔산동,경상사고,0,0,1,0,차대차 - 추돌,안전운전불이행,젖음/습기,비,단일로 - 기타,기타불명,기타불명,미분류,기타불명,승용,남,27세,경상
2020080700100637,2020년 8월 7일 23시,금요일,대전광역시 대덕구 평촌동,경상사고,0,0,1,0,차대사람 - 횡단중,신호위반,젖음/습기,비,교차로 - 교차로부근,승용,남,24세,기타불명,보행자,남,28세,경상
2020080700100638,2020년 8월 7일 23시,금요일,대전광역시 서구 갈마동,경상사고,0,0,1,0,차대사람 - 기타,안전운전불이행,젖음/습기,비,교차로 - 교차로부근,승용,남,33세,상해없음,보행자,남,44세,경상
2020080800100033,2020년 8월 8일 01시,토요일,대전광역시 중구 대흥동,중상사고,0,1,0,0,차대차 - 측면충돌,신호위반,젖음/습기,비,교차로 - 교차로안,승용,남,21세,상해없음,이륜,남,31세,중상
2020080800100034,2020년 8월 8일 01시,토요일,대전광역시 동구 낭월동,경상사고,0,0,1,0,차대차 - 기타,신호위반,젖음/습기,비,교차로 - 교차로안,승용,남,60세,상해없음,승용,남,65세,경상
2020080800100035,2020년 8월 8일 01시,토요일,대전광역시 서구 탄방동,경상사고,0,0,1,0,차대차 - 추돌,안전운전불이행,젖음/습기,비,교차로 - 교차로부근,승용,남,39세,상해없음,승용,남,30세,경상
2020080800100068,2020년 8월 8일 04시,토요일,대전광역시 동구 중동,경상사고,0,0,1,0,차대차 - 정면충돌,안전운전불이행,젖음/습기,비,교차로 - 교차로부근,승용,남,21세,상해없음,승용,남,37세,경상
2020080800100107,2020년 8월 8일 07시,토요일,대전광역시 유성구 방동,경상사고,0,0,3,0,차대차 - 추돌,안전운전불이행,젖음/습기,비,단일로 - 기타,건설기계,남,51세,상해없음,승용,여,67세,경상
2020080800100165,2020년 8월 8일 10시,토요일,대전광역시 유성구 장대동,경상사고,0,0,2,0,차대차 - 기타,안전거리미확보,젖음/습기,비,단일로 - 기타,승용,여,60세,상해없음,승용,남,58세,경상
2020080800100207,2020년 8월 8일 11시,토요일,대전광역시 대덕구 석봉동,경상사고,0,0,2,0,차대차 - 기타,중앙선침범,젖음/습기,맑음,단일로 - 기타,승용,남,65세,상해없음,승용,남,45세,경상
2020080800100240,2020년 8월 8일 12시,토요일,대전광역시 동구 원동,경상사고,0,0,1,0,차대차 - 기타,불법유턴,젖음/습기,비,교차로 - 교차로안,이륜,남,54세,상해없음,이륜,남,44세,경상
2020080800100241,2020년 8월 8일 12시,토요일,대전광역시 유성구 원내동,중상사고,0,1,0,0,차대차 - 기타,안전운전불이행,젖음/습기,비,단일로 - 기타,승용,남,28세,상해없음,승합,남,57세,중상
2020080800100273,2020년 8월 8일 13시,토요일,대전광역시 중구 용두동,경상사고,0,0,2,0,차대차 - 추돌,안전운전불이행,젖음/습기,비,단일로 - 고가도로위,승용,여,42세,상해없음,승용,남,33세,경상
2020080800100274,2020년 8월 8일 13시,토요일,대전광역시 유성구 봉명동,경상사고,0,0,2,0,차대차 - 기타,안전운전불이행,건조,맑음,단일로 - 기타,승용,여,46세,상해없음,승용,남,31세,경상
2020080800100311,2020년 8월 8일 14시,토요일,대전광역시 서구 괴정동,경상사고,0,0,1,0,차대차 - 기타,안전운전불이행,건조,맑음,교차로 - 교차로안,승용,남,63세,상해없음,이륜,남,27세,경상
2020080800100337,2020년 8월 8일 15시,토요일,대전광역시 동구 삼성동,경상사고,0,0,1,0,차대차 - 추돌,안전운전불이행,젖음/습기,흐림,단일로 - 지하차도(도로)내,화물,남,31세,상해없음,승용,여,33세,경상
2020080800100338,2020년 8월 8일 15시,토요일,대전광역시 서구 복수동,경상사고,0,0,1,0,차대차 - 측면충돌,안전거리미확보,젖음/습기,비,단일로 - 기타,승용,남,56세,기타불명,승용,남,56세,경상
2020080800100371,2020년 8월 8일 16시,토요일,대전광역시 중구 문창동,경상사고,0,0,2,0,차대차 - 기타,교차로운행방법위반,건조,맑음,교차로 - 교차로안,승용,남,45세,상해없음,승용,남,37세,경상
2020080800100424,2020년 8월 8일 18시,토요일,대전광역시 동구 삼성동,경상사고,0,0,4,1,차대차 - 기타,안전운전불이행,건조,맑음,단일로 - 기타,승용,남,18세,상해없음,승용,남,37세,경상
2020080800100463,2020년 8월 8일 19시,토요일,대전광역시 동구 삼괴동,부상신고사고,0,0,0,1,차량단독 - 공작물충돌,안전운전불이행,젖음/습기,비,단일로 - 기타,승용,남,22세,상해없음,,,,
2020080800100464,2020년 8월 8일 19시,토요일,대전광역시 대덕구 목상동,경상사고,0,0,1,0,차대차 - 기타,안전운전불이행,건조,흐림,단일로 - 기타,화물,남,60세,기타불명,승용,여,35세,경상
2020080800100465,2020년 8월 8일 19시,토요일,대전광역시 유성구 송강동,경상사고,0,0,1,0,차대차 - 기타,안전거리미확보,건조,맑음,교차로 - 교차로부근,승용,남,55세,상해없음,이륜,남,19세,경상
2020080800100466,2020년 8월 8일 19시,토요일,대전광역시 유성구 봉명동,경상사고,0,0,1,0,차대차 - 기타,안전거리미확보,젖음/습기,비,교차로 - 교차로부근,승용,남,34세,상해없음,승용,남,53세,경상
2020080800100536,2020년 8월 8일 21시,토요일,대전광역시 대덕구 송촌동,경상사고,0,0,2,0,차대차 - 추돌,안전운전불이행,건조,맑음,단일로 - 기타,화물,남,41세,상해없음,승용,남,66세,경상
2020080800100561,2020년 8월 8일 22시,토요일,대전광역시 대덕구 중리동,경상사고,0,0,2,0,차대차 - 측면충돌,안전운전불이행,젖음/습기,흐림,교차로 - 교차로안,승용,여,36세,기타불명,승용,남,56세,경상
2020080800100562,2020년 8월 8일 22시,토요일,대전광역시 유성구 봉명동,경상사고,0,0,2,0,차대차 - 추돌,안전운전불이행,건조,맑음,교차로 - 교차로부근,승용,남,70세,상해없음,승용,남,46세,경상
2020080900100018,2020년 8월 9일 00시,일요일,대전광역시 서구 둔산동,경상사고,0,0,5,0,차대차 - 측면충돌,안전운전불이행,젖음/습기,비,교차로 - 교차로안,승용,남,42세,경상,승용,남,39세,경상
2020080900100079,2020년 8월 9일 06시,일요일,대전광역시 서구 갈마동,경상사고,0,0,1,0,차대차 - 추돌,안전운전불이행,젖음/습기,비,교차로 - 교차로안,승용,남,31세,상해없음,승용,남,28세,경상
2020080900100113,2020년 8월 9일 09시,일요일,대전광역시 서구 갈마동,경상사고,0,0,1,0,차대차 - 기타,중앙선침범,젖음/습기,흐림,단일로 - 기타,승용,남,30세,상해없음,승용,남,69세,경상
2020080900100122,2020년 8월 9일 10시,일요일,대전광역시 중구 유천동,경상사고,0,0,5,0,차대차 - 기타,교차로운행방법위반,젖음/습기,맑음,교차로 - 교차로안,승용,여,44세,상해없음,승용,남,69세,경상
2020080900100157,2020년 8월 9일 12시,일요일,대전광역시 동구 삼성동,경상사고,0,0,1,0,차대차 - 측면충돌,교차로운행방법위반,건조,맑음,교차로 - 교차로안,승용,남,43세,상해없음,승용,남,44세,경상
2020080900100240,2020년 8월 9일 15시,일요일,대전광역시 서구 내동,경상사고,0,0,2,0,차대차 - 추돌,안전운전불이행,건조,맑음,교차로 - 교차로부근,승용,남,55세,상해없음,승용,남,58세,경상
2020080900100303,2020년 8월 9일 17시,일요일,대전광역시 중구 유천동,경상사고,0,0,1,0,차대차 - 기타,안전운전불이행,건조,맑음,단일로 - 기타,승용,남,46세,상해없음,승용,남,76세,경상
2020080900100330,2020년 8월 9일 18시,일요일,대전광역시 중구 문창동,경상사고,0,0,1,0,차대차 - 측면충돌,안전운전불이행,건조,맑음,교차로 - 교차로안,승합,남,75세,상해없음,이륜,남,28세,경상
2020080900100331,2020년 8월 9일 18시,일요일,대전광역시 동구 가양동,경상사고,0,0,2,0,차대차 - 측면충돌,안전운전불이행,건조,맑음,교차로 - 교차로부근,승용,남,78세,상해없음,화물,여,35세,경상
2020080900100332,2020년 8월 9일 18시,일요일,대전광역시 유성구 원신흥동,경상사고,0,0,1,0,차대차 - 기타,안전운전불이행,건조,맑음,단일로 - 기타,승용,여,26세,상해없음,승용,남,28세,경상
2020080900100368,2020년 8월 9일 19시,일요일,대전광역시 중구 대사동,경상사고,0,0,1,0,차대사람 - 횡단중,보행자보호의무위반,건조,맑음,교차로 - 교차로횡단보도내,승용,남,75세,상해없음,보행자,여,23세,경상
2020080900100369,2020년 8월 9일 19시,일요일,대전광역시 대덕구 법동,중상사고,0,1,9,0,차대차 - 추돌,안전운전불이행,젖음/습기,비,단일로 - 기타,승용,남,57세,상해없음,승용,여,54세,중상
2020080900100370,2020년 8월 9일 19시,일요일,대전광역시 서구 둔산동,중상사고,0,1,0,0,차대사람 - 횡단중,보행자보호의무위반,건조,맑음,교차로 - 교차로안,승용,여,39세,상해없음,보행자,남,36세,중상