사고번호,사고일시,요일,시군구,사고내용,사망자수,중상자수,경상자수,부상신고자수,사고유형,법규위반,노면상태,기상상태,도로형태,가해운전자 차종,가해운전자 성별,가해운전자 연령,가해운전자 상해정도,피해운전자 차종,피해운전자 성별,피해운전자 연령,피해운전자 상해정도
2020080900100396,2020년 8월 9일 20시,일요일,대전광역시 서구 가수원동,사망사고,1,1,0,0,차량단독 - 주/정차차량 충돌,안전운전불이행,건조,맑음,단일로 - 기타,화물,남,68세,중상,,,,
2020081000100008,2020년 8월 10일 00시,월요일,대전광역시 대덕구 대화동,경상사고,0,0,1,0,차대차 - 기타,안전운전불이행,건조,기타,교차로 - 교차로부근,승용,남,26세,상해없음,승용,남,29세,경상
2020081000100054,2020년 8월 10일 07시,월요일,대전광역시 중구 오류동,경상사고,0,0,1,0,차대차 - 측면충돌,중앙선침범,건조,맑음,교차로 - 교차로부근,승용,남,27세,상해없음,승용,여,64세,경상
2020081000100092,2020년 8월 10일 08시,월요일,대전광역시 동구 용운동,경상사고,0,0,2,0,차대차 - 기타,안전거리미확보,건조,맑음,교차로 - 교차로부근,화물,남,58세,상해없음,승용,여,55세,경상
2020081000100129,2020년 8월 10일 09시,월요일,대전광역시 서구 도마동,경상사고,0,0,1,0,차대차 - 측면충돌,신호위반,건조,맑음,교차로 - 교차로안,승용,남,59세,상해없음,특수,남,24세,경상
2020081000100158,2020년 8월 10일 10시,월요일,대전광역시 서구 탄방동,경상사고,0,0,2,0,차대차 - 추돌,안전거리미확보,건조,맑음,단일로 - 기타,화물,남,41세,상해없음,화물,남,37세,경상
2020081000100221,2020년 8월 10일 12시,월요일,대전광역시 동구 가양동,중상사고,0,1,0,0,차대차 - 측면충돌,기타,건조,맑음,단일로 - 기타,승용,여,59세,상해없음,이륜,남,45세,중상
2020081000100223,2020년 8월 10일 12시,월요일,대전광역시 서구 둔산동,중상사고,0,1,1,0,차대차 - 측면충돌,신호위반,건조,맑음,단일로 - 기타,승용,남,67세,상해없음,승용,여,57세,경상
2020081000100258,2020년 8월 10일 13시,월요일,대전광역시 동구 인동,경상사고,0,0,1,0,차대차 - 측면충돌,중앙선침범,젖음/습기,비,단일로 - 기타,화물,남,63세,상해없음,승용,남,57세,경상
2020081000100259,2020년 8월 10일 13시,월요일,대전광역시 서구 가수원동,사망사고,1,0,0,0,차대사람 - 횡단중,안전운전불이행,젖음/습기,비,교차로 - 교차로횡단보도내,화물,남,33세,상해없음,보행자,남,63세,사망
2020081000100294,2020년 8월 10일 14시,월요일,대전광역시 서구 가수원동,경상사고,0,0,1,0,차대차 - 추돌,안전운전불이행,젖음/습기,비,교차로 - 교차로부근,화물,남,74세,상해없음,승용,여,52세,경상
2020081000100323,2020년 8월 10일 15시,월요일,대전광역시 중구 오류동,경상사고,0,0,1,0,차대차 - 측면충돌,안전운전불이행,건조,맑음,교차로 - 교차로안,승용,남,80세,상해없음,승용,여,45세,경상
2020081000100356,2020년 8월 10일 16시,월요일,대전광역시 서구 갈마동,경상사고,0,0,1,0,차대차 - 기타,차로위반,젖음/습기,비,교차로 - 교차로부근,승용,남,23세,기타불명,승용,남,38세,경상
2020081000100395,2020년 8월 10일 17시,월요일,대전광역시 동구 소제동,중상사고,0,1,0,1,차대차 - 측면충돌,신호위반,젖음/습기,흐림,교차로 - 교차로안,승용,여,38세,부상신고,승용,남,69세,중상
2020081000100460,2020년 8월 10일 19시,월요일,대전광역시 유성구 도룡동,경상사고,0,0,1,0,차대차 - 측면충돌,중앙선침범,건조,맑음,단일로 - 기타,승용,남,21세,상해없음,승용,남,36세,경상
2020081000100461,2020년 8월 10일 19시,월요일,대전광역시 유성구 상대동,경상사고,0,0,1,0,차대차 - 기타,직진우회전진행방해,젖음/습기,흐림,교차로 - 교차로안,승용,남,51세,상해없음,승용,여,46세,경상
2020081000100530,2020년 8월 10일 21시,월요일,대전광역시 중구 유천동,경상사고,0,0,1,0,차대차 - 추돌,안전거리미확보,젖음/습기,비,단일로 - 기타,화물,남,62세,상해없음,승용,여,49세,경상
2020081000100531,2020년 8월 10일 21시,월요일,대전광역시 유성구 관평동,경상사고,0,0,1,0,차대차 - 기타,안전운전불이행,젖음/습기,흐림,단일로 - 기타,승합,남,71세,상해없음,이륜,남,27세,경상
2020081000100562,2020년 8월 10일 22시,월요일,대전광역시 서구 둔산동,경상사고,0,0,1,0,차대사람 - 횡단중,보행자보호의무위반,건조,맑음,교차로 - 교차로횡단보도내,기타불명,기타불명,미분류,기타불명,보행자,여,14세,경상
2020081000100592,2020년 8월 10일 23시,월요일,대전광역시 유성구 도룡동,중상사고,0,1,0,0,차대차 - 추돌,안전운전불이행,건조,맑음,교차로 - 교차로부근,승용,남,27세,상해없음,승용,여,26세,중상
2020081100100016,2020년 8월 11일 00시,화요일,대전광역시 서구 둔산동,경상사고,0,0,1,0,차대사람 - 기타,안전운전불이행,젖음/습기,비,교차로 - 교차로안,승용,여,25세,상해없음,보행자,남,34세,경상
2020081100100017,2020년 8월 11일 00시,화요일,대전광역시 유성구 봉산동,경상사고,0,0,2,0,차대사람 - 기타,안전운전불이행,젖음/습기,비,단일로 - 기타,승용,남,51세,경상,보행자,남,26세,경상
2020081100100141,2020년 8월 11일 08시,화요일,대전광역시 동구 홍도동,경상사고,0,0,2,0,차대차 - 추돌,안전운전불이행,젖음/습기,비,교차로 - 교차로부근,승용,남,26세,기타불명,승용,남,65세,경상
2020081100100142,2020년 8월 11일 08시,화요일,대전광역시 서구 만년동,경상사고,0,0,2,2,차대차 - 측면충돌,교차로운행방법위반,젖음/습기,비,교차로 - 교차로안,승용,남,29세,상해없음,승합,남,49세,상해없음
2020081100100143,2020년 8월 11일 08시,화요일,대전광역시 서구 탄방동,중상사고,0,1,1,0,차대사람 - 기타,신호위반,젖음/습기,비,교차로 - 교차로부근,특수,남,24세,상해없음,보행자,남,29세,중상
2020081100100171,2020년 8월 11일 09시,화요일,대전광역시 서구 둔산동,경상사고,0,0,1,0,차대사람 - 횡단중,보행자보호의무위반,젖음/습기,비,단일로 - 기타,승용,남,61세,기타불명,보행자,여,20세,경상
2020081100100214,2020년 8월 11일 10시,화요일,대전광역시 동구 가양동,경상사고,0,0,2,0,차대차 - 기타,안전운전불이행,건조,맑음,단일로 - 기타,건설기계,남,61세,상해없음,승용,여,56세,경상
2020081100100215,2020년 8월 11일 10시,화요일,대전광역시 대덕구 중리동,경상사고,0,0,1,0,차대차 - 정면충돌,교차로운행방법위반,젖음/습기,비,교차로 - 교차로안,이륜,남,40세,상해없음,승용,여,48세,경상
2020081100100301,2020년 8월 11일 13시,화요일,대전광역시 동구 삼성동,경상사고,0,0,1,0,차대차 - 측면충돌,안전운전불이행,건조,맑음,단일로 - 기타,자전거,남,75세,경상,화물,남,45세,상해없음
2020081100100346,2020년 8월 11일 14시,화요일,대전광역시 유성구 송강동,경상사고,0,0,1,0,차대차 - 측면충돌,안전운전불이행,건조,맑음,교차로 - 교차로부근,승용,남,41세,상해없음,화물,남,51세,경상
2020081100100430,2020년 8월 11일 17시,화요일,대전광역시 대덕구 송촌동,경상사고,0,0,1,0,차대차 - 기타,안전운전불이행,건조,맑음,단일로 - 기타,화물,남,59세,상해없음,승용,여,43세,경상
2020081100100441,2020년 8월 11일 17시,화요일,대전광역시 서구 둔산동,경상사고,0,0,1,0,차대차 - 기타,불법유턴,건조,흐림,단일로 - 기타,승용,여,41세,상해없음,승용,남,27세,경상
2020081100100522,2020년 8월 11일 19시,화요일,대전광역시 동구 용전동,경상사고,0,0,1,0,차대차 - 기타,안전거리미확보,젖음/습기,비,단일로 - 기타,승용,남,35세,상해없음,승용,여,42세,경상
2020081100100548,2020년 8월 11일 20시,화요일,대전광역시 서구 탄방동,경상사고,0,0,2,0,차대차 - 후진중충돌,안전운전불이행,젖음/습기,비,단일로 - 기타,승용,남,30세,상해없음,승용,남,27세,경상
2020081100100549,2020년 8월 11일 20시,화요일,대전광역시 유성구 봉명동,중상사고,0,1,0,0,차대사람 - 횡단중,신호위반,젖음/습기,비,교차로 - 교차로안,승용,여,40세,상해없음,보행자,남,44세,중상
2020081100100574,2020년 8월 11일 21시,화요일,대전광역시 동구 신상동,중상사고,0,3,0,0,차량단독 - 공작물충돌,안전운전불이행,건조,맑음,단일로 - 기타,승용,남,63세,상해없음,,,,
2020081100100575,2020년 8월 11일 21시,화요일,대전광역시 대덕구 법동,중상사고,0,1,1,0,차대사람 - 횡단중,신호위반,젖음/습기,흐림,교차로 - 교차로횡단보도내,이륜,남,55세,경상,보행자,여,34세,중상
2020081100100576,2020년 8월 11일 21시,화요일,대전광역시 유성구 지족동,중상사고,0,1,0,0,차대차 - 기타,안전거리미확보,젖음/습기,비,단일로 - 기타,승용,남,42세,상해없음,이륜,남,50세,중상
2020081200100011,2020년 8월 12일 00시,수요일,대전광역시 서구 용문동,중상사고,0,1,0,0,차대차 - 기타,안전운전불이행,젖음/습기,비,단일로 - 기타,이륜,남,27세,중상,승용,남,56세,상해없음
2020081200100028,2020년 8월 12일 02시,수요일,대전광역시 중구 중촌동,중상사고,0,1,0,0,차대사람 - 차도통행중,안전운전불이행,젖음/습기,비,단일로 - 고가도로위,승용,남,44세,상해없음,보행자,남,77세,중상
2020081200100055,2020년 8월 12일 06시,수요일,대전광역시 서구 괴정동,경상사고,0,0,1,0,차대차 - 추돌,안전운전불이행,젖음/습기,흐림,단일로 - 기타,승용,남,29세,상해없음,승합,남,45세,경상
2020081200100123,2020년 8월 12일 08시,수요일,대전광역시 대덕구 덕암동,중상사고,0,1,0,0,차대사람 - 횡단중,신호위반,건조,맑음,단일로 - 기타,화물,남,64세,상해없음,보행자,여,81세,중상
2020081200100190,2020년 8월 12일 10시,수요일,대전광역시 중구 옥계동,중상사고,0,1,0,0,차량단독 - 기타,안전운전불이행,건조,맑음,교차로 - 교차로부근,승합,남,55세,기타불명,,,,
2020081200100191,2020년 8월 12일 10시,수요일,대전광역시 유성구 노은동,경상사고,0,0,1,0,차대차 - 후진중충돌,안전운전불이행,건조,맑음,단일로 - 기타,화물,남,46세,기타불명,승용,여,59세,경상
2020081200100253,2020년 8월 12일 12시,수요일,대전광역시 서구 괴정동,경상사고,0,0,1,0,차대사람 - 기타,보행자보호의무위반,건조,맑음,교차로 - 교차로횡단보도내,승용,여,52세,상해없음,보행자,여,9세,경상
2020081200100254,2020년 8월 12일 12시,수요일,대전광역시 대덕구 오정동,경상사고,0,0,1,0,차대차 - 기타,신호위반,건조,맑음,교차로 - 교차로안,승합,남,59세,상해없음,승용,남,78세,경상
2020081200100255,2020년 8월 12일 12시,수요일,대전광역시 유성구 구성동,경상사고,0,0,1,0,차대차 - 추돌,안전운전불이행,젖음/습기,비,교차로 - 교차로부근,승용,남,28세,상해없음,승용,여,59세,경상
2020081200100360,2020년 8월 12일 15시,수요일,대전광역시 중구 용두동,경상사고,0,0,1,0,차대사람 - 횡단중,안전운전불이행,건조,맑음,단일로 - 기타,승용,여,55세,상해없음,보행자,남,84세,경상
2020081200100445,2020년 8월 12일 17시,수요일,대전광역시 대덕구 석봉동,중상사고,0,1,0,0,차대사람 - 횡단중,신호위반,젖음/습기,흐림,교차로 - 교차로안,승합,남,65세,기타불명,보행자,남,13세,중상
2020081200100446,2020년 8월 12일 17시,수요일,대전광역시 서구 둔산동,사망사고,1,0,0,0,차대사람 - 횡단중,보행자보호의무위반,건조,맑음,교차로 - 교차로횡단보도내,화물,남,62세,상해없음,보행자,여,85세,사망
2020081200100516,2020년 8월 12일 19시,수요일,대전광역시 서구 둔산동,경상사고,0,0,1,0,차대차 - 측면충돌,안전운전불이행,건조,맑음,단일로 - 기타,승용,남,22세,기타불명,화물,남,42세,경상
2020081200100573,2020년 8월 12일 21시,수요일,대전광역시 중구 유천동,사망사고,1,0,0,0,차대사람 - 차도통행중,안전운전불이행,건조,맑음,단일로 - 기타,화물,남,77세,상해없음,보행자,남,59세,사망
2020081200100600,2020년 8월 12일 22시,수요일,대전광역시 서구 도마동,중상사고,0,1,0,0,차대차 - 추돌,안전운전불이행,건조,맑음,교차로 - 교차로부근,승용,여,53세,상해없음,승용,여,30세,중상
2020081200100625,2020년 8월 12일 23시,수요일,대전광역시 서구 용문동,중상사고,0,1,0,0,차대차 - 정면충돌,신호위반,건조,맑음,단일로 - 기타,승용,여,28세,상해없음,이륜,남,30세,중상
2020081300100006,2020년 8월 13일 00시,목요일,대전광역시 중구 은행동,경상사고,0,0,2,0,차대차 - 후진중충돌,안전운전불이행,건조,맑음,교차로 - 교차로부근,승용,남,54세,상해없음,이륜,남,39세,경상
2020081300100019,2020년 8월 13일 01시,목요일,대전광역시 서구 월평동,경상사고,0,0,1,0,차대사람 - 기타,안전운전불이행,건조,맑음,교차로 - 교차로안,승용,남,28세,상해없음,보행자,남,39세,경상
2020081300100043,2020년 8월 13일 06시,목요일,대전광역시 서구 변동,경상사고,0,0,1,0,차대차 - 측면충돌,차로위반,건조,맑음,단일로 - 기타,승용,남,61세,경상,승용,남,59세,상해없음
2020081300100044,2020년 8월 13일 06시,목요일,대전광역시 대덕구 석봉동,경상사고,0,0,1,0,차대차 - 측면충돌,안전운전불이행,건조,맑음,교차로 - 교차로안,승용,여,46세,상해없음,승용,남,67세,경상
2020081300100095,2020년 8월 13일 08시,목요일,대전광역시 동구 대성동,경상사고,0,0,2,0,차대차 - 추돌,안전운전불이행,건조,맑음,단일로 - 기타,승용,남,29세,상해없음,화물,남,63세,경상
2020081300100096,2020년 8월 13일 08시,목요일,대전광역시 서구 괴정동,중상사고,0,1,0,0,차대사람 - 횡단중,신호위반,건조,맑음,단일로 - 기타,승용,여,38세,상해없음,보행자,남,27세,중상
2020081300100097,2020년 8월 13일 08시,목요일,대전광역시 유성구 구암동,경상사고,0,0,1,0,차대차 - 추돌,안전운전불이행,건조,맑음,단일로 - 기타,승용,남,26세,상해없음,승용,여,48세,경상
2020081300100155,2020년 8월 13일 10시,목요일,대전광역시 서구 관저동,경상사고,0,0,1,0,차대차 - 측면충돌,교차로운행방법위반,건조,맑음,교차로 - 교차로안,승합,남,26세,상해없음,승용,남,63세,경상
2020081300100202,2020년 8월 13일 11시,목요일,대전광역시 중구 유천동,경상사고,0,0,1,0,차대차 - 측면충돌,안전운전불이행,건조,맑음,단일로 - 기타,승용,남,30세,상해없음,승용,남,59세,경상
2020081300100203,2020년 8월 13일 11시,목요일,대전광역시 동구 원동,경상사고,0,0,1,0,차대사람 - 기타,기타,건조,맑음,단일로 - 기타,이륜,남,58세,상해없음,보행자,여,76세,경상
2020081300100236,2020년 8월 13일 12시,목요일,대전광역시 중구 은행동,경상사고,0,0,1,0,차대차 - 측면충돌,안전거리미확보,건조,맑음,단일로 - 기타,승용,남,66세,상해없음,승용,남,71세,상해없음
2020081300100269,2020년 8월 13일 13시,목요일,대전광역시 중구 유천동,경상사고,0,0,1,0,차대사람 - 횡단중,보행자보호의무위반,건조,맑음,교차로 - 교차로안,승용,남,66세,상해없음,보행자,남,31세,경상
2020081300100270,2020년 8월 13일 13시,목요일,대전광역시 중구 유천동,중상사고,0,1,0,0,차대사람 - 횡단중,안전운전불이행,건조,맑음,교차로 - 교차로안,승용,남,59세,상해없음,보행자,여,60세,중상
2020081300100271,2020년 8월 13일 13시,목요일,대전광역시 서구 용문동,중상사고,0,1,1,0,차대차 - 기타,기타,건조,맑음,단일로 - 기타,승용,남,76세,상해없음,이륜,남,38세,중상
2020081300100307,2020년 8월 13일 14시,목요일,대전광역시 유성구 지족동,경상사고,0,0,2,0,차대차 - 기타,안전거리미확보,건조,맑음,교차로 - 교차로안,승용,여,51세,상해없음,승용,남,27세,경상
2020081300100351,2020년 8월 13일 15시,목요일,대전광역시 서구 복수동,경상사고,0,0,1,0,차대차 - 측면충돌,중앙선침범,건조,맑음,단일로 - 기타,승합,남,68세,상해없음,승합,남,27세,경상
2020081300100352,2020년 8월 13일 15시,목요일,대전광역시 서구 가수원동,경상사고,0,0,1,0,차대차 - 측면충돌,안전운전불이행,건조,맑음,교차로 - 교차로부근,승용,남,72세,상해없음,승용,남,40세,경상
2020081300100479,2020년 8월 13일 18시,목요일,대전광역시 서구 둔산동,중상사고,0,1,0,0,차대차 - 측면충돌,신호위반,건조,맑음,교차로 - 교차로횡단보도내,화물,남,60세,상해없음,자전거,여,59세,중상
2020081300100480,2020년 8월 13일 18시,목요일,대전광역시 유성구 상대동,경상사고,0,0,1,0,차대차 - 측면충돌,교차로운행방법위반,건조,맑음,교차로 - 교차로안,승용,남,38세,상해없음,이륜,남,30세,경상
2020081300100523,2020년 8월 13일 19시,목요일,대전광역시 중구 산성동,경상사고,0,0,4,0,차대차 - 측면충돌,안전운전불이행,건조,맑음,단일로 - 기타,승용,여,24세,상해없음,승용,여,48세,경상
2020081300100524,2020년 8월 13일 19시,목요일,대전광역시 동구 판암동,중상사고,0,1,0,0,차대차 - 측면충돌,불법유턴,건조,맑음,단일로 - 기타,승용,남,51세,상해없음,이륜,남,33세,중상
2020081300100550,2020년 8월 13일 20시,목요일,대전광역시 대덕구 송촌동,경상사고,0,0,1,0,차대차 - 기타,신호위반,건조,흐림,교차로 - 교차로안,승용,여,64세,기타불명,승합,남,51세,상해없음
2020081300100575,2020년 8월 13일 21시,목요일,대전광역시 유성구 학하동,경상사고,0,0,3,0,차대차 - 추돌,안전운전불이행,건조,맑음,교차로 - 교차로안,승용,남,48세,기타불명,승용,여,32세,경상
2020081300100630,2020년 8월 13일 23시,목요일,대전광역시 서구 도마동,경상사고,0,0,2,0,차대차 - 추돌,안전운전불이행,건조,맑음,교차로 - 교차로부근,승용,남,37세,상해없음,승용,남,47세,경상
2020081400100024,2020년 8월 14일 00시,금요일,대전광역시 동구 용전동,경상사고,0,0,1,0,차대사람 - 횡단중,안전운전불이행,건조,맑음,교차로 - 교차로안,승용,여,49세,상해없음,보행자,남,55세,경상
2020081400100025,2020년 8월 14일 00시,금요일,대전광역시 동구 삼성동,경상사고,0,0,1,0,차대차 - 정면충돌,교차로운행방법위반,건조,맑음,교차로 - 교차로안,승용,여,60세,상해없음,승용,남,55세,경상
2020081400100026,2020년 8월 14일 00시,금요일,대전광역시 유성구 노은동,경상사고,0,0,1,0,차대차 - 추돌,안전운전불이행,건조,맑음,교차로 - 교차로횡단보도내,승용,남,46세,상해없음,승용,남,47세,경상
2020081400100034,2020년 8월 14일 01시,금요일,대전광역시 서구 변동,경상사고,0,0,1,0,차대차 - 추돌,안전운전불이행,건조,맑음,단일로 - 기타,화물,남,49세,상해없음,승용,남,65세,경상
2020081400100039,2020년 8월 14일 02시,금요일,대전광역시 서구 관저동,경상사고,0,0,1,0,차대사람 - 보도통행중,안전운전불이행,건조,맑음,단일로 - 기타,승용,남,21세,상해없음,보행자,남,39세,경상
2020081400100073,2020년 8월 14일 06시,금요일,대전광역시 서구 내동,경상사고,0,0,1,0,차대사람 - 길가장자리구역통행중,안전운전불이행,건조,맑음,단일로 - 기타,기타불명,기타불명,미분류,기타불명,보행자,남,21세,경상
2020081400100127,2020년 8월 14일 08시,금요일,대전광역시 동구 삼성동,경상사고,0,0,1,0,차대차 - 추돌,안전운전불이행,건조,맑음,단일로 - 기타,승용,여,55세,상해없음,승용,여,33세,경상
2020081400100195,2020년 8월 14일 10시,금요일,대전광역시 중구 부사동,중상사고,0,1,0,0,차대사람 - 기타,안전운전불이행,건조,맑음,단일로 - 기타,승용,남,48세,상해없음,보행자,남,65세,중상
2020081400100285,2020년 8월 14일 12시,금요일,대전광역시 서구 도마동,경상사고,0,0,1,0,차대사람 - 기타,중앙선침범,건조,맑음,단일로 - 기타,승용,남,35세,상해없음,보행자,여,29세,경상
2020081400100326,2020년 8월 14일 13시,금요일,대전광역시 서구 용문동,경상사고,0,0,1,0,차대차 - 기타,안전운전불이행,건조,맑음,단일로 - 기타,승용,남,37세,상해없음,이륜,남,28세,경상
2020081400100327,2020년 8월 14일 13시,금요일,대전광역시 유성구 봉명동,경상사고,0,0,1,0,차대차 - 측면충돌,안전거리미확보,건조,맑음,교차로 - 교차로부근,승용,남,24세,상해없음,건설기계,남,46세,경상
2020081400100358,2020년 8월 14일 14시,금요일,대전광역시 동구 대동,중상사고,0,1,0,0,차대차 - 측면충돌,안전거리미확보,건조,맑음,단일로 - 기타,승용,여,38세,상해없음,이륜,남,73세,중상
2020081400100359,2020년 8월 14일 14시,금요일,대전광역시 동구 가오동,경상사고,0,0,2,0,차대차 - 측면충돌,안전운전불이행,건조,맑음,단일로 - 기타,승용,여,40세,기타불명,승용,여,47세,경상
2020081400100360,2020년 8월 14일 14시,금요일,대전광역시 동구 판암동,경상사고,0,0,3,0,차대차 - 측면충돌,안전거리미확보,건조,맑음,단일로 - 기타,승용,남,43세,상해없음,승용,여,44세,경상
2020081400100437,2020년 8월 14일 16시,금요일,대전광역시 서구 괴정동,경상사고,0,0,1,0,차대사람 - 횡단중,안전운전불이행,건조,맑음,단일로 - 기타,화물,남,33세,기타불명,보행자,여,75세,경상
2020081400100438,2020년 8월 14일 16시,금요일,대전광역시 서구 둔산동,경상사고,0,0,1,0,차대사람 - 기타,안전운전불이행,건조,맑음,교차로 - 교차로안,승용,여,45세,상해없음,보행자,여,56세,경상
2020081400100439,2020년 8월 14일 16시,금요일,대전광역시 유성구 장대동,경상사고,0,0,2,0,차대차 - 측면충돌,안전거리미확보,건조,맑음,단일로 - 기타,승용,남,62세,경상,승용,남,35세,경상
2020081400100493,2020년 8월 14일 17시,금요일,대전광역시 유성구 원신흥동,경상사고,0,0,1,0,차대차 - 기타,신호위반,건조,맑음,교차로 - 교차로안,이륜,남,22세,경상,승용,남,30세,상해없음
2020081400100538,2020년 8월 14일 18시,금요일,대전광역시 중구 은행동,경상사고,0,0,1,0,차대차 - 측면충돌,안전거리미확보,건조,맑음,교차로 - 교차로안,승용,남,68세,상해없음,승합,여,48세,경상
2020081400100539,2020년 8월 14일 18시,금요일,대전광역시 대덕구 오정동,경상사고,0,0,1,0,차대차 - 기타,안전운전불이행,건조,맑음,단일로 - 기타,승용,남,28세,상해없음,승용,남,43세,경상
2020081400100582,2020년 8월 14일 19시,금요일,대전광역시 동구 용전동,경상사고,0,0,2,0,차대차 - 측면충돌,안전거리미확보,건조,맑음,교차로 - 교차로부근,승용,남,50세,상해없음,승용,남,69세,경상
2020081400100625,2020년 8월 14일 20시,금요일,대전광역시 서구 둔산동,경상사고,0,0,1,0,차대사람 - 길가장자리구역통행중,안전운전불이행,건조,맑음,단일로 - 기타,승용,남,62세,상해없음,보행자,여,53세,경상
2020081400100626,2020년 8월 14일 20시,금요일,대전광역시 서구 갈마동,경상사고,0,0,3,0,차대차 - 기타,안전거리미확보,건조,맑음,단일로 - 기타,승용,남,52세,상해없음,승용,남,53세,경상
2020081400100653,2020년 8월 14일 21시,금요일,대전광역시 대덕구 송촌동,중상사고,0,1,0,0,차대사람 - 기타,보행자보호의무위반,건조,맑음,교차로 - 교차로횡단보도내,이륜,남,31세,상해없음,보행자,남,70세,중상
2020081500100023,2020년 8월 15일 00시,토요일,대전광역시 유성구 송강동,경상사고,0,0,1,0,차대차 - 기타,안전운전불이행,건조,맑음,교차로 - 교차로안,승용,남,46세,상해없음,이륜,남,63세,경상
2020081500100043,2020년 8월 15일 01시,토요일,대전광역시 서구 둔산동,경상사고,0,0,1,0,차대차 - 측면충돌,직진우회전진행방해,건조,맑음,교차로 - 교차로안,승용,남,22세,상해없음,승용,남,61세,경상
2020081500100044,2020년 8월 15일 01시,토요일,대전광역시 유성구 죽동,경상사고,0,0,1,0,차대차 - 추돌,안전운전불이행,건조,맑음,단일로 - 기타,승용,남,39세,상해없음,승용,남,35세,경상
2020081500100213,2020년 8월 15일 11시,토요일,대전광역시 중구 대흥동,경상사고,0,0,1,0,차대차 - 기타,중앙선침범,건조,맑음,단일로 - 기타,승용,여,31세,상해없음,승용,남,27세,경상
2020081500100282,2020년 8월 15일 13시,토요일,대전광역시 유성구 지족동,경상사고,0,0,2,0,차대차 - 정면충돌,중앙선침범,건조,맑음,교차로 - 교차로부근,승용,남,28세,상해없음,승용,남,35세,경상
2020081500100362,2020년 8월 15일 16시,토요일,대전광역시 서구 가수원동,경상사고,0,0,3,0,차대차 - 기타,안전운전불이행,건조,맑음,교차로 - 교차로안,승합,남,42세,상해없음,화물,남,56세,경상
2020081500100363,2020년 8월 15일 16시,토요일,대전광역시 서구 월평동,경상사고,0,0,3,0,차대차 - 기타,안전운전불이행,건조,맑음,단일로 - 기타,승용,남,73세,상해없음,승용,여,45세,경상
2020081500100405,2020년 8월 15일 17시,토요일,대전광역시 중구 선화동,경상사고,0,0,7,0,차대차 - 추돌,안전운전불이행,건조,맑음,교차로 - 교차로안,승용,남,23세,상해없음,승용,남,40세,경상
2020081500100504,2020년 8월 15일 20시,토요일,대전광역시 동구 가오동,경상사고,0,0,2,0,차대차 - 측면충돌,안전거리미확보,건조,맑음,교차로 - 교차로부근,특수,남,62세,상해없음,승용,남,22세,경상
2020081500100505,2020년 8월 15일 20시,토요일,대전광역시 동구 효동,중상사고,0,1,0,0,차대차 - 추돌,안전운전불이행,건조,맑음,기타 - 기타,승용,남,50세,상해없음,승용,남,35세,중상
2020081500100525,2020년 8월 15일 21시,토요일,대전광역시 유성구 교촌동,부상신고사고,0,0,0,5,차대차 - 추돌,안전운전불이행,건조,맑음,교차로 - 교차로부근,승용,여,53세,상해없음,승용,여,39세,부상신고
2020081500100545,2020년 8월 15일 22시,토요일,대전광역시 유성구 봉명동,경상사고,0,0,1,0,차대차 - 추돌,안전운전불이행,건조,맑음,단일로 - 기타,승용,남,32세,상해없음,이륜,남,34세,경상
2020081600100018,2020년 8월 16일 00시,일요일,대전광역시 서구 탄방동,중상사고,0,1,0,0,차량단독 - 공작물충돌,안전운전불이행,건조,맑음,단일로 - 기타,승용,남,41세,상해없음,,,,
2020081600100082,2020년 8월 16일 06시,일요일,대전광역시 유성구 궁동,경상사고,0,0,1,0,차대차 - 추돌,안전운전불이행,건조,맑음,교차로 - 교차로부근,승용,남,23세,상해없음,승용,여,30세,경상
2020081600100105,2020년 8월 16일 08시,일요일,대전광역시 대덕구 중리동,중상사고,0,1,0,0,차대차 - 기타,신호위반,건조,맑음,교차로 - 교차로안,승용,남,42세,상해없음,자전거,여,59세,중상
2020081600100143,2020년 8월 16일 10시,일요일,대전광역시 서구 괴정동,중상사고,0,1,0,0,차대사람 - 기타,안전운전불이행,건조,맑음,기타 - 기타,승용,남,28세,상해없음,보행자,남,24세,중상
2020081600100164,2020년 8월 16일 11시,일요일,대전광역시 유성구 장대동,경상사고,0,0,1,0,차대사람 - 기타,안전운전불이행,건조,맑음,단일로 - 기타,승용,남,40세,상해없음,보행자,여,58세,경상
2020081600100231,2020년 8월 16일 13시,일요일,대전광역시 동구 성남동,경상사고,0,0,2,0,차대차 - 기타,교차로운행방법위반,건조,맑음,교차로 - 교차로안,승용,남,59세,경상,승용,남,64세,경상
2020081600100365,2020년 8월 16일 17시,일요일,대전광역시 동구 용전동,경상사고,0,0,2,0,차대차 - 측면충돌,신호위반,건조,맑음,교차로 - 교차로안,승용,여,47세,경상,승용,여,40세,경상
2020081600100366,2020년 8월 16일 17시,일요일,대전광역시 유성구 원내동,경상사고,0,0,1,0,차대차 - 기타,신호위반,건조,맑음,교차로 - 교차로안,승용,남,75세,상해없음,승합,남,40세,경상
2020081600100410,2020년 8월 16일 18시,일요일,대전광역시 대덕구 송촌동,경상사고,0,0,1,0,차대사람 - 기타,안전운전불이행,건조,맑음,단일로 - 기타,승용,남,46세,상해없음,보행자,남,56세,경상
2020081600100411,2020년 8월 16일 18시,일요일,대전광역시 유성구 봉산동,경상사고,0,0,1,0,차대차 - 기타,안전운전불이행,건조,맑음,단일로 - 기타,승용,여,36세,상해없음,이륜,남,19세,경상