사고번호,사고일시,요일,시군구,사고내용,사망자수,중상자수,경상자수,부상신고자수,사고유형,법규위반,노면상태,기상상태,도로형태,가해운전자 차종,가해운전자 성별,가해운전자 연령,가해운전자 상해정도,피해운전자 차종,피해운전자 성별,피해운전자 연령,피해운전자 상해정도
2020081600100468,2020년 8월 16일 20시,일요일,대전광역시 동구 삼성동,경상사고,0,0,1,0,차대차 - 측면충돌,안전거리미확보,건조,맑음,교차로 - 교차로안,승용,남,31세,상해없음,승용,여,54세,경상
2020081600100512,2020년 8월 16일 22시,일요일,대전광역시 동구 용전동,경상사고,0,0,1,0,차대사람 - 횡단중,보행자보호의무위반,건조,맑음,단일로 - 기타,이륜,남,28세,상해없음,보행자,여,21세,경상
2020081600100513,2020년 8월 16일 22시,일요일,대전광역시 동구 가오동,경상사고,0,0,2,0,차대차 - 추돌,안전운전불이행,건조,맑음,교차로 - 교차로부근,승용,남,62세,상해없음,이륜,남,62세,경상
2020081600100514,2020년 8월 16일 22시,일요일,대전광역시 서구 둔산동,중상사고,0,1,0,0,차대사람 - 기타,안전운전불이행,건조,맑음,교차로 - 교차로안,승용,남,65세,상해없음,보행자,남,18세,중상
2020081600100536,2020년 8월 16일 23시,일요일,대전광역시 서구 탄방동,경상사고,0,0,1,0,차대차 - 기타,교차로운행방법위반,건조,맑음,교차로 - 교차로안,이륜,남,41세,상해없음,이륜,남,24세,경상
2020081700100062,2020년 8월 17일 07시,월요일,대전광역시 서구 도마동,중상사고,0,1,0,0,차대사람 - 길가장자리구역통행중,안전운전불이행,건조,맑음,단일로 - 기타,화물,남,53세,상해없음,보행자,남,83세,중상
2020081700100063,2020년 8월 17일 07시,월요일,대전광역시 유성구 전민동,중상사고,0,1,0,0,차대차 - 기타,안전운전불이행,건조,맑음,단일로 - 기타,화물,여,57세,상해없음,자전거,여,77세,중상
2020081700100109,2020년 8월 17일 09시,월요일,대전광역시 서구 둔산동,경상사고,0,0,2,0,차대차 - 기타,안전거리미확보,건조,맑음,단일로 - 기타,승용,남,79세,기타불명,승합,남,55세,상해없음
2020081700100110,2020년 8월 17일 09시,월요일,대전광역시 서구 둔산동,경상사고,0,0,2,1,차대차 - 기타,안전운전불이행,건조,맑음,교차로 - 교차로안,승용,여,59세,부상신고,승용,여,26세,경상
2020081700100137,2020년 8월 17일 10시,월요일,대전광역시 중구 태평동,경상사고,0,0,1,0,차대차 - 측면충돌,안전거리미확보,건조,맑음,단일로 - 기타,승용,여,54세,상해없음,승용,남,27세,경상
2020081700100325,2020년 8월 17일 15시,월요일,대전광역시 동구 용전동,경상사고,0,0,1,0,차대차 - 측면충돌,신호위반,건조,맑음,교차로 - 교차로안,승용,남,21세,상해없음,승용,여,56세,경상
2020081700100326,2020년 8월 17일 15시,월요일,대전광역시 유성구 장대동,경상사고,0,0,2,0,차대차 - 측면충돌,교차로운행방법위반,건조,맑음,교차로 - 교차로안,승용,남,29세,경상,승용,여,55세,경상
2020081700100412,2020년 8월 17일 17시,월요일,대전광역시 중구 부사동,경상사고,0,0,1,0,차대차 - 기타,안전운전불이행,건조,맑음,단일로 - 기타,화물,남,59세,상해없음,승용,남,35세,경상
2020081700100413,2020년 8월 17일 17시,월요일,대전광역시 대덕구 비래동,경상사고,0,0,1,0,차대차 - 측면충돌,신호위반,건조,맑음,교차로 - 교차로부근,화물,남,68세,상해없음,승용,남,59세,경상
2020081700100414,2020년 8월 17일 17시,월요일,대전광역시 서구 만년동,중상사고,0,1,0,0,차대차 - 기타,신호위반,건조,맑음,단일로 - 기타,승용,여,21세,상해없음,자전거,남,24세,중상
2020081700100485,2020년 8월 17일 19시,월요일,대전광역시 서구 관저동,경상사고,0,0,2,0,차대차 - 추돌,안전운전불이행,건조,맑음,교차로 - 교차로안,승용,여,44세,상해없음,승용,남,30세,경상
2020081700100486,2020년 8월 17일 19시,월요일,대전광역시 서구 갈마동,중상사고,0,1,0,0,차대사람 - 횡단중,안전운전불이행,건조,맑음,교차로 - 교차로안,화물,남,45세,상해없음,보행자,여,85세,중상
2020081700100539,2020년 8월 17일 21시,월요일,대전광역시 중구 선화동,경상사고,0,0,1,1,차대차 - 정면충돌,신호위반,건조,맑음,교차로 - 교차로안,자전거,남,63세,부상신고,승합,남,34세,상해없음
2020081700100555,2020년 8월 17일 22시,월요일,대전광역시 유성구 계산동,경상사고,0,0,5,0,차대차 - 추돌,안전운전불이행,건조,맑음,교차로 - 교차로부근,승용,남,27세,상해없음,승용,남,59세,경상
2020081800100020,2020년 8월 18일 01시,화요일,대전광역시 중구 대흥동,경상사고,0,0,1,0,차대사람 - 기타,안전운전불이행,건조,맑음,교차로 - 교차로부근,승용,남,24세,상해없음,보행자,남,60세,경상
2020081800100033,2020년 8월 18일 03시,화요일,대전광역시 서구 둔산동,경상사고,0,0,2,0,차대사람 - 기타,안전운전불이행,건조,맑음,단일로 - 기타,승용,기타불명,미분류,기타불명,보행자,남,36세,경상
2020081800100114,2020년 8월 18일 08시,화요일,대전광역시 대덕구 신탄진동,경상사고,0,0,2,0,차대차 - 기타,안전운전불이행,건조,맑음,단일로 - 기타,승용,남,42세,상해없음,승용,여,39세,경상
2020081800100115,2020년 8월 18일 08시,화요일,대전광역시 서구 둔산동,경상사고,0,0,1,0,차대차 - 측면충돌,안전운전불이행,건조,맑음,기타 - 기타,승용,여,33세,기타불명,자전거,남,26세,경상
2020081800100143,2020년 8월 18일 09시,화요일,대전광역시 중구 용두동,사망사고,1,0,0,0,차대사람 - 횡단중,안전운전불이행,건조,맑음,단일로 - 기타,화물,남,58세,상해없음,보행자,여,87세,사망
2020081800100144,2020년 8월 18일 09시,화요일,대전광역시 서구 용문동,경상사고,0,0,1,0,차대차 - 측면충돌,안전거리미확보,건조,맑음,단일로 - 기타,승용,여,58세,상해없음,승용,남,40세,경상
2020081800100145,2020년 8월 18일 09시,화요일,대전광역시 유성구 장대동,경상사고,0,0,1,0,차대차 - 측면충돌,안전운전불이행,건조,맑음,단일로 - 기타,화물,남,54세,상해없음,건설기계,남,65세,경상
2020081800100179,2020년 8월 18일 10시,화요일,대전광역시 서구 탄방동,경상사고,0,0,3,0,차대차 - 기타,교차로운행방법위반,건조,맑음,교차로 - 교차로안,승용,남,73세,상해없음,승용,남,57세,경상
2020081800100180,2020년 8월 18일 10시,화요일,대전광역시 서구 월평동,경상사고,0,0,1,0,차대차 - 기타,안전거리미확보,건조,맑음,단일로 - 기타,승용,여,54세,상해없음,화물,남,43세,경상
2020081800100316,2020년 8월 18일 13시,화요일,대전광역시 대덕구 오정동,경상사고,0,0,1,0,차대차 - 기타,안전운전불이행,건조,맑음,단일로 - 기타,이륜,남,52세,상해없음,승용,남,59세,경상
2020081800100361,2020년 8월 18일 14시,화요일,대전광역시 동구 삼성동,경상사고,0,0,1,0,차대차 - 기타,안전운전불이행,건조,맑음,단일로 - 기타,화물,남,56세,상해없음,화물,남,50세,경상
2020081800100394,2020년 8월 18일 15시,화요일,대전광역시 중구 유천동,경상사고,0,0,1,0,차대차 - 기타,안전거리미확보,건조,맑음,단일로 - 기타,승용,여,27세,상해없음,승용,남,62세,경상
2020081800100434,2020년 8월 18일 16시,화요일,대전광역시 대덕구 오정동,경상사고,0,0,1,1,차대차 - 기타,안전운전불이행,건조,맑음,단일로 - 기타,승용,여,55세,상해없음,승용,여,38세,경상
2020081800100435,2020년 8월 18일 16시,화요일,대전광역시 대덕구 오정동,경상사고,0,0,1,0,차대차 - 측면충돌,안전운전불이행,건조,맑음,교차로 - 교차로안,승용,남,28세,상해없음,승용,남,69세,경상
2020081800100493,2020년 8월 18일 17시,화요일,대전광역시 대덕구 오정동,경상사고,0,0,1,0,차대차 - 기타,신호위반,건조,맑음,단일로 - 기타,승용,남,57세,상해없음,승합,남,62세,상해없음
2020081800100494,2020년 8월 18일 17시,화요일,대전광역시 대덕구 송촌동,경상사고,0,0,1,0,차대차 - 기타,교차로운행방법위반,건조,맑음,단일로 - 기타,승용,남,52세,상해없음,승용,여,68세,경상
2020081800100495,2020년 8월 18일 17시,화요일,대전광역시 유성구 구암동,경상사고,0,0,2,0,차대차 - 정면충돌,중앙선침범,건조,맑음,단일로 - 기타,승용,여,48세,상해없음,승합,남,66세,경상
2020081800100496,2020년 8월 18일 17시,화요일,대전광역시 유성구 계산동,경상사고,0,0,1,0,차대차 - 후진중충돌,안전운전불이행,건조,맑음,교차로 - 교차로부근,승용,남,71세,기타불명,승합,남,38세,경상
2020081800100543,2020년 8월 18일 18시,화요일,대전광역시 서구 둔산동,경상사고,0,0,1,1,차대차 - 추돌,안전운전불이행,건조,맑음,교차로 - 교차로안,승용,여,31세,부상신고,승용,여,68세,경상
2020081800100544,2020년 8월 18일 18시,화요일,대전광역시 서구 월평동,경상사고,0,0,2,0,차대차 - 측면충돌,교차로운행방법위반,건조,맑음,교차로 - 교차로부근,승용,여,68세,상해없음,승용,여,64세,경상
2020081800100620,2020년 8월 18일 20시,화요일,대전광역시 중구 유천동,경상사고,0,0,1,0,차대차 - 측면충돌,안전거리미확보,건조,맑음,단일로 - 기타,승용,남,23세,상해없음,승용,남,44세,경상
2020081800100647,2020년 8월 18일 21시,화요일,대전광역시 중구 선화동,경상사고,0,0,1,0,차대차 - 측면충돌,안전운전불이행,건조,맑음,교차로 - 교차로부근,이륜,남,19세,상해없음,승용,남,27세,경상
2020081800100673,2020년 8월 18일 22시,화요일,대전광역시 서구 복수동,경상사고,0,0,1,0,차대차 - 측면충돌,차로위반,건조,맑음,교차로 - 교차로부근,승용,남,64세,상해없음,승용,여,53세,경상
2020081900100059,2020년 8월 19일 06시,수요일,대전광역시 서구 월평동,중상사고,0,1,0,0,차대차 - 기타,안전운전불이행,건조,맑음,교차로 - 교차로안,승용,여,39세,상해없음,자전거,남,68세,중상
2020081900100110,2020년 8월 19일 08시,수요일,대전광역시 중구 오류동,경상사고,0,0,2,0,차대차 - 후진중충돌,안전운전불이행,건조,맑음,교차로 - 교차로부근,화물,남,42세,상해없음,이륜,남,60세,경상
2020081900100111,2020년 8월 19일 08시,수요일,대전광역시 서구 둔산동,경상사고,0,0,2,1,차대차 - 기타,안전거리미확보,건조,맑음,교차로 - 교차로안,화물,여,32세,부상신고,승용,여,28세,경상
2020081900100112,2020년 8월 19일 08시,수요일,대전광역시 서구 둔산동,경상사고,0,0,1,1,차대차 - 기타,교차로운행방법위반,건조,맑음,단일로 - 기타,승용,여,46세,부상신고,승용,여,55세,경상
2020081900100220,2020년 8월 19일 11시,수요일,대전광역시 대덕구 송촌동,경상사고,0,0,1,0,차대차 - 측면충돌,교차로운행방법위반,건조,맑음,교차로 - 교차로안,화물,남,58세,상해없음,승용,여,42세,경상
2020081900100258,2020년 8월 19일 12시,수요일,대전광역시 동구 대동,경상사고,0,0,1,0,차대차 - 측면충돌,안전운전불이행,건조,맑음,단일로 - 기타,승용,남,64세,상해없음,자전거,여,71세,경상
2020081900100259,2020년 8월 19일 12시,수요일,대전광역시 대덕구 평촌동,경상사고,0,0,2,0,차대차 - 기타,안전운전불이행,건조,맑음,단일로 - 기타,승용,남,62세,상해없음,화물,남,39세,경상
2020081900100260,2020년 8월 19일 12시,수요일,대전광역시 서구 둔산동,중상사고,0,1,0,0,차대차 - 측면충돌,신호위반,건조,맑음,교차로 - 교차로안,승용,여,32세,상해없음,승용,남,60세,중상
2020081900100381,2020년 8월 19일 15시,수요일,대전광역시 중구 문화동,경상사고,0,0,1,0,차대차 - 측면충돌,안전거리미확보,건조,맑음,단일로 - 기타,승용,남,66세,상해없음,승용,남,38세,경상
2020081900100382,2020년 8월 19일 15시,수요일,대전광역시 중구 문화동,경상사고,0,0,1,0,차대차 - 추돌,안전운전불이행,건조,맑음,교차로 - 교차로부근,승용,남,65세,상해없음,승용,여,35세,경상
2020081900100426,2020년 8월 19일 16시,수요일,대전광역시 유성구 궁동,경상사고,0,0,1,0,차대사람 - 길가장자리구역통행중,안전운전불이행,건조,맑음,단일로 - 기타,승용,남,40세,상해없음,보행자,남,38세,경상
2020081900100465,2020년 8월 19일 17시,수요일,대전광역시 동구 가오동,경상사고,0,0,1,0,차대차 - 기타,안전거리미확보,건조,맑음,교차로 - 교차로부근,승용,여,52세,상해없음,승용,남,36세,경상
2020081900100516,2020년 8월 19일 18시,수요일,대전광역시 대덕구 오정동,경상사고,0,0,1,0,차대차 - 기타,안전운전불이행,건조,맑음,단일로 - 기타,승용,여,53세,상해없음,승용,남,33세,경상
2020081900100622,2020년 8월 19일 21시,수요일,대전광역시 동구 용전동,경상사고,0,0,1,0,차대사람 - 기타,안전운전불이행,건조,맑음,단일로 - 기타,승용,남,57세,상해없음,보행자,남,46세,경상
2020081900100623,2020년 8월 19일 21시,수요일,대전광역시 유성구 덕명동,경상사고,0,0,2,0,차대차 - 측면충돌,안전거리미확보,건조,맑음,교차로 - 교차로부근,승용,남,64세,상해없음,승용,남,47세,경상
2020081900100624,2020년 8월 19일 21시,수요일,대전광역시 유성구 장대동,경상사고,0,0,2,0,차대차 - 추돌,안전운전불이행,건조,맑음,단일로 - 기타,승용,여,58세,상해없음,승용,남,65세,경상
2020081900100642,2020년 8월 19일 22시,수요일,대전광역시 서구 둔산동,경상사고,0,0,3,0,차대차 - 기타,중앙선침범,건조,맑음,교차로 - 교차로안,승용,여,57세,기타불명,승용,남,39세,경상
2020081900100665,2020년 8월 19일 23시,수요일,대전광역시 유성구 원내동,경상사고,0,0,1,0,차대사람 - 기타,안전운전불이행,건조,맑음,단일로 - 기타,승용,남,40세,상해없음,보행자,남,38세,경상
2020081900100666,2020년 8월 19일 23시,수요일,대전광역시 유성구 원내동,경상사고,0,0,1,0,차량단독 - 기타,안전운전불이행,건조,맑음,교차로 - 교차로안,승합,남,39세,상해없음,,,,
2020082000100036,2020년 8월 20일 05시,목요일,대전광역시 유성구 구암동,경상사고,0,0,2,0,차대차 - 추돌,안전운전불이행,건조,맑음,교차로 - 교차로부근,승용,남,38세,상해없음,화물,남,50세,경상
2020082000100147,2020년 8월 20일 09시,목요일,대전광역시 중구 유천동,경상사고,0,0,3,0,차대차 - 기타,교차로운행방법위반,건조,맑음,교차로 - 교차로안,승용,여,29세,경상,승용,여,51세,경상
2020082000100148,2020년 8월 20일 09시,목요일,대전광역시 동구 성남동,중상사고,0,1,0,0,차대사람 - 횡단중,보행자보호의무위반,건조,맑음,교차로 - 교차로부근,승용,여,37세,상해없음,보행자,여,66세,중상
2020082000100149,2020년 8월 20일 09시,목요일,대전광역시 동구 삼성동,중상사고,0,1,0,0,차대차 - 기타,불법유턴,건조,맑음,교차로 - 교차로안,화물,남,69세,상해없음,자전거,남,79세,중상
2020082000100215,2020년 8월 20일 11시,목요일,대전광역시 동구 소제동,중상사고,0,2,0,0,차대차 - 측면충돌,교차로운행방법위반,건조,맑음,교차로 - 교차로안,승용,여,40세,상해없음,이륜,남,67세,중상
2020082000100216,2020년 8월 20일 11시,목요일,대전광역시 서구 갈마동,경상사고,0,0,1,0,차대차 - 추돌,안전운전불이행,건조,맑음,단일로 - 기타,이륜,남,31세,상해없음,승용,남,28세,경상
2020082000100217,2020년 8월 20일 11시,목요일,대전광역시 유성구 장대동,경상사고,0,0,4,0,차대차 - 추돌,차로위반,건조,맑음,단일로 - 기타,승용,남,51세,기타불명,승용,남,21세,경상
2020082000100261,2020년 8월 20일 12시,목요일,대전광역시 중구 대흥동,경상사고,0,0,1,0,차대차 - 기타,안전거리미확보,건조,맑음,교차로 - 교차로안,승용,여,56세,상해없음,승합,남,59세,상해없음
2020082000100309,2020년 8월 20일 13시,목요일,대전광역시 중구 대사동,중상사고,0,1,0,0,차량단독 - 공작물충돌,안전운전불이행,건조,맑음,주차장 - 주차장,승합,남,49세,상해없음,,,,
2020082000100383,2020년 8월 20일 15시,목요일,대전광역시 중구 중촌동,경상사고,0,0,1,0,차대차 - 측면충돌,안전운전불이행,건조,맑음,단일로 - 기타,승용,여,45세,상해없음,승용,남,32세,경상
2020082000100384,2020년 8월 20일 15시,목요일,대전광역시 중구 대흥동,경상사고,0,0,7,0,차대차 - 추돌,안전운전불이행,건조,맑음,교차로 - 교차로안,승합,여,56세,경상,승용,남,29세,경상
2020082000100420,2020년 8월 20일 16시,목요일,대전광역시 서구 관저동,경상사고,0,0,1,0,차대차 - 기타,안전운전불이행,건조,맑음,주차장 - 주차장,자전거,남,9세,경상,승용,여,40세,상해없음
2020082000100463,2020년 8월 20일 17시,목요일,대전광역시 중구 중촌동,경상사고,0,0,1,0,차대차 - 기타,안전운전불이행,건조,맑음,교차로 - 교차로안,화물,남,51세,상해없음,승용,남,47세,경상
2020082000100464,2020년 8월 20일 17시,목요일,대전광역시 동구 판암동,경상사고,0,0,1,0,차대차 - 측면충돌,교차로운행방법위반,건조,맑음,교차로 - 교차로부근,승용,남,62세,상해없음,승용,여,45세,경상
2020082000100465,2020년 8월 20일 17시,목요일,대전광역시 유성구 봉명동,중상사고,0,1,0,0,차대사람 - 횡단중,보행자보호의무위반,건조,맑음,교차로 - 교차로부근,이륜,남,23세,기타불명,보행자,여,66세,중상
2020082000100513,2020년 8월 20일 18시,목요일,대전광역시 서구 둔산동,중상사고,0,1,2,0,차대차 - 측면충돌,불법유턴,건조,맑음,단일로 - 기타,개인형이동수단(PM),남,18세,상해없음,승용,남,35세,경상
2020082000100548,2020년 8월 20일 19시,목요일,대전광역시 동구 용전동,부상신고사고,0,0,0,1,차대차 - 기타,안전거리미확보,건조,맑음,단일로 - 기타,원동기,남,24세,부상신고,승용,여,23세,상해없음
2020082000100549,2020년 8월 20일 19시,목요일,대전광역시 서구 둔산동,중상사고,0,1,0,0,차대사람 - 차도통행중,안전운전불이행,건조,맑음,교차로 - 교차로안,이륜,남,33세,상해없음,보행자,여,20세,중상
2020082000100576,2020년 8월 20일 20시,목요일,대전광역시 서구 둔산동,경상사고,0,0,2,0,차대차 - 측면충돌,안전운전불이행,건조,맑음,교차로 - 교차로부근,승용,남,52세,경상,승용,남,60세,경상
2020082000100600,2020년 8월 20일 21시,목요일,대전광역시 중구 산성동,경상사고,0,0,1,0,차대차 - 측면충돌,중앙선침범,건조,맑음,단일로 - 기타,기타불명,기타불명,미분류,기타불명,승용,남,30세,경상
2020082000100601,2020년 8월 20일 21시,목요일,대전광역시 유성구 구암동,중상사고,0,1,0,0,차대사람 - 기타,안전운전불이행,건조,맑음,기타 - 기타,이륜,남,20세,상해없음,보행자,남,51세,중상
2020082000100617,2020년 8월 20일 22시,목요일,대전광역시 유성구 문지동,경상사고,0,0,1,0,차대차 - 기타,안전운전불이행,건조,맑음,단일로 - 기타,자전거,남,65세,경상,자전거,남,32세,상해없음
2020082100100041,2020년 8월 21일 04시,금요일,대전광역시 동구 대동,경상사고,0,0,1,0,차량단독 - 기타,기타,건조,맑음,단일로 - 기타,승용,남,52세,상해없음,,,,
2020082100100208,2020년 8월 21일 11시,금요일,대전광역시 서구 둔산동,중상사고,0,1,0,0,차대차 - 기타,기타,건조,맑음,교차로 - 교차로안,승용,여,51세,상해없음,이륜,남,27세,중상
2020082100100305,2020년 8월 21일 14시,금요일,대전광역시 동구 인동,경상사고,0,0,1,0,차대사람 - 횡단중,보행자보호의무위반,건조,맑음,교차로 - 교차로안,승용,여,70세,상해없음,보행자,남,75세,경상
2020082100100306,2020년 8월 21일 14시,금요일,대전광역시 서구 둔산동,경상사고,0,0,1,0,차대차 - 기타,차로위반,건조,맑음,단일로 - 기타,승용,여,23세,상해없음,승합,남,85세,경상
2020082100100342,2020년 8월 21일 15시,금요일,대전광역시 유성구 지족동,중상사고,0,1,0,0,차대차 - 추돌,안전거리미확보,건조,맑음,교차로 - 교차로부근,승용,여,73세,상해없음,승용,여,28세,중상
2020082100100343,2020년 8월 21일 15시,금요일,대전광역시 유성구 노은동,경상사고,0,0,1,0,차대차 - 기타,안전운전불이행,건조,맑음,단일로 - 기타,자전거,남,12세,경상,승용,여,64세,상해없음
2020082100100379,2020년 8월 21일 16시,금요일,대전광역시 유성구 장대동,경상사고,0,0,1,0,차대차 - 추돌,안전운전불이행,건조,맑음,교차로 - 교차로안,승용,남,62세,기타불명,승용,여,40세,경상
2020082100100453,2020년 8월 21일 18시,금요일,대전광역시 중구 산성동,부상신고사고,0,0,0,1,차대차 - 기타,안전운전불이행,건조,맑음,교차로 - 교차로안,이륜,남,49세,부상신고,승용,남,44세,상해없음
2020082100100454,2020년 8월 21일 18시,금요일,대전광역시 서구 도마동,경상사고,0,0,1,0,차대차 - 추돌,안전거리미확보,건조,맑음,단일로 - 기타,화물,남,49세,기타불명,승용,여,57세,경상
2020082100100501,2020년 8월 21일 19시,금요일,대전광역시 대덕구 중리동,경상사고,0,0,1,0,차대차 - 기타,안전운전불이행,건조,맑음,단일로 - 기타,승용,남,31세,상해없음,승용,남,58세,경상
2020082100100543,2020년 8월 21일 20시,금요일,대전광역시 유성구 노은동,경상사고,0,0,2,0,차대차 - 기타,신호위반,건조,맑음,교차로 - 교차로안,승용,남,63세,상해없음,승용,남,75세,경상
2020082100100577,2020년 8월 21일 21시,금요일,대전광역시 중구 오류동,경상사고,0,0,1,0,차대사람 - 길가장자리구역통행중,안전운전불이행,건조,맑음,단일로 - 기타,승용,남,27세,상해없음,보행자,남,46세,경상
2020082100100578,2020년 8월 21일 21시,금요일,대전광역시 중구 문화동,경상사고,0,0,1,0,차대차 - 추돌,안전운전불이행,건조,맑음,교차로 - 교차로부근,이륜,남,37세,상해없음,승용,남,46세,경상
2020082100100579,2020년 8월 21일 21시,금요일,대전광역시 동구 가양동,경상사고,0,0,1,0,차대차 - 기타,안전운전불이행,건조,맑음,단일로 - 기타,이륜,남,23세,경상,승용,남,55세,상해없음
2020082100100580,2020년 8월 21일 21시,금요일,대전광역시 동구 판암동,경상사고,0,0,2,0,차대차 - 기타,교차로운행방법위반,건조,맑음,교차로 - 교차로안,승용,여,48세,상해없음,승용,여,51세,경상
2020082100100581,2020년 8월 21일 21시,금요일,대전광역시 대덕구 대화동,경상사고,0,0,2,0,차대차 - 추돌,안전운전불이행,건조,맑음,기타 - 기타,승용,남,35세,상해없음,승용,여,42세,경상
2020082100100582,2020년 8월 21일 21시,금요일,대전광역시 서구 둔산동,중상사고,0,1,0,0,차대차 - 추돌,안전운전불이행,건조,맑음,교차로 - 교차로부근,승용,남,18세,기타불명,이륜,남,33세,중상
2020082100100604,2020년 8월 21일 22시,금요일,대전광역시 동구 삼성동,부상신고사고,0,0,0,1,차대차 - 기타,안전거리미확보,건조,맑음,단일로 - 기타,승용,남,62세,상해없음,승용,여,29세,부상신고
2020082200100083,2020년 8월 22일 06시,토요일,대전광역시 유성구 봉명동,중상사고,0,1,1,0,차대차 - 기타,안전운전불이행,건조,맑음,단일로 - 기타,승용,남,37세,상해없음,화물,남,59세,경상
2020082200100154,2020년 8월 22일 09시,토요일,대전광역시 서구 괴정동,중상사고,0,1,0,0,차대차 - 추돌,신호위반,건조,맑음,교차로 - 교차로횡단보도내,이륜,남,68세,상해없음,이륜,남,41세,중상
2020082200100180,2020년 8월 22일 10시,토요일,대전광역시 유성구 용산동,중상사고,0,1,0,0,차대차 - 측면충돌,신호위반,건조,맑음,교차로 - 교차로안,승용,여,53세,상해없음,화물,남,59세,중상
2020082200100181,2020년 8월 22일 10시,토요일,대전광역시 유성구 용산동,경상사고,0,0,2,0,차대차 - 기타,안전거리미확보,건조,맑음,교차로 - 교차로부근,승용,여,41세,상해없음,승용,남,46세,경상
2020082200100281,2020년 8월 22일 13시,토요일,대전광역시 서구 월평동,경상사고,0,0,1,0,차대사람 - 기타,안전운전불이행,건조,흐림,단일로 - 기타,자전거,남,14세,상해없음,보행자,남,63세,경상
2020082200100282,2020년 8월 22일 13시,토요일,대전광역시 유성구 봉명동,중상사고,0,1,0,0,차대차 - 측면충돌,안전거리미확보,젖음/습기,흐림,단일로 - 기타,승용,여,31세,상해없음,이륜,남,47세,중상
2020082200100320,2020년 8월 22일 14시,토요일,대전광역시 중구 유천동,경상사고,0,0,2,0,차대차 - 추돌,안전운전불이행,젖음/습기,비,기타 - 기타,승용,여,35세,상해없음,승용,남,45세,경상
2020082200100321,2020년 8월 22일 14시,토요일,대전광역시 대덕구 석봉동,중상사고,0,1,0,0,차대차 - 기타,안전운전불이행,젖음/습기,비,단일로 - 기타,이륜,남,46세,중상,승용,남,25세,상해없음
2020082200100322,2020년 8월 22일 14시,토요일,대전광역시 서구 탄방동,경상사고,0,0,1,0,차대차 - 기타,안전운전불이행,젖음/습기,비,단일로 - 기타,승용,남,71세,상해없음,승용,여,31세,경상
2020082200100323,2020년 8월 22일 14시,토요일,대전광역시 유성구 신성동,경상사고,0,0,1,0,차대차 - 기타,교차로운행방법위반,젖음/습기,비,교차로 - 교차로안,승용,여,22세,상해없음,승용,남,63세,경상
2020082200100369,2020년 8월 22일 15시,토요일,대전광역시 유성구 봉명동,부상신고사고,0,0,0,2,차대차 - 기타,안전거리미확보,젖음/습기,흐림,단일로 - 기타,승용,남,66세,상해없음,승용,남,26세,부상신고
2020082200100404,2020년 8월 22일 16시,토요일,대전광역시 서구 관저동,경상사고,0,0,1,0,차대사람 - 횡단중,안전운전불이행,젖음/습기,비,교차로 - 교차로안,승용,남,56세,기타불명,보행자,남,71세,경상
2020082200100451,2020년 8월 22일 17시,토요일,대전광역시 유성구 구암동,경상사고,0,0,4,0,차대차 - 기타,신호위반,건조,맑음,교차로 - 교차로안,승용,여,25세,상해없음,승용,남,44세,경상
2020082200100527,2020년 8월 22일 19시,토요일,대전광역시 동구 대동,경상사고,0,0,1,0,차대사람 - 기타,안전운전불이행,건조,맑음,기타 - 기타,자전거,남,58세,경상,보행자,여,61세,상해없음
2020082200100528,2020년 8월 22일 19시,토요일,대전광역시 서구 월평동,경상사고,0,0,2,0,차대차 - 측면충돌,안전운전불이행,건조,맑음,교차로 - 교차로안,화물,남,47세,상해없음,승용,여,26세,경상
2020082200100529,2020년 8월 22일 19시,토요일,대전광역시 유성구 관평동,경상사고,0,0,2,0,차대차 - 추돌,안전운전불이행,건조,맑음,기타 - 기타,승용,남,53세,상해없음,승용,남,53세,경상
2020082200100601,2020년 8월 22일 21시,토요일,대전광역시 서구 관저동,경상사고,0,0,4,0,차대차 - 측면충돌,교차로운행방법위반,건조,맑음,교차로 - 교차로안,이륜,남,18세,기타불명,승용,여,35세,경상
2020082300100018,2020년 8월 23일 00시,일요일,대전광역시 중구 태평동,경상사고,0,0,2,0,차대사람 - 횡단중,신호위반,건조,흐림,교차로 - 교차로횡단보도내,승용,남,37세,상해없음,보행자,남,21세,경상
2020082300100041,2020년 8월 23일 02시,일요일,대전광역시 서구 둔산동,중상사고,0,1,4,0,차대차 - 기타,신호위반,건조,맑음,교차로 - 교차로안,승용,남,23세,상해없음,승용,남,54세,중상
2020082300100042,2020년 8월 23일 02시,일요일,대전광역시 서구 갈마동,경상사고,0,0,1,0,차대차 - 기타,안전운전불이행,건조,맑음,교차로 - 교차로안,승용,남,42세,상해없음,승용,여,48세,경상
2020082300100164,2020년 8월 23일 12시,일요일,대전광역시 서구 변동,중상사고,0,1,0,0,차대사람 - 횡단중,보행자보호의무위반,건조,맑음,교차로 - 교차로횡단보도내,승용,남,69세,상해없음,보행자,여,85세,중상
2020082300100227,2020년 8월 23일 14시,일요일,대전광역시 대덕구 오정동,경상사고,0,0,1,0,차대차 - 기타,안전운전불이행,건조,맑음,교차로 - 교차로부근,화물,남,71세,기타불명,승용,여,61세,경상
2020082300100251,2020년 8월 23일 15시,일요일,대전광역시 서구 탄방동,경상사고,0,0,3,2,차대차 - 측면충돌,안전운전불이행,건조,맑음,교차로 - 교차로부근,승용,남,59세,상해없음,승용,남,38세,상해없음