사고번호,사고일시,요일,시군구,사고내용,사망자수,중상자수,경상자수,부상신고자수,사고유형,법규위반,노면상태,기상상태,도로형태,가해운전자 차종,가해운전자 성별,가해운전자 연령,가해운전자 상해정도,피해운전자 차종,피해운전자 성별,피해운전자 연령,피해운전자 상해정도
2020101300100536,2020년 10월 13일 18시,화요일,대전광역시 대덕구 법동,경상사고,0,0,1,0,차대차 - 측면충돌,안전운전불이행,건조,맑음,단일로 - 기타,승용,남,60세,기타불명,승용,여,29세,경상
2020101300100537,2020년 10월 13일 18시,화요일,대전광역시 서구 둔산동,경상사고,0,0,1,0,차대차 - 후진중충돌,안전운전불이행,건조,맑음,단일로 - 기타,승용,남,20세,상해없음,승용,남,29세,경상
2020101300100574,2020년 10월 13일 19시,화요일,대전광역시 서구 둔산동,중상사고,0,1,0,0,차대차 - 측면충돌,교차로운행방법위반,건조,맑음,교차로 - 교차로안,승용,남,60세,상해없음,승용,여,61세,중상
2020101300100575,2020년 10월 13일 19시,화요일,대전광역시 유성구 도룡동,경상사고,0,0,1,0,차대차 - 추돌,안전거리미확보,건조,맑음,단일로 - 기타,승용,남,33세,상해없음,승합,남,27세,경상
2020101300100576,2020년 10월 13일 19시,화요일,대전광역시 유성구 상대동,중상사고,0,1,0,0,차대사람 - 기타,안전운전불이행,건조,맑음,단일로 - 기타,이륜,남,37세,상해없음,보행자,여,74세,중상
2020101300100577,2020년 10월 13일 19시,화요일,대전광역시 유성구 봉명동,경상사고,0,0,1,0,차대차 - 기타,안전운전불이행,건조,맑음,기타 - 기타,승용,남,65세,상해없음,승용,남,69세,경상
2020101300100599,2020년 10월 13일 20시,화요일,대전광역시 중구 문창동,경상사고,0,0,4,0,차대차 - 기타,교차로운행방법위반,건조,맑음,교차로 - 교차로안,승용,여,51세,상해없음,승용,남,29세,경상
2020101300100600,2020년 10월 13일 20시,화요일,대전광역시 중구 용두동,중상사고,0,2,3,0,차대차 - 기타,신호위반,건조,맑음,교차로 - 교차로안,승용,여,27세,상해없음,승용,남,64세,중상
2020101300100601,2020년 10월 13일 20시,화요일,대전광역시 서구 둔산동,경상사고,0,0,2,0,차대차 - 기타,안전운전불이행,건조,맑음,교차로 - 교차로부근,화물,남,46세,상해없음,승용,남,48세,경상
2020101300100630,2020년 10월 13일 21시,화요일,대전광역시 중구 대흥동,경상사고,0,0,1,0,차대사람 - 차도통행중,안전운전불이행,건조,맑음,단일로 - 기타,이륜,남,22세,상해없음,보행자,남,59세,경상
2020101300100631,2020년 10월 13일 21시,화요일,대전광역시 동구 삼성동,경상사고,0,0,1,0,차대차 - 측면충돌,안전운전불이행,건조,맑음,교차로 - 교차로안,승용,남,65세,상해없음,승용,남,28세,경상
2020101300100656,2020년 10월 13일 22시,화요일,대전광역시 유성구 봉명동,경상사고,0,0,1,0,차대차 - 기타,안전운전불이행,건조,맑음,교차로 - 교차로부근,승용,남,19세,상해없음,승용,여,25세,경상
2020101400100015,2020년 10월 14일 00시,수요일,대전광역시 서구 괴정동,중상사고,0,1,1,0,차대차 - 측면충돌,안전운전불이행,건조,맑음,교차로 - 교차로부근,승용,남,25세,상해없음,승용,남,41세,경상
2020101400100016,2020년 10월 14일 00시,수요일,대전광역시 유성구 송강동,경상사고,0,0,1,0,차대차 - 추돌,안전운전불이행,건조,맑음,단일로 - 기타,승용,남,29세,상해없음,승용,남,38세,경상
2020101400100088,2020년 10월 14일 07시,수요일,대전광역시 유성구 관평동,경상사고,0,0,1,0,차대차 - 기타,안전운전불이행,건조,흐림,단일로 - 기타,이륜,남,37세,상해없음,승용,남,66세,경상
2020101400100125,2020년 10월 14일 08시,수요일,대전광역시 대덕구 법동,경상사고,0,0,1,0,차대차 - 정면충돌,신호위반,건조,맑음,교차로 - 교차로안,승용,여,29세,상해없음,이륜,여,51세,경상
2020101400100156,2020년 10월 14일 09시,수요일,대전광역시 동구 삼괴동,경상사고,0,0,1,0,차량단독 - 기타,안전운전불이행,건조,맑음,단일로 - 교량,승용,여,46세,경상,,,,
2020101400100353,2020년 10월 14일 15시,수요일,대전광역시 대덕구 중리동,중상사고,0,1,0,0,차대차 - 기타,신호위반,건조,맑음,교차로 - 교차로횡단보도내,승용,남,30세,상해없음,이륜,남,72세,중상
2020101400100392,2020년 10월 14일 16시,수요일,대전광역시 중구 유천동,경상사고,0,0,1,0,차대사람 - 횡단중,보행자보호의무위반,건조,맑음,단일로 - 기타,자전거,남,69세,상해없음,보행자,여,22세,경상
2020101400100434,2020년 10월 14일 17시,수요일,대전광역시 서구 갈마동,경상사고,0,0,1,0,차대차 - 측면충돌,안전운전불이행,건조,맑음,교차로 - 교차로부근,승용,남,71세,상해없음,승용,남,27세,경상
2020101400100491,2020년 10월 14일 18시,수요일,대전광역시 동구 낭월동,중상사고,0,1,0,0,차대차 - 정면충돌,신호위반,젖음/습기,맑음,교차로 - 교차로안,승용,남,37세,상해없음,이륜,남,60세,중상
2020101400100492,2020년 10월 14일 18시,수요일,대전광역시 서구 만년동,경상사고,0,0,2,0,차대차 - 기타,교차로운행방법위반,건조,맑음,교차로 - 교차로부근,기타불명,기타불명,미분류,기타불명,승합,남,59세,상해없음
2020101400100575,2020년 10월 14일 20시,수요일,대전광역시 유성구 도룡동,경상사고,0,0,1,0,차대차 - 측면충돌,안전운전불이행,건조,맑음,교차로 - 교차로부근,승용,남,60세,상해없음,승용,여,52세,경상
2020101400100601,2020년 10월 14일 21시,수요일,대전광역시 동구 천동,경상사고,0,0,1,0,차대사람 - 횡단중,보행자보호의무위반,건조,맑음,교차로 - 교차로안,화물,남,38세,상해없음,보행자,여,38세,경상
2020101400100602,2020년 10월 14일 21시,수요일,대전광역시 유성구 관평동,경상사고,0,0,1,0,차대차 - 측면충돌,안전운전불이행,건조,맑음,교차로 - 교차로부근,이륜,남,31세,기타불명,승용,남,41세,경상
2020101400100627,2020년 10월 14일 22시,수요일,대전광역시 유성구 도룡동,중상사고,0,1,1,0,차대차 - 측면충돌,신호위반,건조,맑음,교차로 - 교차로안,승용,여,27세,상해없음,승합,남,63세,경상
2020101500100121,2020년 10월 15일 08시,목요일,대전광역시 중구 문화동,경상사고,0,0,1,0,차대차 - 기타,안전운전불이행,건조,맑음,교차로 - 교차로안,승용,여,23세,상해없음,승용,남,49세,경상
2020101500100158,2020년 10월 15일 09시,목요일,대전광역시 서구 내동,경상사고,0,0,1,1,차대차 - 기타,안전운전불이행,건조,맑음,단일로 - 기타,승용,남,67세,상해없음,승합,남,47세,경상
2020101500100232,2020년 10월 15일 11시,목요일,대전광역시 대덕구 오정동,경상사고,0,0,1,0,차대사람 - 보도통행중,보행자보호의무위반,건조,맑음,교차로 - 교차로횡단보도내,승용,남,75세,상해없음,보행자,여,57세,경상
2020101500100233,2020년 10월 15일 11시,목요일,대전광역시 유성구 노은동,경상사고,0,0,1,1,차대차 - 추돌,신호위반,건조,맑음,교차로 - 교차로안,화물,남,75세,기타불명,승용,남,50세,경상
2020101500100274,2020년 10월 15일 12시,목요일,대전광역시 대덕구 중리동,경상사고,0,0,1,0,차대차 - 기타,안전운전불이행,건조,맑음,단일로 - 기타,승용,여,57세,상해없음,이륜,남,86세,경상
2020101500100314,2020년 10월 15일 13시,목요일,대전광역시 서구 괴정동,중상사고,0,1,0,0,차대차 - 기타,안전운전불이행,건조,맑음,교차로 - 교차로부근,화물,남,55세,기타불명,승용,남,37세,중상
2020101500100346,2020년 10월 15일 14시,목요일,대전광역시 서구 둔산동,부상신고사고,0,0,0,1,차대차 - 측면충돌,안전운전불이행,건조,맑음,단일로 - 기타,승용,여,59세,상해없음,승합,남,51세,부상신고
2020101500100391,2020년 10월 15일 15시,목요일,대전광역시 중구 안영동,경상사고,0,0,1,0,차대차 - 측면충돌,안전운전불이행,건조,맑음,교차로 - 교차로부근,화물,여,66세,상해없음,승용,남,69세,경상
2020101500100392,2020년 10월 15일 15시,목요일,대전광역시 대덕구 중리동,경상사고,0,0,2,0,차대차 - 기타,안전운전불이행,건조,맑음,교차로 - 교차로부근,승용,남,51세,상해없음,승용,남,32세,경상
2020101500100394,2020년 10월 15일 15시,목요일,대전광역시 서구 월평동,경상사고,0,0,1,1,차대차 - 기타,안전운전불이행,건조,맑음,단일로 - 기타,승용,남,60세,부상신고,승용,여,51세,경상
2020101500100432,2020년 10월 15일 16시,목요일,대전광역시 동구 가양동,경상사고,0,0,3,0,차대차 - 측면충돌,안전운전불이행,건조,맑음,교차로 - 교차로안,이륜,남,24세,경상,승용,남,47세,경상
2020101500100433,2020년 10월 15일 16시,목요일,대전광역시 서구 둔산동,경상사고,0,0,2,0,차대차 - 기타,안전운전불이행,건조,맑음,단일로 - 기타,승용,여,46세,상해없음,승용,남,63세,경상
2020101500100434,2020년 10월 15일 16시,목요일,대전광역시 서구 만년동,경상사고,0,0,2,0,차대차 - 측면충돌,신호위반,건조,맑음,교차로 - 교차로안,승용,남,52세,상해없음,승용,남,63세,경상
2020101500100493,2020년 10월 15일 17시,목요일,대전광역시 동구 대동,중상사고,0,1,0,0,차대차 - 측면충돌,불법유턴,건조,맑음,단일로 - 기타,자전거,남,80세,중상,승용,남,60세,상해없음
2020101500100494,2020년 10월 15일 17시,목요일,대전광역시 서구 가장동,경상사고,0,0,1,0,차대차 - 기타,신호위반,건조,맑음,단일로 - 기타,승용,남,60세,상해없음,이륜,남,80세,경상
2020101500100620,2020년 10월 15일 19시,목요일,대전광역시 유성구 봉명동,경상사고,0,0,1,1,차대차 - 기타,안전거리미확보,건조,맑음,단일로 - 기타,승용,남,61세,상해없음,승용,남,19세,경상
2020101500100688,2020년 10월 15일 22시,목요일,대전광역시 서구 둔산동,경상사고,0,0,5,0,차대차 - 기타,안전운전불이행,건조,맑음,교차로 - 교차로안,승용,남,28세,경상,승용,남,25세,경상
2020101600100020,2020년 10월 16일 01시,금요일,대전광역시 서구 괴정동,경상사고,0,0,1,0,차대차 - 기타,중앙선침범,건조,맑음,교차로 - 교차로부근,승용,남,72세,상해없음,승용,남,38세,경상
2020101600100021,2020년 10월 16일 01시,금요일,대전광역시 유성구 구암동,경상사고,0,0,2,0,차대차 - 추돌,안전거리미확보,건조,맑음,교차로 - 교차로부근,승용,남,65세,상해없음,승용,여,56세,경상
2020101600100025,2020년 10월 16일 02시,금요일,대전광역시 유성구 관평동,경상사고,0,0,1,0,차대차 - 기타,안전운전불이행,건조,맑음,교차로 - 교차로안,승용,남,58세,상해없음,승용,여,51세,경상
2020101600100030,2020년 10월 16일 03시,금요일,대전광역시 유성구 용계동,경상사고,0,0,1,0,차대차 - 기타,안전거리미확보,건조,맑음,교차로 - 교차로부근,특수,남,50세,상해없음,승용,남,25세,경상
2020101600100036,2020년 10월 16일 04시,금요일,대전광역시 대덕구 오정동,경상사고,0,0,1,0,차대차 - 측면충돌,신호위반,건조,맑음,교차로 - 교차로안,승용,여,60세,기타불명,화물,남,61세,기타불명
2020101600100113,2020년 10월 16일 08시,금요일,대전광역시 동구 판암동,경상사고,0,0,2,0,차대차 - 측면충돌,안전운전불이행,건조,맑음,단일로 - 기타,승용,남,70세,상해없음,승용,남,47세,경상
2020101600100138,2020년 10월 16일 09시,금요일,대전광역시 중구 태평동,경상사고,0,0,1,0,차대사람 - 차도통행중,안전운전불이행,건조,맑음,교차로 - 교차로안,화물,남,64세,상해없음,보행자,여,42세,경상
2020101600100139,2020년 10월 16일 09시,금요일,대전광역시 동구 낭월동,중상사고,0,1,0,0,차대사람 - 기타,안전운전불이행,건조,맑음,단일로 - 기타,화물,남,46세,상해없음,보행자,여,80세,중상
2020101600100140,2020년 10월 16일 09시,금요일,대전광역시 서구 월평동,경상사고,0,0,1,0,차대차 - 추돌,안전운전불이행,건조,맑음,단일로 - 교량,화물,남,49세,상해없음,승용,남,60세,경상
2020101600100163,2020년 10월 16일 10시,금요일,대전광역시 유성구 구암동,경상사고,0,0,1,0,차대차 - 측면충돌,안전운전불이행,건조,맑음,단일로 - 기타,승용,여,60세,상해없음,승용,남,38세,경상
2020101600100201,2020년 10월 16일 11시,금요일,대전광역시 중구 대사동,중상사고,0,1,0,0,차대차 - 측면충돌,안전운전불이행,건조,맑음,단일로 - 기타,화물,남,57세,상해없음,승용,남,30세,중상
2020101600100202,2020년 10월 16일 11시,금요일,대전광역시 동구 용운동,경상사고,0,0,3,0,차대차 - 기타,과속,건조,맑음,교차로 - 교차로안,승용,남,34세,경상,화물,남,50세,경상
2020101600100203,2020년 10월 16일 11시,금요일,대전광역시 서구 탄방동,경상사고,0,0,1,0,차대사람 - 기타,안전운전불이행,건조,맑음,단일로 - 기타,승용,남,73세,상해없음,보행자,남,65세,경상
2020101600100267,2020년 10월 16일 13시,금요일,대전광역시 유성구 원내동,경상사고,0,0,1,0,차대차 - 측면충돌,안전운전불이행,건조,맑음,교차로 - 교차로부근,승용,여,55세,상해없음,자전거,여,41세,경상
2020101600100302,2020년 10월 16일 14시,금요일,대전광역시 중구 선화동,경상사고,0,0,1,0,차대사람 - 기타,신호위반,건조,맑음,교차로 - 교차로안,기타불명,남,25세,상해없음,보행자,남,45세,경상
2020101600100303,2020년 10월 16일 14시,금요일,대전광역시 서구 괴정동,중상사고,0,1,0,0,차대차 - 정면충돌,중앙선침범,건조,맑음,교차로 - 교차로부근,승용,남,87세,상해없음,승용,여,29세,중상
2020101600100338,2020년 10월 16일 15시,금요일,대전광역시 중구 유천동,경상사고,0,0,1,0,차대차 - 측면충돌,안전운전불이행,건조,맑음,교차로 - 교차로부근,승용,남,75세,상해없음,승용,여,72세,경상
2020101600100339,2020년 10월 16일 15시,금요일,대전광역시 서구 만년동,경상사고,0,0,1,0,차대차 - 기타,안전운전불이행,건조,맑음,교차로 - 교차로부근,화물,남,34세,기타불명,승용,여,46세,경상
2020101600100377,2020년 10월 16일 16시,금요일,대전광역시 서구 관저동,경상사고,0,0,1,0,차대사람 - 기타,보행자보호의무위반,건조,맑음,교차로 - 교차로횡단보도내,승용,여,27세,상해없음,보행자,여,50세,경상
2020101600100379,2020년 10월 16일 16시,금요일,대전광역시 유성구 방동,경상사고,0,0,3,0,차대차 - 추돌,안전거리미확보,건조,맑음,교차로 - 교차로안,화물,남,31세,상해없음,승합,남,34세,경상
2020101600100516,2020년 10월 16일 18시,금요일,대전광역시 중구 안영동,경상사고,0,0,1,0,차대차 - 측면충돌,신호위반,건조,맑음,교차로 - 교차로부근,승용,남,60세,상해없음,승용,남,29세,경상
2020101600100517,2020년 10월 16일 18시,금요일,대전광역시 중구 유천동,중상사고,0,1,0,0,차대차 - 기타,교차로운행방법위반,건조,맑음,교차로 - 교차로안,승용,남,30세,기타불명,승합,남,56세,상해없음
2020101600100600,2020년 10월 16일 20시,금요일,대전광역시 중구 문창동,경상사고,0,0,1,0,차대차 - 측면충돌,과속,건조,맑음,교차로 - 교차로횡단보도내,승용,남,29세,상해없음,이륜,남,45세,경상
2020101600100601,2020년 10월 16일 20시,금요일,대전광역시 동구 중동,경상사고,0,0,1,0,차대차 - 추돌,안전운전불이행,건조,맑음,단일로 - 기타,승용,남,62세,상해없음,승용,남,62세,상해없음
2020101600100602,2020년 10월 16일 20시,금요일,대전광역시 대덕구 상서동,중상사고,0,2,1,0,차대차 - 기타,안전운전불이행,건조,맑음,단일로 - 기타,화물,남,52세,경상,승용,남,38세,중상
2020101600100682,2020년 10월 16일 23시,금요일,대전광역시 서구 갈마동,중상사고,0,1,0,0,차대차 - 정면충돌,신호위반,건조,맑음,교차로 - 교차로안,승용,남,31세,상해없음,승용,남,34세,중상
2020101700100044,2020년 10월 17일 02시,토요일,대전광역시 서구 갈마동,경상사고,0,0,2,0,차대차 - 추돌,안전운전불이행,건조,맑음,교차로 - 교차로부근,승용,남,27세,상해없음,승용,남,28세,경상
2020101700100067,2020년 10월 17일 05시,토요일,대전광역시 서구 정림동,경상사고,0,0,1,0,차대차 - 기타,중앙선침범,건조,맑음,단일로 - 기타,승용,남,46세,상해없음,승용,남,29세,상해없음
2020101700100126,2020년 10월 17일 08시,토요일,대전광역시 서구 둔산동,경상사고,0,0,1,0,차대차 - 기타,신호위반,건조,맑음,교차로 - 교차로안,승용,여,47세,상해없음,승용,여,53세,상해없음
2020101700100127,2020년 10월 17일 08시,토요일,대전광역시 유성구 봉명동,경상사고,0,0,1,0,차대차 - 추돌,안전운전불이행,건조,맑음,단일로 - 기타,승용,남,58세,상해없음,승용,여,68세,경상
2020101700100150,2020년 10월 17일 09시,토요일,대전광역시 대덕구 중리동,중상사고,0,1,0,0,차대사람 - 기타,안전운전불이행,건조,맑음,교차로 - 교차로안,화물,남,47세,상해없음,보행자,여,42세,중상
2020101700100324,2020년 10월 17일 13시,토요일,대전광역시 서구 월평동,경상사고,0,0,2,0,차대차 - 기타,신호위반,건조,맑음,교차로 - 교차로횡단보도내,승용,남,33세,상해없음,승용,남,26세,경상
2020101700100325,2020년 10월 17일 13시,토요일,대전광역시 유성구 관평동,경상사고,0,0,1,0,차대차 - 측면충돌,안전운전불이행,건조,맑음,주차장 - 주차장,승용,남,60세,상해없음,승용,남,27세,경상
2020101700100372,2020년 10월 17일 14시,토요일,대전광역시 동구 자양동,경상사고,0,0,1,0,차대사람 - 기타,안전운전불이행,건조,맑음,단일로 - 기타,승용,여,50세,상해없음,보행자,남,32세,경상
2020101700100373,2020년 10월 17일 14시,토요일,대전광역시 유성구 봉명동,경상사고,0,0,1,0,차대차 - 측면충돌,안전거리미확보,건조,맑음,단일로 - 기타,승용,여,53세,상해없음,이륜,남,26세,경상
2020101700100411,2020년 10월 17일 15시,토요일,대전광역시 중구 문화동,사망사고,1,0,0,0,차량단독 - 기타,안전운전불이행,건조,맑음,단일로 - 기타,이륜,남,82세,사망,,,,
2020101700100412,2020년 10월 17일 15시,토요일,대전광역시 중구 문화동,경상사고,0,0,1,0,차량단독 - 기타,안전운전불이행,건조,맑음,교차로 - 교차로부근,승합,남,64세,기타불명,,,,
2020101700100413,2020년 10월 17일 15시,토요일,대전광역시 서구 도마동,중상사고,0,1,0,0,차대사람 - 횡단중,보행자보호의무위반,건조,맑음,교차로 - 교차로횡단보도내,화물,남,49세,상해없음,보행자,여,70세,중상
2020101700100414,2020년 10월 17일 15시,토요일,대전광역시 서구 도마동,경상사고,0,0,1,0,차량단독 - 기타,안전운전불이행,건조,맑음,단일로 - 기타,승용,여,58세,경상,,,,
2020101700100462,2020년 10월 17일 16시,토요일,대전광역시 서구 관저동,경상사고,0,0,4,0,차대차 - 추돌,안전거리미확보,건조,맑음,교차로 - 교차로부근,특수,남,59세,상해없음,승용,남,39세,경상
2020101700100463,2020년 10월 17일 16시,토요일,대전광역시 대덕구 오정동,중상사고,0,2,0,0,차대차 - 기타,안전운전불이행,건조,맑음,단일로 - 기타,승용,여,58세,상해없음,승용,남,62세,중상
2020101700100500,2020년 10월 17일 17시,토요일,대전광역시 서구 용문동,경상사고,0,0,3,0,차대차 - 후진중충돌,안전운전불이행,건조,맑음,단일로 - 기타,승용,남,77세,상해없음,승용,남,37세,경상
2020101700100563,2020년 10월 17일 18시,토요일,대전광역시 서구 둔산동,중상사고,0,1,0,0,차량단독 - 기타,안전운전불이행,건조,맑음,단일로 - 기타,승합,남,53세,상해없음,,,,
2020101700100564,2020년 10월 17일 18시,토요일,대전광역시 서구 둔산동,경상사고,0,0,1,2,차대차 - 기타,교차로운행방법위반,건조,맑음,교차로 - 교차로부근,승용,여,35세,부상신고,승용,여,47세,경상
2020101700100565,2020년 10월 17일 18시,토요일,대전광역시 유성구 용산동,중상사고,0,1,0,0,차대사람 - 기타,안전운전불이행,건조,맑음,단일로 - 기타,자전거,남,56세,상해없음,보행자,여,47세,중상
2020101700100566,2020년 10월 17일 18시,토요일,대전광역시 유성구 봉명동,경상사고,0,0,1,0,차대사람 - 기타,안전운전불이행,건조,맑음,기타 - 기타,승용,남,30세,상해없음,보행자,여,23세,경상
2020101700100624,2020년 10월 17일 19시,토요일,대전광역시 서구 둔산동,경상사고,0,0,1,0,차대차 - 추돌,안전운전불이행,건조,맑음,단일로 - 기타,승용,남,20세,상해없음,승용,남,61세,경상
2020101700100687,2020년 10월 17일 21시,토요일,대전광역시 중구 사정동,경상사고,0,0,1,0,차대차 - 측면충돌,안전거리미확보,건조,맑음,교차로 - 교차로안,승용,여,36세,상해없음,승용,남,32세,경상
2020101700100688,2020년 10월 17일 21시,토요일,대전광역시 서구 둔산동,경상사고,0,0,1,0,차대사람 - 기타,보행자보호의무위반,건조,맑음,교차로 - 교차로횡단보도내,승용,남,28세,상해없음,보행자,여,18세,경상
2020101700100731,2020년 10월 17일 23시,토요일,대전광역시 중구 태평동,중상사고,0,1,1,0,차대차 - 측면충돌,신호위반,건조,맑음,교차로 - 교차로안,승합,남,59세,상해없음,승용,남,47세,경상
2020101700100732,2020년 10월 17일 23시,토요일,대전광역시 서구 도마동,경상사고,0,0,1,0,차대차 - 측면충돌,안전운전불이행,건조,맑음,교차로 - 교차로안,기타불명,기타불명,미분류,기타불명,승용,여,48세,경상
2020101700100733,2020년 10월 17일 23시,토요일,대전광역시 유성구 방현동,경상사고,0,0,1,0,차량단독 - 공작물충돌,안전운전불이행,건조,맑음,단일로 - 기타,승용,남,40세,상해없음,,,,
2020101800100037,2020년 10월 18일 02시,일요일,대전광역시 서구 갈마동,경상사고,0,0,2,0,차대차 - 추돌,안전운전불이행,건조,맑음,교차로 - 교차로부근,승용,남,27세,상해없음,승용,남,51세,경상
2020101800100053,2020년 10월 18일 04시,일요일,대전광역시 서구 괴정동,중상사고,0,1,0,0,차대차 - 기타,안전운전불이행,건조,맑음,단일로 - 고가도로위,승용,남,27세,상해없음,승용,남,52세,중상
2020101800100065,2020년 10월 18일 05시,일요일,대전광역시 중구 용두동,경상사고,0,0,1,0,차대차 - 추돌,안전운전불이행,건조,맑음,교차로 - 교차로부근,승용,남,35세,상해없음,승용,남,28세,경상
2020101800100066,2020년 10월 18일 05시,일요일,대전광역시 유성구 관평동,중상사고,0,1,1,0,차대차 - 기타,신호위반,건조,맑음,교차로 - 교차로안,승용,남,57세,중상,승용,남,22세,경상
2020101800100123,2020년 10월 18일 09시,일요일,대전광역시 중구 문화동,경상사고,0,0,1,0,차대차 - 기타,안전운전불이행,건조,맑음,단일로 - 기타,승용,여,71세,상해없음,승합,남,56세,상해없음
2020101800100153,2020년 10월 18일 10시,일요일,대전광역시 유성구 지족동,경상사고,0,0,2,0,차대차 - 기타,중앙선침범,건조,맑음,단일로 - 기타,승용,여,53세,상해없음,승용,남,64세,경상
2020101800100177,2020년 10월 18일 11시,일요일,대전광역시 서구 흑석동,중상사고,0,1,1,0,차량단독 - 기타,안전운전불이행,건조,맑음,단일로 - 기타,승합,남,61세,상해없음,,,,
2020101800100178,2020년 10월 18일 11시,일요일,대전광역시 유성구 장대동,경상사고,0,0,4,0,차대차 - 추돌,안전운전불이행,건조,맑음,교차로 - 교차로안,승용,남,58세,상해없음,승용,여,29세,경상
2020101800100274,2020년 10월 18일 14시,일요일,대전광역시 유성구 도룡동,경상사고,0,0,1,1,차대차 - 측면충돌,안전운전불이행,건조,맑음,단일로 - 기타,승용,남,19세,부상신고,승용,남,73세,경상
2020101800100319,2020년 10월 18일 15시,일요일,대전광역시 대덕구 비래동,경상사고,0,0,2,0,차대차 - 후진중충돌,안전운전불이행,건조,맑음,교차로 - 교차로횡단보도내,승용,여,61세,상해없음,승용,남,29세,경상
2020101800100369,2020년 10월 18일 16시,일요일,대전광역시 동구 소제동,경상사고,0,0,1,0,차대차 - 측면충돌,신호위반,건조,맑음,교차로 - 교차로안,승용,남,60세,상해없음,이륜,남,25세,경상
2020101800100499,2020년 10월 18일 19시,일요일,대전광역시 유성구 궁동,중상사고,0,1,0,0,차대차 - 정면충돌,중앙선침범,건조,맑음,단일로 - 기타,승용,남,26세,상해없음,이륜,남,37세,중상
2020101800100521,2020년 10월 18일 20시,일요일,대전광역시 서구 월평동,경상사고,0,0,4,0,차대차 - 추돌,안전운전불이행,건조,맑음,교차로 - 교차로부근,승용,남,36세,상해없음,승용,여,45세,경상
2020101800100522,2020년 10월 18일 20시,일요일,대전광역시 유성구 장대동,경상사고,0,0,1,0,차대차 - 측면충돌,안전거리미확보,건조,맑음,교차로 - 교차로부근,승용,남,23세,상해없음,승용,남,42세,경상
2020101800100538,2020년 10월 18일 21시,일요일,대전광역시 서구 관저동,경상사고,0,0,1,0,차대차 - 추돌,안전운전불이행,건조,맑음,교차로 - 교차로부근,승용,남,62세,상해없음,승합,남,49세,경상
2020101900100020,2020년 10월 19일 02시,월요일,대전광역시 중구 대흥동,중상사고,0,1,2,0,차대차 - 측면충돌,신호위반,건조,맑음,교차로 - 교차로안,승용,남,68세,상해없음,승용,남,56세,중상
2020101900100061,2020년 10월 19일 06시,월요일,대전광역시 대덕구 중리동,경상사고,0,0,3,0,차대차 - 기타,안전운전불이행,건조,맑음,교차로 - 교차로안,승합,남,41세,상해없음,승용,남,64세,경상
2020101900100089,2020년 10월 19일 07시,월요일,대전광역시 서구 월평동,경상사고,0,0,1,0,차대차 - 기타,기타,건조,맑음,단일로 - 기타,자전거,여,72세,상해없음,승용,여,50세,경상
2020101900100146,2020년 10월 19일 08시,월요일,대전광역시 대덕구 덕암동,중상사고,0,1,0,0,차대사람 - 횡단중,보행자보호의무위반,건조,맑음,교차로 - 교차로안,승용,남,45세,상해없음,보행자,여,80세,중상
2020101900100147,2020년 10월 19일 08시,월요일,대전광역시 서구 만년동,경상사고,0,0,2,0,차대차 - 기타,신호위반,건조,맑음,교차로 - 교차로안,승용,남,57세,상해없음,승용,여,53세,경상
2020101900100232,2020년 10월 19일 10시,월요일,대전광역시 중구 대흥동,경상사고,0,0,1,0,차대차 - 기타,교차로운행방법위반,건조,맑음,기타 - 기타,승용,남,62세,기타불명,승용,남,34세,경상
2020101900100233,2020년 10월 19일 10시,월요일,대전광역시 유성구 관평동,부상신고사고,0,0,0,1,차대사람 - 기타,보행자보호의무위반,건조,맑음,교차로 - 교차로횡단보도내,화물,남,52세,상해없음,보행자,여,44세,부상신고
2020101900100264,2020년 10월 19일 11시,월요일,대전광역시 서구 도안동,경상사고,0,0,2,0,차대차 - 후진중충돌,안전운전불이행,건조,맑음,교차로 - 교차로부근,승용,남,54세,상해없음,승용,여,41세,경상
2020101900100266,2020년 10월 19일 11시,월요일,대전광역시 대덕구 연축동,경상사고,0,0,2,0,차대차 - 기타,교차로운행방법위반,건조,맑음,단일로 - 기타,승용,남,57세,상해없음,승용,남,49세,경상
2020101900100305,2020년 10월 19일 12시,월요일,대전광역시 서구 정림동,경상사고,0,0,1,0,차대차 - 추돌,안전거리미확보,건조,맑음,교차로 - 교차로부근,승합,남,50세,상해없음,승용,여,50세,경상
2020101900100356,2020년 10월 19일 13시,월요일,대전광역시 서구 정림동,경상사고,0,0,1,0,차대차 - 추돌,보행자보호의무위반,건조,맑음,교차로 - 교차로부근,화물,남,38세,상해없음,원동기,남,12세,경상
2020101900100396,2020년 10월 19일 14시,월요일,대전광역시 대덕구 중리동,경상사고,0,0,1,0,차대차 - 기타,안전운전불이행,건조,맑음,단일로 - 기타,화물,남,36세,상해없음,이륜,남,21세,경상
2020101900100397,2020년 10월 19일 14시,월요일,대전광역시 유성구 봉명동,경상사고,0,0,1,0,차대차 - 기타,교차로운행방법위반,건조,맑음,교차로 - 교차로안,화물,남,64세,상해없음,승용,여,68세,경상
2020101900100476,2020년 10월 19일 16시,월요일,대전광역시 중구 유천동,경상사고,0,0,1,0,차대차 - 기타,신호위반,건조,맑음,교차로 - 교차로횡단보도내,승용,남,60세,상해없음,자전거,여,57세,경상