사고번호,사고일시,요일,시군구,사고내용,사망자수,중상자수,경상자수,부상신고자수,사고유형,법규위반,노면상태,기상상태,도로형태,가해운전자 차종,가해운전자 성별,가해운전자 연령,가해운전자 상해정도,피해운전자 차종,피해운전자 성별,피해운전자 연령,피해운전자 상해정도
2020101900100477,2020년 10월 19일 16시,월요일,대전광역시 중구 대흥동,경상사고,0,0,1,0,차대차 - 기타,기타,건조,맑음,단일로 - 기타,승용,남,40세,상해없음,자전거,남,13세,경상
2020101900100527,2020년 10월 19일 17시,월요일,대전광역시 동구 대성동,경상사고,0,0,1,0,차대차 - 측면충돌,안전운전불이행,건조,맑음,교차로 - 교차로안,승용,남,40세,상해없음,원동기,남,54세,경상
2020101900100528,2020년 10월 19일 17시,월요일,대전광역시 서구 둔산동,경상사고,0,0,1,0,차대사람 - 기타,안전운전불이행,건조,맑음,단일로 - 기타,승용,여,62세,상해없음,보행자,남,63세,경상
2020101900100586,2020년 10월 19일 18시,월요일,대전광역시 중구 산성동,중상사고,0,1,1,0,차대차 - 기타,신호위반,건조,맑음,교차로 - 교차로안,이륜,여,62세,경상,이륜,남,34세,중상
2020101900100587,2020년 10월 19일 18시,월요일,대전광역시 중구 오류동,경상사고,0,0,4,0,차대차 - 측면충돌,안전거리미확보,건조,맑음,교차로 - 교차로안,승용,남,68세,상해없음,승용,여,57세,경상
2020101900100588,2020년 10월 19일 18시,월요일,대전광역시 대덕구 법동,경상사고,0,0,1,0,차대차 - 기타,교차로운행방법위반,건조,맑음,교차로 - 교차로안,승용,남,26세,상해없음,자전거,여,53세,경상
2020101900100589,2020년 10월 19일 18시,월요일,대전광역시 서구 탄방동,경상사고,0,0,1,0,차대차 - 측면충돌,불법유턴,건조,맑음,단일로 - 기타,자전거,남,54세,경상,승용,여,52세,상해없음
2020101900100590,2020년 10월 19일 18시,월요일,대전광역시 유성구 교촌동,경상사고,0,0,1,0,차대차 - 추돌,안전운전불이행,건조,맑음,교차로 - 교차로부근,원동기,남,41세,상해없음,승용,남,22세,경상
2020101900100667,2020년 10월 19일 20시,월요일,대전광역시 서구 복수동,경상사고,0,0,1,0,차대차 - 측면충돌,교차로운행방법위반,건조,맑음,교차로 - 교차로안,승용,남,22세,상해없음,승합,남,53세,경상
2020101900100668,2020년 10월 19일 20시,월요일,대전광역시 대덕구 문평동,중상사고,0,1,0,0,차대사람 - 기타,안전운전불이행,건조,맑음,단일로 - 기타,화물,남,53세,상해없음,보행자,여,39세,중상
2020101900100669,2020년 10월 19일 20시,월요일,대전광역시 서구 갈마동,경상사고,0,0,1,0,차대차 - 측면충돌,교차로운행방법위반,건조,맑음,교차로 - 교차로안,승용,남,66세,기타불명,승용,남,22세,경상
2020101900100713,2020년 10월 19일 22시,월요일,대전광역시 서구 가수원동,경상사고,0,0,3,0,차대차 - 추돌,안전운전불이행,건조,맑음,단일로 - 기타,승용,여,58세,상해없음,승용,남,50세,경상
2020101900100714,2020년 10월 19일 22시,월요일,대전광역시 유성구 용계동,중상사고,0,2,0,0,차대차 - 측면충돌,신호위반,건조,맑음,교차로 - 교차로안,승용,여,29세,상해없음,승용,남,34세,중상
2020102000100123,2020년 10월 20일 08시,화요일,대전광역시 동구 대성동,경상사고,0,0,2,0,차대차 - 추돌,안전운전불이행,건조,맑음,단일로 - 기타,승용,남,35세,상해없음,승용,남,52세,경상
2020102000100124,2020년 10월 20일 08시,화요일,대전광역시 서구 월평동,중상사고,0,1,5,0,차대차 - 추돌,안전거리미확보,건조,맑음,단일로 - 기타,승합,남,59세,상해없음,승용,여,24세,경상
2020102000100159,2020년 10월 20일 09시,화요일,대전광역시 대덕구 중리동,경상사고,0,0,1,0,차대사람 - 기타,기타,건조,맑음,단일로 - 기타,승합,남,53세,상해없음,보행자,여,32세,경상
2020102000100194,2020년 10월 20일 10시,화요일,대전광역시 유성구 원신흥동,경상사고,0,0,1,0,차대차 - 기타,안전운전불이행,건조,맑음,단일로 - 기타,화물,남,60세,상해없음,특수,남,57세,경상
2020102000100299,2020년 10월 20일 13시,화요일,대전광역시 중구 태평동,경상사고,0,0,1,0,차대차 - 측면충돌,안전거리미확보,건조,맑음,단일로 - 기타,승용,남,79세,상해없음,승용,여,38세,경상
2020102000100300,2020년 10월 20일 13시,화요일,대전광역시 서구 월평동,경상사고,0,0,1,1,차대차 - 기타,신호위반,건조,맑음,교차로 - 교차로부근,승용,여,54세,부상신고,승용,남,35세,경상
2020102000100354,2020년 10월 20일 14시,화요일,대전광역시 중구 오류동,경상사고,0,0,1,0,차대차 - 측면충돌,안전운전불이행,건조,맑음,교차로 - 교차로부근,승용,남,56세,상해없음,자전거,남,71세,경상
2020102000100355,2020년 10월 20일 14시,화요일,대전광역시 서구 둔산동,경상사고,0,0,2,0,차대차 - 추돌,안전거리미확보,건조,맑음,교차로 - 교차로안,화물,남,57세,상해없음,승용,남,49세,경상
2020102000100577,2020년 10월 20일 18시,화요일,대전광역시 중구 문화동,중상사고,0,1,0,0,차대사람 - 횡단중,신호위반,건조,맑음,단일로 - 기타,승용,남,70세,상해없음,보행자,남,16세,중상
2020102000100578,2020년 10월 20일 18시,화요일,대전광역시 서구 복수동,경상사고,0,0,1,0,차대사람 - 횡단중,안전운전불이행,건조,맑음,교차로 - 교차로부근,승용,여,54세,상해없음,보행자,여,39세,경상
2020102000100579,2020년 10월 20일 18시,화요일,대전광역시 대덕구 법동,경상사고,0,0,1,0,차대사람 - 기타,안전운전불이행,건조,맑음,단일로 - 기타,승용,남,72세,상해없음,보행자,여,50세,경상
2020102000100627,2020년 10월 20일 19시,화요일,대전광역시 대덕구 법동,경상사고,0,0,1,0,차대차 - 기타,안전운전불이행,건조,맑음,단일로 - 기타,승용,남,38세,상해없음,승용,남,41세,경상
2020102000100628,2020년 10월 20일 19시,화요일,대전광역시 서구 갈마동,중상사고,0,1,1,0,차대차 - 기타,안전운전불이행,건조,맑음,교차로 - 교차로안,승용,여,25세,상해없음,특수,남,31세,경상
2020102000100629,2020년 10월 20일 19시,화요일,대전광역시 유성구 방동,경상사고,0,0,1,0,차대차 - 측면충돌,안전거리미확보,건조,맑음,단일로 - 기타,화물,남,52세,상해없음,승용,남,64세,경상
2020102000100669,2020년 10월 20일 20시,화요일,대전광역시 서구 도안동,중상사고,0,1,0,0,차대차 - 기타,안전운전불이행,건조,맑음,기타 - 기타,승용,남,52세,상해없음,승용,여,49세,중상
2020102000100707,2020년 10월 20일 22시,화요일,대전광역시 중구 선화동,경상사고,0,0,1,0,차대차 - 추돌,안전운전불이행,건조,맑음,단일로 - 기타,이륜,남,46세,상해없음,승용,남,42세,경상
2020102000100708,2020년 10월 20일 22시,화요일,대전광역시 대덕구 목상동,중상사고,0,1,0,0,차대차 - 기타,신호위반,건조,맑음,교차로 - 교차로안,승용,남,59세,상해없음,이륜,남,20세,중상
2020102000100709,2020년 10월 20일 22시,화요일,대전광역시 유성구 봉명동,경상사고,0,0,1,0,차대차 - 기타,안전운전불이행,건조,맑음,교차로 - 교차로안,승용,남,36세,상해없음,승용,남,60세,경상
2020102100100015,2020년 10월 21일 00시,수요일,대전광역시 서구 가장동,경상사고,0,0,2,0,차대차 - 기타,안전운전불이행,건조,맑음,단일로 - 기타,승용,남,35세,상해없음,승용,남,29세,경상
2020102100100031,2020년 10월 21일 03시,수요일,대전광역시 서구 관저동,경상사고,0,0,1,0,차대차 - 기타,안전운전불이행,건조,맑음,교차로 - 교차로안,이륜,남,37세,상해없음,승용,남,18세,상해없음
2020102100100033,2020년 10월 21일 04시,수요일,대전광역시 유성구 죽동,경상사고,0,0,1,0,차대차 - 기타,안전운전불이행,건조,맑음,단일로 - 기타,기타불명,기타불명,미분류,기타불명,화물,남,48세,경상
2020102100100109,2020년 10월 21일 07시,수요일,대전광역시 동구 구도동,중상사고,0,1,0,0,차대사람 - 기타,안전운전불이행,건조,맑음,단일로 - 기타,화물,남,38세,상해없음,보행자,남,59세,중상
2020102100100189,2020년 10월 21일 09시,수요일,대전광역시 서구 둔산동,경상사고,0,0,1,0,차대차 - 기타,중앙선침범,건조,맑음,단일로 - 기타,승용,여,33세,상해없음,승용,남,36세,경상
2020102100100190,2020년 10월 21일 09시,수요일,대전광역시 유성구 봉명동,경상사고,0,0,1,0,차대차 - 기타,안전운전불이행,건조,맑음,교차로 - 교차로횡단보도내,승용,남,35세,상해없음,자전거,여,64세,경상
2020102100100239,2020년 10월 21일 11시,수요일,대전광역시 대덕구 오정동,경상사고,0,0,2,0,차대차 - 측면충돌,안전거리미확보,건조,맑음,단일로 - 교량,승용,여,55세,상해없음,승용,여,61세,경상
2020102100100316,2020년 10월 21일 14시,수요일,대전광역시 서구 둔산동,경상사고,0,0,1,0,차대차 - 기타,안전거리미확보,건조,맑음,단일로 - 기타,승용,여,56세,상해없음,승용,남,46세,경상
2020102100100361,2020년 10월 21일 15시,수요일,대전광역시 서구 둔산동,경상사고,0,0,1,0,차대차 - 측면충돌,신호위반,건조,맑음,교차로 - 교차로횡단보도내,승용,남,41세,상해없음,승용,남,49세,경상
2020102100100362,2020년 10월 21일 15시,수요일,대전광역시 유성구 도룡동,부상신고사고,0,0,0,2,차대차 - 측면충돌,안전운전불이행,건조,맑음,단일로 - 기타,화물,남,66세,상해없음,승용,남,78세,부상신고
2020102100100531,2020년 10월 21일 18시,수요일,대전광역시 대덕구 오정동,경상사고,0,0,1,0,차대차 - 추돌,안전운전불이행,건조,맑음,단일로 - 고가도로위,화물,남,60세,상해없음,승용,여,38세,경상
2020102100100532,2020년 10월 21일 18시,수요일,대전광역시 유성구 봉명동,경상사고,0,0,2,0,차대차 - 기타,안전운전불이행,건조,맑음,교차로 - 교차로안,승용,여,67세,경상,승용,남,56세,경상
2020102100100579,2020년 10월 21일 19시,수요일,대전광역시 유성구 도룡동,중상사고,0,1,0,0,차대차 - 추돌,안전운전불이행,건조,맑음,교차로 - 교차로안,승용,여,45세,상해없음,승용,여,47세,중상
2020102100100626,2020년 10월 21일 20시,수요일,대전광역시 서구 도마동,경상사고,0,0,1,0,차대차 - 측면충돌,중앙선침범,건조,맑음,교차로 - 교차로부근,승용,남,52세,상해없음,승용,남,70세,경상
2020102100100627,2020년 10월 21일 20시,수요일,대전광역시 유성구 지족동,경상사고,0,0,1,0,차대차 - 기타,안전거리미확보,건조,맑음,단일로 - 기타,승용,남,62세,상해없음,이륜,남,19세,경상
2020102100100628,2020년 10월 21일 20시,수요일,대전광역시 유성구 봉명동,경상사고,0,0,1,0,차대차 - 기타,안전운전불이행,건조,맑음,교차로 - 교차로부근,승용,여,30세,상해없음,승용,남,48세,경상
2020102200100042,2020년 10월 22일 04시,목요일,대전광역시 유성구 장대동,경상사고,0,0,1,0,차대차 - 기타,신호위반,건조,맑음,교차로 - 교차로안,승용,여,39세,상해없음,승용,남,47세,경상
2020102200100053,2020년 10월 22일 05시,목요일,대전광역시 중구 선화동,중상사고,0,1,0,0,차대사람 - 기타,보행자보호의무위반,건조,맑음,교차로 - 교차로안,화물,남,68세,상해없음,보행자,남,61세,중상
2020102200100137,2020년 10월 22일 08시,목요일,대전광역시 유성구 궁동,경상사고,0,0,3,0,차대차 - 정면충돌,안전운전불이행,건조,맑음,교차로 - 교차로안,승용,여,46세,경상,승용,남,28세,경상
2020102200100138,2020년 10월 22일 08시,목요일,대전광역시 유성구 구암동,경상사고,0,0,1,0,차대차 - 기타,안전운전불이행,건조,맑음,교차로 - 교차로안,승용,남,65세,상해없음,화물,남,55세,경상
2020102200100167,2020년 10월 22일 09시,목요일,대전광역시 서구 둔산동,경상사고,0,0,1,0,차대사람 - 기타,안전운전불이행,건조,맑음,기타 - 기타,개인형이동수단(PM),남,30세,상해없음,보행자,여,43세,경상
2020102200100223,2020년 10월 22일 11시,목요일,대전광역시 동구 인동,경상사고,0,0,1,0,차대차 - 측면충돌,안전거리미확보,건조,맑음,단일로 - 기타,승용,남,76세,상해없음,승용,남,52세,경상
2020102200100297,2020년 10월 22일 13시,목요일,대전광역시 동구 인동,중상사고,0,1,0,0,차대차 - 측면충돌,신호위반,건조,맑음,단일로 - 기타,승용,남,36세,상해없음,자전거,남,67세,중상
2020102200100298,2020년 10월 22일 13시,목요일,대전광역시 동구 성남동,중상사고,0,1,1,0,차대차 - 정면충돌,신호위반,건조,맑음,단일로 - 기타,이륜,남,28세,중상,승용,남,30세,경상
2020102200100299,2020년 10월 22일 13시,목요일,대전광역시 유성구 봉명동,경상사고,0,0,1,0,차대차 - 기타,신호위반,건조,맑음,교차로 - 교차로안,이륜,남,49세,상해없음,승합,남,55세,상해없음
2020102200100317,2020년 10월 22일 14시,목요일,대전광역시 유성구 화암동,경상사고,0,0,1,0,차대차 - 기타,안전운전불이행,건조,맑음,단일로 - 기타,승용,남,61세,상해없음,승용,남,57세,경상
2020102200100327,2020년 10월 22일 14시,목요일,대전광역시 유성구 도룡동,경상사고,0,0,1,0,차대차 - 측면충돌,안전운전불이행,건조,맑음,단일로 - 기타,승용,남,75세,상해없음,화물,남,44세,경상
2020102200100365,2020년 10월 22일 15시,목요일,대전광역시 서구 가수원동,중상사고,0,1,0,0,차대사람 - 기타,안전운전불이행,건조,맑음,단일로 - 기타,자전거,남,19세,상해없음,보행자,여,66세,중상
2020102200100366,2020년 10월 22일 15시,목요일,대전광역시 대덕구 중리동,경상사고,0,0,1,0,차대차 - 측면충돌,안전운전불이행,건조,맑음,교차로 - 교차로안,승용,남,50세,상해없음,승용,여,67세,경상
2020102200100518,2020년 10월 22일 18시,목요일,대전광역시 대덕구 오정동,경상사고,0,0,1,0,차대차 - 기타,신호위반,건조,맑음,교차로 - 교차로안,승용,남,63세,상해없음,승합,남,62세,상해없음
2020102200100519,2020년 10월 22일 18시,목요일,대전광역시 서구 갈마동,경상사고,0,0,2,0,차대차 - 기타,안전운전불이행,건조,맑음,단일로 - 기타,이륜,남,33세,경상,승용,남,42세,경상
2020102200100520,2020년 10월 22일 18시,목요일,대전광역시 서구 갈마동,경상사고,0,0,2,0,차대차 - 측면충돌,안전거리미확보,건조,맑음,단일로 - 기타,승용,남,73세,경상,승용,남,22세,경상
2020102200100560,2020년 10월 22일 19시,목요일,대전광역시 대덕구 오정동,경상사고,0,0,1,0,차대차 - 기타,안전거리미확보,건조,맑음,교차로 - 교차로부근,화물,남,58세,상해없음,승용,여,51세,경상
2020102200100635,2020년 10월 22일 22시,목요일,대전광역시 서구 만년동,경상사고,0,0,1,0,차대차 - 추돌,안전운전불이행,건조,맑음,단일로 - 교량,승용,남,62세,상해없음,승용,남,42세,경상
2020102300100014,2020년 10월 23일 00시,금요일,대전광역시 유성구 궁동,경상사고,0,0,1,0,차대차 - 측면충돌,안전운전불이행,건조,맑음,교차로 - 교차로안,승용,남,49세,상해없음,승용,남,22세,경상
2020102300100033,2020년 10월 23일 02시,금요일,대전광역시 동구 천동,중상사고,0,1,0,0,차량단독 - 공작물충돌,안전운전불이행,건조,맑음,단일로 - 기타,이륜,남,43세,중상,,,,
2020102300100051,2020년 10월 23일 05시,금요일,대전광역시 대덕구 신일동,경상사고,0,0,1,0,차대차 - 기타,신호위반,건조,맑음,교차로 - 교차로부근,화물,남,40세,상해없음,화물,남,58세,경상
2020102300100110,2020년 10월 23일 07시,금요일,대전광역시 동구 하소동,경상사고,0,0,1,0,차대차 - 기타,안전거리미확보,건조,맑음,단일로 - 기타,승용,남,67세,상해없음,승용,남,65세,경상
2020102300100111,2020년 10월 23일 07시,금요일,대전광역시 서구 관저동,경상사고,0,0,1,0,차대차 - 기타,신호위반,건조,맑음,교차로 - 교차로안,승용,남,29세,상해없음,승용,여,49세,경상
2020102300100150,2020년 10월 23일 08시,금요일,대전광역시 대덕구 목상동,경상사고,0,0,1,0,차대차 - 기타,교차로운행방법위반,건조,맑음,교차로 - 교차로안,승용,남,61세,상해없음,승용,여,33세,경상
2020102300100194,2020년 10월 23일 09시,금요일,대전광역시 대덕구 상서동,중상사고,0,1,0,0,차대차 - 기타,안전운전불이행,건조,맑음,교차로 - 교차로부근,화물,남,77세,상해없음,승용,여,61세,중상
2020102300100195,2020년 10월 23일 09시,금요일,대전광역시 서구 만년동,경상사고,0,0,2,0,차대차 - 측면충돌,신호위반,건조,맑음,교차로 - 교차로안,승합,남,37세,상해없음,승용,남,44세,경상
2020102300100232,2020년 10월 23일 10시,금요일,대전광역시 서구 탄방동,경상사고,0,0,1,0,차대차 - 측면충돌,안전거리미확보,건조,맑음,단일로 - 기타,승용,여,65세,상해없음,승용,남,59세,경상
2020102300100233,2020년 10월 23일 10시,금요일,대전광역시 서구 월평동,경상사고,0,0,2,0,차대차 - 추돌,안전운전불이행,건조,맑음,단일로 - 기타,승용,남,29세,상해없음,승용,남,64세,경상
2020102300100268,2020년 10월 23일 11시,금요일,대전광역시 동구 가양동,중상사고,0,1,0,0,차대사람 - 기타,안전운전불이행,건조,맑음,교차로 - 교차로안,승용,남,54세,상해없음,보행자,여,81세,중상
2020102300100269,2020년 10월 23일 11시,금요일,대전광역시 서구 갈마동,경상사고,0,0,1,0,차대차 - 기타,안전거리미확보,건조,맑음,단일로 - 기타,승용,남,78세,상해없음,승용,남,29세,경상
2020102300100270,2020년 10월 23일 11시,금요일,대전광역시 유성구 구암동,경상사고,0,0,1,0,차대차 - 추돌,교차로운행방법위반,건조,맑음,교차로 - 교차로안,승용,남,58세,상해없음,승용,여,47세,경상
2020102300100305,2020년 10월 23일 12시,금요일,대전광역시 중구 용두동,경상사고,0,0,1,0,차대차 - 기타,안전운전불이행,건조,맑음,단일로 - 기타,승용,여,61세,상해없음,개인형이동수단(PM),남,22세,경상
2020102300100306,2020년 10월 23일 12시,금요일,대전광역시 대덕구 오정동,경상사고,0,0,2,2,차대차 - 기타,신호위반,건조,맑음,단일로 - 기타,승용,남,57세,상해없음,승합,남,62세,경상
2020102300100307,2020년 10월 23일 12시,금요일,대전광역시 유성구 노은동,경상사고,0,0,2,0,차대차 - 기타,안전운전불이행,건조,맑음,교차로 - 교차로부근,승용,여,49세,상해없음,승용,남,70세,경상
2020102300100308,2020년 10월 23일 12시,금요일,대전광역시 유성구 봉명동,중상사고,0,1,0,0,차대차 - 측면충돌,안전운전불이행,건조,맑음,단일로 - 기타,승용,여,39세,상해없음,이륜,남,40세,중상
2020102300100387,2020년 10월 23일 14시,금요일,대전광역시 중구 대흥동,경상사고,0,0,1,0,차대차 - 후진중충돌,안전운전불이행,건조,맑음,단일로 - 기타,화물,남,82세,상해없음,이륜,남,62세,경상
2020102300100388,2020년 10월 23일 14시,금요일,대전광역시 동구 대동,경상사고,0,0,1,0,차대차 - 추돌,안전운전불이행,건조,맑음,단일로 - 기타,승용,남,25세,상해없음,승용,남,53세,경상
2020102300100389,2020년 10월 23일 14시,금요일,대전광역시 대덕구 대화동,사망사고,1,0,0,0,차대차 - 측면충돌,안전운전불이행,건조,맑음,교차로 - 교차로부근,건설기계,남,54세,상해없음,자전거,남,73세,사망
2020102300100390,2020년 10월 23일 14시,금요일,대전광역시 서구 둔산동,경상사고,0,0,1,0,차대사람 - 길가장자리구역통행중,안전운전불이행,건조,맑음,단일로 - 기타,승용,여,30세,상해없음,보행자,남,44세,경상
2020102300100391,2020년 10월 23일 14시,금요일,대전광역시 서구 탄방동,경상사고,0,0,1,0,차대사람 - 길가장자리구역통행중,안전운전불이행,건조,맑음,단일로 - 기타,승용,여,46세,상해없음,보행자,남,36세,경상
2020102300100443,2020년 10월 23일 15시,금요일,대전광역시 서구 갈마동,경상사고,0,0,1,0,차대차 - 측면충돌,교차로운행방법위반,건조,맑음,교차로 - 교차로안,승용,남,65세,상해없음,승용,여,39세,경상
2020102300100444,2020년 10월 23일 15시,금요일,대전광역시 유성구 도룡동,중상사고,0,1,1,1,차대차 - 추돌,신호위반,건조,맑음,단일로 - 기타,이륜,남,18세,부상신고,승용,여,37세,경상
2020102300100503,2020년 10월 23일 16시,금요일,대전광역시 중구 오류동,부상신고사고,0,0,0,1,차대차 - 기타,안전운전불이행,건조,맑음,교차로 - 교차로안,자전거,여,60세,부상신고,승용,여,42세,상해없음
2020102300100504,2020년 10월 23일 16시,금요일,대전광역시 서구 괴정동,경상사고,0,0,1,0,차대차 - 기타,안전운전불이행,건조,맑음,기타 - 기타,승용,여,35세,상해없음,승용,남,64세,경상
2020102300100565,2020년 10월 23일 17시,금요일,대전광역시 유성구 장대동,경상사고,0,0,1,0,차대차 - 측면충돌,안전거리미확보,건조,맑음,교차로 - 교차로부근,승용,남,29세,상해없음,승용,남,24세,경상
2020102300100626,2020년 10월 23일 18시,금요일,대전광역시 동구 삼정동,경상사고,0,0,2,0,차대차 - 추돌,안전운전불이행,건조,맑음,단일로 - 기타,승합,남,22세,상해없음,화물,남,57세,경상
2020102300100660,2020년 10월 23일 18시,금요일,대전광역시 중구 문화동,경상사고,0,0,1,0,차대사람 - 기타,안전운전불이행,건조,맑음,교차로 - 교차로안,화물,남,41세,상해없음,보행자,남,49세,경상
2020102300100661,2020년 10월 23일 18시,금요일,대전광역시 동구 용전동,경상사고,0,0,1,0,차대차 - 측면충돌,안전거리미확보,건조,맑음,단일로 - 기타,승용,여,41세,상해없음,화물,남,33세,경상
2020102300100662,2020년 10월 23일 18시,금요일,대전광역시 서구 정림동,경상사고,0,0,1,0,차대차 - 정면충돌,안전운전불이행,건조,맑음,단일로 - 기타,승용,남,31세,상해없음,이륜,남,46세,경상
2020102300100663,2020년 10월 23일 18시,금요일,대전광역시 대덕구 비래동,경상사고,0,0,1,0,차대차 - 기타,안전운전불이행,건조,맑음,단일로 - 기타,화물,남,55세,기타불명,승용,남,58세,경상
2020102300100664,2020년 10월 23일 18시,금요일,대전광역시 유성구 전민동,중상사고,0,1,0,0,차대차 - 정면충돌,안전운전불이행,건조,맑음,단일로 - 기타,자전거,남,7세,중상,승용,남,59세,상해없음
2020102300100665,2020년 10월 23일 18시,금요일,대전광역시 유성구 봉명동,경상사고,0,0,1,0,차대사람 - 기타,안전운전불이행,건조,맑음,교차로 - 교차로안,승합,남,64세,상해없음,보행자,남,33세,경상
2020102300100703,2020년 10월 23일 19시,금요일,대전광역시 대덕구 덕암동,경상사고,0,0,2,0,차대차 - 추돌,안전운전불이행,건조,맑음,단일로 - 지하차도(도로)내,승용,여,35세,상해없음,승용,남,32세,경상
2020102300100720,2020년 10월 23일 19시,금요일,대전광역시 서구 내동,경상사고,0,0,1,0,차대사람 - 보도통행중,신호위반,건조,맑음,단일로 - 기타,이륜,남,47세,상해없음,보행자,여,21세,경상
2020102300100721,2020년 10월 23일 19시,금요일,대전광역시 서구 탄방동,경상사고,0,0,1,0,차대차 - 추돌,안전운전불이행,건조,맑음,교차로 - 교차로안,승합,여,43세,상해없음,이륜,남,27세,경상
2020102300100763,2020년 10월 23일 20시,금요일,대전광역시 동구 홍도동,경상사고,0,0,1,0,차대차 - 측면충돌,안전운전불이행,건조,맑음,교차로 - 교차로안,승용,남,68세,상해없음,이륜,남,28세,경상
2020102300100764,2020년 10월 23일 20시,금요일,대전광역시 서구 만년동,중상사고,0,1,0,0,차대사람 - 기타,보행자보호의무위반,건조,맑음,교차로 - 교차로횡단보도내,승용,남,55세,상해없음,보행자,여,54세,중상
2020102300100852,2020년 10월 23일 23시,금요일,대전광역시 동구 인동,경상사고,0,0,1,0,차대차 - 추돌,안전운전불이행,건조,기타,기타 - 기타,승용,남,58세,상해없음,승용,남,70세,경상
2020102400100068,2020년 10월 24일 04시,토요일,대전광역시 서구 갈마동,경상사고,0,0,1,0,차대사람 - 기타,보행자보호의무위반,건조,맑음,단일로 - 기타,화물,남,33세,상해없음,보행자,남,34세,경상
2020102400100129,2020년 10월 24일 08시,토요일,대전광역시 대덕구 상서동,중상사고,0,1,0,1,차대차 - 측면충돌,안전거리미확보,건조,맑음,단일로 - 기타,특수,남,53세,상해없음,승용,여,35세,중상
2020102400100187,2020년 10월 24일 10시,토요일,대전광역시 서구 월평동,경상사고,0,0,1,0,차대차 - 측면충돌,교차로운행방법위반,건조,맑음,교차로 - 교차로부근,화물,남,56세,상해없음,승용,남,50세,경상
2020102400100223,2020년 10월 24일 11시,토요일,대전광역시 서구 둔산동,경상사고,0,0,1,0,차대차 - 추돌,안전운전불이행,건조,맑음,교차로 - 교차로안,승용,남,29세,상해없음,승용,남,35세,경상
2020102400100224,2020년 10월 24일 11시,토요일,대전광역시 유성구 구암동,중상사고,0,1,0,0,차대사람 - 기타,기타,건조,맑음,단일로 - 기타,승합,여,52세,상해없음,보행자,남,25세,중상
2020102400100280,2020년 10월 24일 12시,토요일,대전광역시 중구 대사동,경상사고,0,0,1,0,차대차 - 추돌,안전거리미확보,건조,맑음,단일로 - 기타,승용,남,75세,상해없음,승용,남,28세,경상
2020102400100281,2020년 10월 24일 12시,토요일,대전광역시 유성구 관평동,경상사고,0,0,2,0,차대차 - 기타,과속,건조,맑음,교차로 - 교차로안,승용,남,28세,경상,승용,여,37세,경상
2020102400100324,2020년 10월 24일 13시,토요일,대전광역시 서구 용문동,경상사고,0,0,1,0,차대차 - 측면충돌,안전운전불이행,건조,맑음,단일로 - 기타,화물,남,56세,기타불명,승용,남,66세,경상
2020102400100325,2020년 10월 24일 13시,토요일,대전광역시 서구 둔산동,경상사고,0,0,4,0,차대차 - 추돌,안전운전불이행,건조,맑음,교차로 - 교차로부근,승용,남,30세,상해없음,승용,남,38세,경상
2020102400100382,2020년 10월 24일 14시,토요일,대전광역시 중구 대흥동,경상사고,0,0,1,0,차대사람 - 횡단중,신호위반,건조,맑음,교차로 - 교차로부근,승용,여,59세,상해없음,보행자,남,52세,경상
2020102400100383,2020년 10월 24일 14시,토요일,대전광역시 중구 중촌동,경상사고,0,0,1,0,차대차 - 추돌,안전운전불이행,건조,맑음,단일로 - 기타,승용,남,62세,상해없음,승용,남,51세,경상
2020102400100384,2020년 10월 24일 14시,토요일,대전광역시 서구 용문동,경상사고,0,0,3,0,차대차 - 기타,안전거리미확보,건조,맑음,단일로 - 기타,승용,남,77세,상해없음,화물,남,31세,경상
2020102400100385,2020년 10월 24일 14시,토요일,대전광역시 유성구 봉명동,경상사고,0,0,2,0,차대차 - 측면충돌,안전거리미확보,건조,맑음,단일로 - 기타,승용,남,64세,상해없음,승용,남,56세,경상
2020102400100386,2020년 10월 24일 14시,토요일,대전광역시 유성구 대정동,경상사고,0,0,5,0,차대차 - 기타,안전운전불이행,건조,맑음,교차로 - 교차로부근,승용,여,42세,경상,승용,남,44세,경상
2020102400100432,2020년 10월 24일 15시,토요일,대전광역시 유성구 죽동,경상사고,0,0,2,0,차대차 - 추돌,안전거리미확보,건조,맑음,교차로 - 교차로부근,승용,남,62세,상해없음,승용,남,46세,경상
2020102400100548,2020년 10월 24일 18시,토요일,대전광역시 중구 중촌동,경상사고,0,0,2,0,차대사람 - 기타,안전운전불이행,건조,맑음,단일로 - 기타,승용,남,61세,상해없음,보행자,남,42세,경상
2020102400100549,2020년 10월 24일 18시,토요일,대전광역시 동구 대동,경상사고,0,0,1,0,차대차 - 측면충돌,중앙선침범,건조,맑음,교차로 - 교차로부근,승용,여,49세,상해없음,승용,남,43세,경상
2020102400100550,2020년 10월 24일 18시,토요일,대전광역시 동구 가양동,경상사고,0,0,2,1,차대차 - 측면충돌,안전거리미확보,건조,맑음,교차로 - 교차로부근,승용,남,55세,경상,승합,남,60세,부상신고
2020102400100551,2020년 10월 24일 18시,토요일,대전광역시 서구 가장동,경상사고,0,0,1,0,차대차 - 기타,안전거리미확보,건조,맑음,교차로 - 교차로부근,승용,여,56세,상해없음,승용,남,65세,경상