사고번호,사고일시,요일,시군구,사고내용,사망자수,중상자수,경상자수,부상신고자수,사고유형,법규위반,노면상태,기상상태,도로형태,가해운전자 차종,가해운전자 성별,가해운전자 연령,가해운전자 상해정도,피해운전자 차종,피해운전자 성별,피해운전자 연령,피해운전자 상해정도
2020102400100552,2020년 10월 24일 18시,토요일,대전광역시 유성구 관평동,경상사고,0,0,1,0,차대차 - 추돌,신호위반,건조,맑음,교차로 - 교차로안,승용,남,34세,기타불명,승용,여,52세,경상
2020102400100591,2020년 10월 24일 19시,토요일,대전광역시 서구 용문동,경상사고,0,0,2,0,차대차 - 측면충돌,안전운전불이행,건조,맑음,기타 - 기타,승용,남,59세,상해없음,승용,여,27세,경상
2020102400100620,2020년 10월 24일 20시,토요일,대전광역시 서구 둔산동,중상사고,0,1,0,0,차대사람 - 길가장자리구역통행중,안전운전불이행,건조,맑음,단일로 - 기타,승용,남,26세,상해없음,보행자,남,16세,중상
2020102400100651,2020년 10월 24일 21시,토요일,대전광역시 서구 괴정동,경상사고,0,0,1,0,차대차 - 기타,신호위반,건조,맑음,교차로 - 교차로안,이륜,남,23세,상해없음,이륜,남,41세,경상
2020102400100652,2020년 10월 24일 21시,토요일,대전광역시 서구 월평동,경상사고,0,0,6,0,차대차 - 측면충돌,안전거리미확보,건조,맑음,단일로 - 교량,승용,남,50세,경상,승용,남,23세,경상
2020102500100014,2020년 10월 25일 00시,일요일,대전광역시 유성구 갑동,경상사고,0,0,3,0,차대차 - 기타,안전운전불이행,건조,맑음,단일로 - 기타,화물,남,37세,상해없음,승용,남,38세,경상
2020102500100028,2020년 10월 25일 01시,일요일,대전광역시 서구 갈마동,경상사고,0,0,1,0,차대차 - 측면충돌,안전운전불이행,건조,맑음,교차로 - 교차로안,승용,여,47세,상해없음,승용,남,47세,경상
2020102500100041,2020년 10월 25일 02시,일요일,대전광역시 서구 관저동,경상사고,0,0,4,0,차대차 - 기타,신호위반,건조,맑음,교차로 - 교차로안,승용,남,24세,상해없음,승용,남,19세,경상
2020102500100053,2020년 10월 25일 03시,일요일,대전광역시 유성구 봉명동,경상사고,0,0,1,0,차대차 - 추돌,안전운전불이행,건조,맑음,단일로 - 기타,승용,남,29세,상해없음,승용,남,62세,경상
2020102500100074,2020년 10월 25일 05시,일요일,대전광역시 대덕구 송촌동,경상사고,0,0,2,0,차대차 - 추돌,안전운전불이행,건조,맑음,단일로 - 기타,승용,남,30세,상해없음,승용,남,63세,경상
2020102500100175,2020년 10월 25일 11시,일요일,대전광역시 중구 오류동,중상사고,0,3,1,0,차대차 - 측면충돌,안전거리미확보,건조,맑음,단일로 - 기타,승용,남,26세,경상,승용,남,24세,중상
2020102500100211,2020년 10월 25일 12시,일요일,대전광역시 동구 인동,경상사고,0,0,1,0,차대차 - 기타,안전운전불이행,건조,맑음,교차로 - 교차로안,개인형이동수단(PM),남,48세,경상,승용,남,59세,상해없음
2020102500100212,2020년 10월 25일 12시,일요일,대전광역시 서구 탄방동,경상사고,0,0,1,0,차대차 - 기타,안전운전불이행,건조,맑음,교차로 - 교차로부근,승용,남,32세,기타불명,승용,남,31세,경상
2020102500100250,2020년 10월 25일 13시,일요일,대전광역시 대덕구 상서동,경상사고,0,0,1,0,차대차 - 기타,안전운전불이행,건조,맑음,단일로 - 기타,승용,남,27세,상해없음,승용,여,26세,경상
2020102500100276,2020년 10월 25일 14시,일요일,대전광역시 동구 세천동,경상사고,0,0,4,0,차대차 - 추돌,안전운전불이행,건조,맑음,단일로 - 기타,승용,남,35세,상해없음,승용,남,39세,경상
2020102500100277,2020년 10월 25일 14시,일요일,대전광역시 서구 탄방동,경상사고,0,0,2,0,차대차 - 기타,안전운전불이행,건조,맑음,기타 - 기타,승용,남,69세,경상,화물,남,66세,경상
2020102500100278,2020년 10월 25일 14시,일요일,대전광역시 유성구 봉명동,중상사고,0,1,0,0,차대사람 - 기타,안전운전불이행,건조,맑음,기타 - 기타,자전거,여,45세,상해없음,보행자,여,73세,중상
2020102500100279,2020년 10월 25일 14시,일요일,대전광역시 유성구 죽동,경상사고,0,0,1,0,차대사람 - 기타,안전운전불이행,건조,맑음,교차로 - 교차로부근,승용,여,55세,상해없음,보행자,남,42세,경상
2020102500100319,2020년 10월 25일 15시,일요일,대전광역시 유성구 죽동,경상사고,0,0,1,0,차대차 - 측면충돌,안전거리미확보,건조,맑음,단일로 - 기타,승용,남,79세,상해없음,승용,여,52세,경상
2020102500100320,2020년 10월 25일 15시,일요일,대전광역시 유성구 하기동,중상사고,0,1,1,0,차대차 - 기타,안전거리미확보,건조,맑음,단일로 - 기타,승용,여,75세,상해없음,승용,남,36세,경상
2020102500100372,2020년 10월 25일 17시,일요일,대전광역시 대덕구 송촌동,경상사고,0,0,1,0,차대차 - 추돌,안전운전불이행,건조,맑음,단일로 - 기타,승용,여,40세,상해없음,승용,남,67세,경상
2020102500100396,2020년 10월 25일 17시,일요일,대전광역시 유성구 어은동,경상사고,0,0,1,0,차대차 - 추돌,안전운전불이행,건조,맑음,단일로 - 기타,승용,남,60세,상해없음,이륜,남,41세,경상
2020102500100456,2020년 10월 25일 18시,일요일,대전광역시 중구 유천동,경상사고,0,0,3,0,차대차 - 측면충돌,안전운전불이행,건조,맑음,교차로 - 교차로안,승용,남,25세,상해없음,승용,남,42세,경상
2020102500100457,2020년 10월 25일 18시,일요일,대전광역시 서구 변동,경상사고,0,0,2,0,차대차 - 측면충돌,안전운전불이행,건조,맑음,단일로 - 기타,승용,여,55세,상해없음,승용,남,63세,경상
2020102500100505,2020년 10월 25일 19시,일요일,대전광역시 동구 대성동,경상사고,0,0,4,0,차대차 - 측면충돌,안전거리미확보,건조,맑음,단일로 - 기타,화물,남,66세,상해없음,승용,여,38세,경상
2020102500100522,2020년 10월 25일 20시,일요일,대전광역시 서구 용문동,경상사고,0,0,2,0,차대차 - 기타,안전운전불이행,건조,맑음,교차로 - 교차로부근,승용,여,47세,상해없음,승용,남,65세,경상
2020102500100523,2020년 10월 25일 20시,일요일,대전광역시 서구 관저동,경상사고,0,0,2,0,차대차 - 측면충돌,안전운전불이행,건조,맑음,교차로 - 교차로안,승용,남,42세,기타불명,승용,남,43세,경상
2020102500100524,2020년 10월 25일 20시,일요일,대전광역시 대덕구 오정동,중상사고,0,1,0,0,차대차 - 기타,교차로운행방법위반,건조,맑음,교차로 - 교차로안,화물,남,59세,상해없음,자전거,여,76세,중상
2020102500100554,2020년 10월 25일 21시,일요일,대전광역시 유성구 가정동,경상사고,0,0,1,0,차대차 - 추돌,신호위반,건조,맑음,교차로 - 교차로안,승용,남,61세,상해없음,승용,여,38세,경상
2020102500100568,2020년 10월 25일 22시,일요일,대전광역시 중구 대사동,중상사고,0,1,0,0,차대차 - 측면충돌,안전운전불이행,건조,맑음,교차로 - 교차로안,승용,남,58세,상해없음,자전거,여,53세,중상
2020102500100583,2020년 10월 25일 23시,일요일,대전광역시 유성구 장대동,경상사고,0,0,2,0,차대차 - 추돌,안전운전불이행,건조,맑음,교차로 - 교차로부근,승용,여,25세,상해없음,승용,남,30세,경상
2020102600100005,2020년 10월 26일 00시,월요일,대전광역시 서구 괴정동,경상사고,0,0,1,0,차대차 - 측면충돌,중앙선침범,건조,맑음,단일로 - 기타,승용,남,30세,상해없음,원동기,남,32세,경상
2020102600100022,2020년 10월 26일 03시,월요일,대전광역시 동구 가양동,경상사고,0,0,1,0,차대차 - 측면충돌,신호위반,건조,맑음,교차로 - 교차로안,이륜,남,18세,상해없음,이륜,남,20세,경상
2020102600100027,2020년 10월 26일 04시,월요일,대전광역시 서구 월평동,경상사고,0,0,1,0,차대차 - 정면충돌,중앙선침범,건조,맑음,단일로 - 기타,승용,남,36세,상해없음,이륜,남,22세,경상
2020102600100057,2020년 10월 26일 06시,월요일,대전광역시 동구 판암동,경상사고,0,0,3,0,차대차 - 측면충돌,안전거리미확보,건조,흐림,교차로 - 교차로부근,화물,남,41세,상해없음,승용,남,26세,경상
2020102600100086,2020년 10월 26일 07시,월요일,대전광역시 동구 정동,중상사고,0,1,0,0,차량단독 - 기타,안전운전불이행,건조,맑음,단일로 - 기타,승합,남,57세,상해없음,,,,
2020102600100147,2020년 10월 26일 08시,월요일,대전광역시 중구 산성동,중상사고,0,1,0,0,차대차 - 측면충돌,안전운전불이행,건조,맑음,교차로 - 교차로안,자전거,여,67세,중상,승용,남,70세,상해없음
2020102600100148,2020년 10월 26일 08시,월요일,대전광역시 유성구 송강동,경상사고,0,0,1,0,차대차 - 기타,안전거리미확보,건조,맑음,단일로 - 기타,승용,여,59세,상해없음,승용,여,42세,경상
2020102600100149,2020년 10월 26일 08시,월요일,대전광역시 유성구 방현동,경상사고,0,0,2,0,차대차 - 기타,신호위반,건조,맑음,교차로 - 교차로안,화물,남,65세,상해없음,승용,여,27세,경상
2020102600100230,2020년 10월 26일 10시,월요일,대전광역시 서구 둔산동,경상사고,0,0,1,0,차대차 - 기타,신호위반,건조,맑음,교차로 - 교차로안,승용,여,45세,상해없음,화물,남,35세,경상
2020102600100231,2020년 10월 26일 10시,월요일,대전광역시 유성구 용계동,경상사고,0,0,2,0,차대차 - 기타,신호위반,건조,맑음,교차로 - 교차로안,승용,남,75세,상해없음,승용,여,24세,경상
2020102600100349,2020년 10월 26일 13시,월요일,대전광역시 대덕구 오정동,경상사고,0,0,1,1,차대차 - 기타,차로위반,건조,맑음,단일로 - 기타,승용,남,77세,상해없음,승용,남,27세,경상
2020102600100350,2020년 10월 26일 13시,월요일,대전광역시 대덕구 읍내동,경상사고,0,0,1,0,차대차 - 기타,안전운전불이행,건조,맑음,교차로 - 교차로부근,화물,남,53세,상해없음,승용,남,30세,경상
2020102600100418,2020년 10월 26일 15시,월요일,대전광역시 동구 성남동,경상사고,0,0,2,0,차대차 - 측면충돌,안전거리미확보,건조,맑음,교차로 - 교차로안,승용,여,42세,경상,승용,남,48세,경상
2020102600100419,2020년 10월 26일 15시,월요일,대전광역시 서구 둔산동,중상사고,0,1,0,0,차량단독 - 기타,안전운전불이행,건조,맑음,교차로 - 교차로부근,승합,남,58세,상해없음,,,,
2020102600100420,2020년 10월 26일 15시,월요일,대전광역시 서구 갈마동,경상사고,0,0,1,0,차대차 - 기타,안전거리미확보,건조,맑음,단일로 - 기타,건설기계,남,68세,상해없음,승용,남,32세,경상
2020102600100492,2020년 10월 26일 17시,월요일,대전광역시 대덕구 송촌동,부상신고사고,0,0,0,1,차대차 - 측면충돌,안전운전불이행,건조,맑음,단일로 - 기타,승용,남,22세,부상신고,화물,남,60세,상해없음
2020102600100518,2020년 10월 26일 17시,월요일,대전광역시 중구 대흥동,경상사고,0,0,2,0,차대차 - 기타,안전운전불이행,건조,맑음,교차로 - 교차로안,승용,여,49세,상해없음,승용,남,25세,경상
2020102600100519,2020년 10월 26일 17시,월요일,대전광역시 서구 탄방동,경상사고,0,0,1,0,차대차 - 기타,안전운전불이행,건조,맑음,교차로 - 교차로안,승용,여,48세,상해없음,원동기,남,24세,경상
2020102600100520,2020년 10월 26일 17시,월요일,대전광역시 유성구 원신흥동,경상사고,0,0,1,0,차대차 - 측면충돌,직진우회전진행방해,건조,맑음,교차로 - 교차로안,승용,남,69세,상해없음,승용,남,64세,경상
2020102600100622,2020년 10월 26일 19시,월요일,대전광역시 동구 비룡동,경상사고,0,0,1,0,차량단독 - 공작물충돌,안전운전불이행,건조,맑음,단일로 - 기타,화물,남,64세,경상,,,,
2020102600100623,2020년 10월 26일 19시,월요일,대전광역시 유성구 학하동,경상사고,0,0,1,0,차대차 - 기타,직진우회전진행방해,건조,맑음,교차로 - 교차로안,화물,남,74세,상해없음,승용,여,33세,경상
2020102600100653,2020년 10월 26일 20시,월요일,대전광역시 중구 태평동,경상사고,0,0,2,0,차대차 - 측면충돌,안전운전불이행,건조,맑음,단일로 - 기타,이륜,남,39세,경상,승용,남,55세,경상
2020102700100014,2020년 10월 27일 00시,화요일,대전광역시 대덕구 비래동,중상사고,0,1,0,0,차량단독 - 기타,안전운전불이행,건조,맑음,교차로 - 교차로부근,승용,남,30세,중상,,,,
2020102700100015,2020년 10월 27일 00시,화요일,대전광역시 유성구 봉명동,경상사고,0,0,1,0,차대차 - 후진중충돌,안전운전불이행,건조,맑음,단일로 - 기타,승용,남,52세,상해없음,승용,남,40세,경상
2020102700100042,2020년 10월 27일 04시,화요일,대전광역시 대덕구 송촌동,중상사고,0,1,1,0,차대차 - 추돌,안전운전불이행,건조,맑음,교차로 - 교차로부근,화물,남,82세,상해없음,승용,여,52세,경상
2020102700100065,2020년 10월 27일 06시,화요일,대전광역시 서구 만년동,경상사고,0,0,1,0,차대차 - 기타,신호위반,건조,맑음,교차로 - 교차로횡단보도내,기타불명,기타불명,미분류,기타불명,자전거,남,64세,경상
2020102700100125,2020년 10월 27일 08시,화요일,대전광역시 동구 자양동,경상사고,0,0,1,0,차대차 - 측면충돌,직진우회전진행방해,건조,맑음,교차로 - 교차로안,자전거,여,31세,경상,승용,여,49세,상해없음
2020102700100126,2020년 10월 27일 08시,화요일,대전광역시 서구 내동,경상사고,0,0,1,0,차대차 - 측면충돌,안전운전불이행,건조,맑음,교차로 - 교차로부근,승합,남,61세,상해없음,승용,남,30세,경상
2020102700100158,2020년 10월 27일 09시,화요일,대전광역시 서구 둔산동,경상사고,0,0,1,0,차대차 - 추돌,안전운전불이행,건조,맑음,단일로 - 기타,승용,남,23세,상해없음,승용,여,34세,경상
2020102700100159,2020년 10월 27일 09시,화요일,대전광역시 유성구 가정동,경상사고,0,0,2,0,차대차 - 추돌,안전운전불이행,건조,맑음,단일로 - 기타,승용,남,49세,상해없음,승용,남,67세,경상
2020102700100238,2020년 10월 27일 11시,화요일,대전광역시 중구 대흥동,부상신고사고,0,0,0,1,차대차 - 측면충돌,불법유턴,건조,맑음,교차로 - 교차로횡단보도내,자전거,남,82세,부상신고,승용,남,57세,상해없음
2020102700100239,2020년 10월 27일 11시,화요일,대전광역시 중구 대흥동,경상사고,0,0,1,0,차대차 - 측면충돌,직진우회전진행방해,건조,맑음,교차로 - 교차로안,승용,남,34세,경상,승합,남,79세,상해없음
2020102700100240,2020년 10월 27일 11시,화요일,대전광역시 대덕구 송촌동,중상사고,0,1,0,0,차대사람 - 횡단중,중앙선침범,건조,맑음,단일로 - 기타,승용,여,49세,기타불명,보행자,여,59세,중상
2020102700100241,2020년 10월 27일 11시,화요일,대전광역시 유성구 궁동,경상사고,0,0,2,0,차대차 - 기타,안전거리미확보,건조,맑음,단일로 - 기타,화물,남,26세,상해없음,화물,여,48세,경상
2020102700100267,2020년 10월 27일 12시,화요일,대전광역시 유성구 학하동,중상사고,0,2,0,0,차대차 - 측면충돌,신호위반,건조,맑음,교차로 - 교차로안,승용,여,21세,기타불명,화물,남,34세,중상
2020102700100316,2020년 10월 27일 13시,화요일,대전광역시 유성구 덕명동,경상사고,0,0,1,0,차대차 - 추돌,교차로운행방법위반,건조,맑음,교차로 - 교차로안,승용,남,52세,기타불명,승용,여,43세,경상
2020102700100346,2020년 10월 27일 14시,화요일,대전광역시 유성구 봉명동,부상신고사고,0,0,0,1,차대차 - 기타,안전거리미확보,건조,맑음,단일로 - 기타,승용,여,68세,상해없음,이륜,남,30세,부상신고
2020102700100430,2020년 10월 27일 16시,화요일,대전광역시 동구 성남동,중상사고,0,1,0,0,차대차 - 측면충돌,안전거리미확보,건조,맑음,단일로 - 기타,승용,남,71세,상해없음,이륜,남,72세,중상
2020102700100431,2020년 10월 27일 16시,화요일,대전광역시 대덕구 법동,경상사고,0,0,1,0,차대차 - 기타,신호위반,건조,맑음,교차로 - 교차로부근,화물,남,43세,상해없음,승용,남,29세,경상
2020102700100469,2020년 10월 27일 17시,화요일,대전광역시 동구 판암동,경상사고,0,0,1,0,차대사람 - 횡단중,보행자보호의무위반,건조,맑음,교차로 - 교차로횡단보도내,승용,남,73세,상해없음,보행자,여,30세,경상
2020102700100470,2020년 10월 27일 17시,화요일,대전광역시 서구 탄방동,중상사고,0,2,0,0,차대차 - 기타,안전운전불이행,건조,맑음,단일로 - 기타,승용,여,30세,상해없음,승용,여,40세,중상
2020102700100535,2020년 10월 27일 18시,화요일,대전광역시 서구 월평동,경상사고,0,0,2,0,차대차 - 기타,안전운전불이행,건조,맑음,단일로 - 기타,승용,여,43세,상해없음,승용,남,32세,경상
2020102700100646,2020년 10월 27일 21시,화요일,대전광역시 서구 도마동,경상사고,0,0,1,0,차대차 - 측면충돌,안전운전불이행,건조,맑음,단일로 - 기타,승용,남,62세,상해없음,이륜,남,39세,경상
2020102700100647,2020년 10월 27일 21시,화요일,대전광역시 유성구 지족동,경상사고,0,0,1,0,차대차 - 추돌,안전운전불이행,건조,맑음,교차로 - 교차로부근,승용,남,59세,상해없음,승용,남,40세,경상
2020102700100669,2020년 10월 27일 22시,화요일,대전광역시 동구 성남동,경상사고,0,0,6,0,차대차 - 측면충돌,안전운전불이행,건조,맑음,교차로 - 교차로부근,승용,남,24세,상해없음,승용,남,62세,경상
2020102800100017,2020년 10월 28일 00시,수요일,대전광역시 대덕구 법동,경상사고,0,0,1,0,차대차 - 기타,안전운전불이행,건조,맑음,단일로 - 기타,승용,남,39세,상해없음,승용,남,58세,경상
2020102800100029,2020년 10월 28일 01시,수요일,대전광역시 서구 갈마동,경상사고,0,0,1,0,차대차 - 기타,차로위반,건조,맑음,단일로 - 기타,승용,남,63세,상해없음,이륜,남,22세,경상
2020102800100131,2020년 10월 28일 08시,수요일,대전광역시 동구 인동,경상사고,0,0,1,0,차대차 - 측면충돌,중앙선침범,건조,맑음,단일로 - 기타,승용,여,55세,상해없음,승용,남,50세,경상
2020102800100132,2020년 10월 28일 08시,수요일,대전광역시 서구 둔산동,경상사고,0,0,3,0,차대차 - 기타,차로위반,건조,맑음,교차로 - 교차로부근,승용,남,48세,상해없음,승합,남,44세,경상
2020102800100170,2020년 10월 28일 09시,수요일,대전광역시 중구 대흥동,경상사고,0,0,1,0,차대차 - 기타,안전운전불이행,건조,맑음,교차로 - 교차로안,승용,여,69세,상해없음,이륜,남,48세,경상
2020102800100206,2020년 10월 28일 10시,수요일,대전광역시 서구 괴정동,경상사고,0,0,1,0,차대차 - 측면충돌,안전운전불이행,건조,맑음,기타 - 기타,승용,남,25세,상해없음,승용,남,66세,경상
2020102800100323,2020년 10월 28일 13시,수요일,대전광역시 중구 안영동,경상사고,0,0,1,0,차대차 - 기타,안전운전불이행,건조,맑음,단일로 - 기타,승용,남,42세,상해없음,승용,여,62세,경상
2020102800100324,2020년 10월 28일 13시,수요일,대전광역시 유성구 봉명동,경상사고,0,0,2,0,차대차 - 기타,안전거리미확보,건조,맑음,교차로 - 교차로부근,건설기계,남,52세,상해없음,승용,남,54세,경상
2020102800100356,2020년 10월 28일 14시,수요일,대전광역시 서구 월평동,경상사고,0,0,1,0,차대사람 - 횡단중,신호위반,건조,맑음,교차로 - 교차로안,승용,남,28세,상해없음,보행자,남,71세,경상
2020102800100395,2020년 10월 28일 15시,수요일,대전광역시 대덕구 오정동,경상사고,0,0,1,0,차대차 - 측면충돌,직진우회전진행방해,건조,맑음,교차로 - 교차로안,이륜,남,60세,상해없음,승용,남,65세,경상
2020102800100438,2020년 10월 28일 16시,수요일,대전광역시 서구 둔산동,경상사고,0,0,3,0,차대차 - 기타,직진우회전진행방해,건조,맑음,교차로 - 교차로안,승용,남,24세,경상,승용,여,43세,경상
2020102800100476,2020년 10월 28일 17시,수요일,대전광역시 중구 유천동,경상사고,0,0,2,0,차대차 - 기타,안전운전불이행,건조,맑음,단일로 - 기타,승용,남,75세,상해없음,승용,남,67세,경상
2020102800100477,2020년 10월 28일 17시,수요일,대전광역시 서구 괴정동,경상사고,0,0,1,0,차대사람 - 기타,안전운전불이행,건조,맑음,교차로 - 교차로안,화물,남,59세,상해없음,보행자,남,79세,경상
2020102800100478,2020년 10월 28일 17시,수요일,대전광역시 대덕구 상서동,경상사고,0,0,1,0,차대차 - 추돌,안전운전불이행,건조,맑음,단일로 - 기타,화물,남,52세,상해없음,승용,여,35세,경상
2020102800100479,2020년 10월 28일 17시,수요일,대전광역시 유성구 구암동,경상사고,0,0,1,0,차대차 - 측면충돌,안전운전불이행,건조,맑음,단일로 - 기타,승합,남,58세,상해없음,승용,여,52세,경상
2020102800100552,2020년 10월 28일 18시,수요일,대전광역시 중구 사정동,경상사고,0,0,1,0,차대차 - 기타,안전운전불이행,건조,맑음,교차로 - 교차로안,승용,남,31세,상해없음,화물,남,58세,경상
2020102800100553,2020년 10월 28일 18시,수요일,대전광역시 서구 탄방동,경상사고,0,0,1,0,차대차 - 기타,안전거리미확보,건조,맑음,단일로 - 기타,승용,여,55세,기타불명,승용,남,39세,경상
2020102800100593,2020년 10월 28일 19시,수요일,대전광역시 유성구 반석동,경상사고,0,0,1,0,차대차 - 기타,안전운전불이행,건조,맑음,단일로 - 기타,기타불명,기타불명,미분류,기타불명,승용,남,67세,상해없음
2020102800100620,2020년 10월 28일 20시,수요일,대전광역시 중구 중촌동,경상사고,0,0,1,0,차대차 - 측면충돌,직진우회전진행방해,건조,맑음,교차로 - 교차로안,승용,남,60세,상해없음,화물,남,60세,경상
2020102800100621,2020년 10월 28일 20시,수요일,대전광역시 서구 갈마동,경상사고,0,0,3,0,차대차 - 기타,과속,건조,맑음,단일로 - 기타,승용,남,26세,기타불명,승용,남,26세,경상
2020102800100677,2020년 10월 28일 22시,수요일,대전광역시 서구 가장동,경상사고,0,0,1,0,차대사람 - 기타,안전운전불이행,건조,맑음,단일로 - 기타,기타불명,기타불명,미분류,기타불명,보행자,남,67세,경상
2020102800100678,2020년 10월 28일 22시,수요일,대전광역시 서구 월평동,경상사고,0,0,3,0,차대차 - 기타,안전운전불이행,건조,맑음,단일로 - 기타,승용,남,22세,경상,승용,남,53세,상해없음
2020102800100679,2020년 10월 28일 22시,수요일,대전광역시 유성구 원내동,경상사고,0,0,1,0,차대차 - 기타,신호위반,건조,맑음,교차로 - 교차로안,승용,여,66세,상해없음,승용,여,45세,경상
2020102900100031,2020년 10월 29일 02시,목요일,대전광역시 동구 자양동,경상사고,0,0,1,0,차대차 - 추돌,안전운전불이행,건조,맑음,교차로 - 교차로부근,승용,남,27세,상해없음,승용,남,52세,경상
2020102900100035,2020년 10월 29일 03시,목요일,대전광역시 서구 관저동,경상사고,0,0,1,0,차대차 - 측면충돌,안전운전불이행,건조,맑음,단일로 - 기타,승용,남,47세,상해없음,승용,남,29세,경상
2020102900100138,2020년 10월 29일 08시,목요일,대전광역시 동구 삼성동,경상사고,0,0,1,0,차대차 - 기타,중앙선침범,건조,맑음,단일로 - 기타,승용,남,60세,상해없음,승용,남,59세,경상
2020102900100139,2020년 10월 29일 08시,목요일,대전광역시 유성구 노은동,경상사고,0,0,3,0,차대차 - 기타,안전운전불이행,건조,맑음,교차로 - 교차로부근,승용,여,40세,상해없음,승용,여,24세,경상
2020102900100179,2020년 10월 29일 09시,목요일,대전광역시 중구 대사동,경상사고,0,0,1,0,차대차 - 추돌,안전거리미확보,건조,맑음,교차로 - 교차로안,승용,남,44세,상해없음,승용,여,25세,경상
2020102900100180,2020년 10월 29일 09시,목요일,대전광역시 동구 소제동,경상사고,0,0,1,0,차대차 - 정면충돌,신호위반,건조,맑음,교차로 - 교차로안,승용,남,78세,상해없음,승용,남,65세,경상
2020102900100260,2020년 10월 29일 11시,목요일,대전광역시 서구 관저동,경상사고,0,0,1,0,차대차 - 추돌,안전운전불이행,건조,맑음,교차로 - 교차로부근,승용,남,24세,상해없음,승용,여,48세,경상
2020102900100289,2020년 10월 29일 12시,목요일,대전광역시 동구 대동,중상사고,0,1,0,0,차대차 - 정면충돌,안전운전불이행,건조,맑음,교차로 - 교차로안,승용,여,62세,상해없음,이륜,남,63세,중상
2020102900100327,2020년 10월 29일 13시,목요일,대전광역시 중구 대흥동,경상사고,0,0,1,0,차대차 - 측면충돌,안전운전불이행,건조,맑음,교차로 - 교차로안,승용,여,70세,상해없음,자전거,남,84세,경상
2020102900100391,2020년 10월 29일 15시,목요일,대전광역시 동구 삼괴동,경상사고,0,0,3,0,차대차 - 추돌,안전운전불이행,건조,맑음,단일로 - 기타,승합,남,77세,상해없음,승용,남,55세,경상
2020102900100401,2020년 10월 29일 15시,목요일,대전광역시 중구 산성동,중상사고,0,2,0,0,차대차 - 기타,안전운전불이행,건조,맑음,단일로 - 기타,승용,남,64세,상해없음,승용,여,59세,중상
2020102900100402,2020년 10월 29일 15시,목요일,대전광역시 서구 관저동,중상사고,0,1,1,0,차대차 - 추돌,안전운전불이행,건조,맑음,교차로 - 교차로안,승용,남,40세,상해없음,승용,여,48세,중상
2020102900100403,2020년 10월 29일 15시,목요일,대전광역시 유성구 봉명동,경상사고,0,0,1,0,차대차 - 추돌,안전운전불이행,건조,맑음,단일로 - 기타,승용,여,42세,상해없음,승용,남,57세,경상
2020102900100451,2020년 10월 29일 16시,목요일,대전광역시 중구 부사동,경상사고,0,0,1,0,차대차 - 측면충돌,안전운전불이행,건조,맑음,단일로 - 기타,승용,남,57세,상해없음,자전거,남,79세,경상
2020102900100452,2020년 10월 29일 16시,목요일,대전광역시 유성구 봉명동,경상사고,0,0,1,0,차대차 - 측면충돌,안전거리미확보,건조,맑음,교차로 - 교차로부근,승용,남,52세,상해없음,이륜,남,19세,경상
2020102900100508,2020년 10월 29일 17시,목요일,대전광역시 서구 내동,경상사고,0,0,2,0,차대사람 - 기타,안전운전불이행,건조,맑음,단일로 - 기타,승용,여,59세,상해없음,보행자,여,61세,경상
2020102900100509,2020년 10월 29일 17시,목요일,대전광역시 유성구 원촌동,경상사고,0,0,2,0,차대차 - 기타,안전거리미확보,건조,맑음,단일로 - 기타,승용,여,57세,상해없음,승용,남,31세,경상
2020102900100582,2020년 10월 29일 18시,목요일,대전광역시 중구 오류동,중상사고,0,1,0,0,차대사람 - 기타,안전운전불이행,건조,맑음,교차로 - 교차로안,승용,여,69세,상해없음,보행자,여,10세,중상
2020102900100583,2020년 10월 29일 18시,목요일,대전광역시 중구 태평동,중상사고,0,1,0,0,차대차 - 기타,신호위반,건조,맑음,교차로 - 교차로안,승용,여,47세,상해없음,이륜,남,42세,중상
2020102900100584,2020년 10월 29일 18시,목요일,대전광역시 서구 월평동,경상사고,0,0,1,0,차대사람 - 기타,안전운전불이행,건조,맑음,기타 - 기타,자전거,여,67세,기타불명,보행자,여,61세,경상
2020102900100585,2020년 10월 29일 18시,목요일,대전광역시 유성구 구암동,중상사고,0,2,0,0,차량단독 - 기타,안전운전불이행,건조,맑음,단일로 - 기타,승합,남,50세,상해없음,,,,
2020102900100586,2020년 10월 29일 18시,목요일,대전광역시 유성구 지족동,경상사고,0,0,1,0,차대차 - 측면충돌,안전운전불이행,건조,맑음,교차로 - 교차로부근,승용,여,35세,상해없음,승용,여,56세,경상
2020102900100587,2020년 10월 29일 18시,목요일,대전광역시 유성구 장대동,경상사고,0,0,1,0,차대차 - 기타,안전운전불이행,건조,맑음,교차로 - 교차로부근,승용,남,41세,상해없음,승용,여,45세,경상
2020102900100616,2020년 10월 29일 19시,목요일,대전광역시 유성구 송강동,경상사고,0,0,1,0,차대사람 - 기타,보행자보호의무위반,건조,흐림,교차로 - 교차로횡단보도내,승용,남,45세,상해없음,보행자,남,10세,경상
2020102900100689,2020년 10월 29일 21시,목요일,대전광역시 서구 월평동,중상사고,0,1,0,0,차대차 - 기타,안전거리미확보,건조,맑음,단일로 - 기타,승용,여,58세,상해없음,이륜,여,27세,중상