사고번호,사고일시,요일,시군구,사고내용,사망자수,중상자수,경상자수,부상신고자수,사고유형,법규위반,노면상태,기상상태,도로형태,가해운전자 차종,가해운전자 성별,가해운전자 연령,가해운전자 상해정도,피해운전자 차종,피해운전자 성별,피해운전자 연령,피해운전자 상해정도
2020111000100145,2020년 11월 10일 08시,화요일,대전광역시 대덕구 오정동,경상사고,0,0,1,0,차대차 - 기타,교차로운행방법위반,건조,맑음,교차로 - 교차로안,승용,남,68세,상해없음,승용,여,25세,경상
2020111000100184,2020년 11월 10일 09시,화요일,대전광역시 동구 신흥동,경상사고,0,0,1,0,차대차 - 측면충돌,안전운전불이행,건조,맑음,교차로 - 교차로횡단보도내,승합,남,76세,상해없음,자전거,남,46세,경상
2020111000100185,2020년 11월 10일 09시,화요일,대전광역시 대덕구 오정동,경상사고,0,0,1,0,차대차 - 기타,안전운전불이행,건조,맑음,단일로 - 교량,승용,남,68세,상해없음,화물,남,57세,경상
2020111000100222,2020년 11월 10일 10시,화요일,대전광역시 서구 둔산동,중상사고,0,1,0,0,차대차 - 기타,안전운전불이행,건조,맑음,교차로 - 교차로부근,화물,남,63세,상해없음,승용,여,60세,중상
2020111000100223,2020년 11월 10일 10시,화요일,대전광역시 유성구 봉명동,경상사고,0,0,1,0,차대차 - 측면충돌,교차로운행방법위반,건조,맑음,교차로 - 교차로안,승용,남,68세,상해없음,승용,남,47세,경상
2020111000100326,2020년 11월 10일 13시,화요일,대전광역시 서구 도안동,경상사고,0,0,1,0,차대차 - 추돌,안전운전불이행,건조,맑음,단일로 - 기타,승용,남,27세,상해없음,승용,남,38세,경상
2020111000100327,2020년 11월 10일 13시,화요일,대전광역시 서구 가장동,경상사고,0,0,1,0,차대차 - 추돌,안전운전불이행,건조,맑음,단일로 - 기타,화물,남,66세,상해없음,승용,여,30세,경상
2020111000100328,2020년 11월 10일 13시,화요일,대전광역시 서구 도마동,경상사고,0,0,2,0,차대차 - 측면충돌,안전운전불이행,건조,맑음,교차로 - 교차로부근,이륜,남,23세,경상,승용,남,64세,경상
2020111000100367,2020년 11월 10일 14시,화요일,대전광역시 중구 산성동,경상사고,0,0,1,0,차대사람 - 기타,안전운전불이행,건조,맑음,단일로 - 기타,승용,여,66세,상해없음,보행자,여,71세,경상
2020111000100411,2020년 11월 10일 15시,화요일,대전광역시 동구 가오동,경상사고,0,0,2,0,차대차 - 후진중충돌,안전운전불이행,건조,맑음,기타 - 기타,승용,여,52세,상해없음,승용,남,30세,경상
2020111000100589,2020년 11월 10일 18시,화요일,대전광역시 서구 둔산동,경상사고,0,0,1,1,차대차 - 기타,교차로운행방법위반,건조,맑음,교차로 - 교차로안,승용,여,61세,부상신고,승용,남,37세,경상
2020111000100590,2020년 11월 10일 18시,화요일,대전광역시 서구 둔산동,경상사고,0,0,1,0,차대차 - 기타,신호위반,건조,맑음,교차로 - 교차로안,승용,남,28세,경상,승합,남,34세,상해없음
2020111000100591,2020년 11월 10일 18시,화요일,대전광역시 유성구 봉명동,경상사고,0,0,1,0,차대사람 - 기타,안전운전불이행,건조,맑음,기타 - 기타,자전거,남,54세,상해없음,보행자,남,44세,경상
2020111000100631,2020년 11월 10일 19시,화요일,대전광역시 동구 가양동,경상사고,0,0,1,0,차대차 - 측면충돌,교차로운행방법위반,건조,맑음,교차로 - 교차로부근,승용,남,37세,상해없음,승용,여,45세,경상
2020111000100633,2020년 11월 10일 19시,화요일,대전광역시 서구 정림동,경상사고,0,0,3,1,차대차 - 추돌,안전운전불이행,건조,맑음,단일로 - 기타,승용,남,54세,상해없음,승용,남,74세,경상
2020111000100669,2020년 11월 10일 20시,화요일,대전광역시 동구 용전동,중상사고,0,1,0,0,차대사람 - 기타,안전운전불이행,건조,맑음,단일로 - 기타,승용,여,42세,상해없음,보행자,여,58세,중상
2020111000100670,2020년 11월 10일 20시,화요일,대전광역시 동구 소제동,경상사고,0,0,1,0,차대차 - 기타,안전거리미확보,건조,맑음,교차로 - 교차로부근,화물,남,35세,상해없음,승용,남,24세,경상
2020111000100671,2020년 11월 10일 20시,화요일,대전광역시 대덕구 석봉동,경상사고,0,0,1,0,차대차 - 측면충돌,안전운전불이행,건조,맑음,단일로 - 기타,승용,남,41세,상해없음,화물,남,46세,상해없음
2020111000100726,2020년 11월 10일 22시,화요일,대전광역시 유성구 관평동,중상사고,0,1,2,0,차대차 - 기타,신호위반,건조,맑음,교차로 - 교차로부근,이륜,남,32세,중상,승용,남,60세,경상
2020111000100736,2020년 11월 10일 23시,화요일,대전광역시 유성구 상대동,경상사고,0,0,1,0,차대차 - 측면충돌,중앙선침범,건조,맑음,단일로 - 기타,원동기,남,51세,상해없음,자전거,여,22세,경상
2020111100100010,2020년 11월 11일 00시,수요일,대전광역시 유성구 노은동,중상사고,0,1,1,0,차대차 - 기타,신호위반,건조,맑음,교차로 - 교차로안,승용,남,35세,상해없음,승용,남,29세,경상
2020111100100055,2020년 11월 11일 06시,수요일,대전광역시 유성구 봉산동,경상사고,0,0,1,0,차대차 - 추돌,안전운전불이행,건조,맑음,기타 - 기타,승용,남,45세,상해없음,승용,남,30세,경상
2020111100100127,2020년 11월 11일 08시,수요일,대전광역시 중구 태평동,경상사고,0,0,1,0,차대차 - 측면충돌,신호위반,건조,맑음,교차로 - 교차로안,승용,여,25세,상해없음,승용,남,69세,경상
2020111100100128,2020년 11월 11일 08시,수요일,대전광역시 유성구 원내동,경상사고,0,0,2,0,차대차 - 측면충돌,신호위반,건조,맑음,교차로 - 교차로안,승용,여,39세,상해없음,승용,남,67세,경상
2020111100100171,2020년 11월 11일 09시,수요일,대전광역시 서구 둔산동,경상사고,0,0,1,0,차대차 - 기타,안전거리미확보,건조,맑음,교차로 - 교차로안,승용,남,44세,상해없음,승합,남,59세,상해없음
2020111100100212,2020년 11월 11일 10시,수요일,대전광역시 대덕구 신대동,경상사고,0,0,1,0,차대차 - 추돌,차로위반,건조,맑음,단일로 - 교량,화물,남,21세,상해없음,승용,남,30세,경상
2020111100100259,2020년 11월 11일 11시,수요일,대전광역시 서구 도안동,중상사고,0,1,1,0,차대차 - 기타,안전운전불이행,건조,맑음,교차로 - 교차로부근,승용,남,27세,경상,이륜,남,38세,중상
2020111100100260,2020년 11월 11일 11시,수요일,대전광역시 서구 탄방동,경상사고,0,0,2,0,차대차 - 측면충돌,기타,건조,맑음,교차로 - 교차로안,이륜,남,19세,경상,승용,여,36세,경상
2020111100100304,2020년 11월 11일 12시,수요일,대전광역시 유성구 노은동,경상사고,0,0,1,0,차대차 - 추돌,안전운전불이행,건조,맑음,단일로 - 기타,승용,남,60세,상해없음,승용,여,45세,경상
2020111100100344,2020년 11월 11일 13시,수요일,대전광역시 동구 성남동,경상사고,0,0,1,0,차대차 - 측면충돌,안전운전불이행,건조,맑음,단일로 - 기타,승용,남,62세,상해없음,이륜,남,35세,경상
2020111100100380,2020년 11월 11일 14시,수요일,대전광역시 중구 유천동,경상사고,0,0,3,0,차대차 - 측면충돌,안전거리미확보,건조,맑음,교차로 - 교차로부근,이륜,남,25세,상해없음,승용,여,57세,경상
2020111100100429,2020년 11월 11일 15시,수요일,대전광역시 중구 중촌동,경상사고,0,0,2,0,차대차 - 기타,안전운전불이행,건조,맑음,단일로 - 기타,승용,남,49세,경상,승용,남,41세,경상
2020111100100430,2020년 11월 11일 15시,수요일,대전광역시 동구 정동,중상사고,0,1,0,0,차대사람 - 기타,보행자보호의무위반,건조,맑음,단일로 - 기타,승용,남,64세,상해없음,보행자,남,86세,중상
2020111100100480,2020년 11월 11일 16시,수요일,대전광역시 대덕구 중리동,경상사고,0,0,1,0,차대차 - 기타,교차로운행방법위반,건조,맑음,교차로 - 교차로안,승용,여,55세,상해없음,승용,남,31세,경상
2020111100100596,2020년 11월 11일 18시,수요일,대전광역시 유성구 화암동,경상사고,0,0,1,0,차대차 - 추돌,안전운전불이행,건조,맑음,단일로 - 기타,승용,여,34세,상해없음,승용,남,44세,경상
2020111100100644,2020년 11월 11일 19시,수요일,대전광역시 서구 도마동,중상사고,0,2,0,0,차대사람 - 횡단중,보행자보호의무위반,건조,맑음,교차로 - 교차로횡단보도내,화물,남,41세,상해없음,보행자,남,47세,중상
2020111100100645,2020년 11월 11일 19시,수요일,대전광역시 대덕구 덕암동,경상사고,0,0,2,0,차대차 - 기타,신호위반,건조,맑음,교차로 - 교차로안,승용,남,39세,상해없음,승용,남,34세,경상
2020111100100646,2020년 11월 11일 19시,수요일,대전광역시 서구 둔산동,경상사고,0,0,1,0,차대차 - 기타,신호위반,건조,맑음,교차로 - 교차로안,승용,여,41세,상해없음,승용,남,33세,경상
2020111100100647,2020년 11월 11일 19시,수요일,대전광역시 유성구 화암동,경상사고,0,0,1,0,차대차 - 측면충돌,안전운전불이행,건조,맑음,교차로 - 교차로부근,승용,남,75세,상해없음,승용,남,25세,경상
2020111100100754,2020년 11월 11일 23시,수요일,대전광역시 동구 인동,경상사고,0,0,1,0,차대사람 - 기타,안전운전불이행,건조,맑음,단일로 - 기타,승용,남,49세,상해없음,보행자,남,37세,경상
2020111100100755,2020년 11월 11일 23시,수요일,대전광역시 유성구 봉명동,경상사고,0,0,2,0,차대차 - 추돌,안전운전불이행,건조,맑음,단일로 - 기타,승용,남,36세,상해없음,승용,남,61세,경상
2020111200100019,2020년 11월 12일 00시,목요일,대전광역시 서구 둔산동,중상사고,0,1,0,0,차대차 - 기타,신호위반,건조,맑음,교차로 - 교차로안,승용,여,23세,상해없음,자전거,남,25세,중상
2020111200100031,2020년 11월 12일 01시,목요일,대전광역시 중구 태평동,중상사고,0,1,0,0,차대차 - 측면충돌,신호위반,건조,맑음,교차로 - 교차로안,이륜,남,56세,중상,승용,남,72세,상해없음
2020111200100059,2020년 11월 12일 05시,목요일,대전광역시 서구 둔산동,경상사고,0,0,1,0,차대차 - 기타,신호위반,건조,맑음,교차로 - 교차로안,승용,남,49세,상해없음,화물,남,49세,경상
2020111200100077,2020년 11월 12일 06시,목요일,대전광역시 서구 탄방동,중상사고,0,1,0,0,차대사람 - 기타,신호위반,건조,맑음,교차로 - 교차로안,승용,남,54세,기타불명,보행자,여,84세,중상
2020111200100105,2020년 11월 12일 07시,목요일,대전광역시 서구 용문동,경상사고,0,0,4,0,차대차 - 측면충돌,안전운전불이행,건조,맑음,단일로 - 기타,승용,남,26세,상해없음,승용,남,27세,경상
2020111200100141,2020년 11월 12일 08시,목요일,대전광역시 서구 탄방동,경상사고,0,0,1,0,차대차 - 추돌,안전운전불이행,건조,맑음,교차로 - 교차로부근,승용,남,55세,상해없음,승용,여,27세,경상
2020111200100142,2020년 11월 12일 08시,목요일,대전광역시 유성구 덕명동,경상사고,0,0,2,0,차대차 - 기타,신호위반,건조,맑음,교차로 - 교차로안,화물,남,68세,기타불명,승용,남,60세,경상
2020111200100169,2020년 11월 12일 09시,목요일,대전광역시 대덕구 비래동,경상사고,0,0,2,0,차대차 - 추돌,안전거리미확보,건조,맑음,단일로 - 기타,승용,남,40세,경상,승용,남,19세,경상
2020111200100184,2020년 11월 12일 09시,목요일,대전광역시 동구 성남동,경상사고,0,0,1,0,차대차 - 측면충돌,안전거리미확보,건조,맑음,단일로 - 기타,승합,남,45세,상해없음,승용,남,66세,경상
2020111200100185,2020년 11월 12일 09시,목요일,대전광역시 대덕구 중리동,중상사고,0,1,0,0,차대차 - 기타,교차로운행방법위반,건조,맑음,교차로 - 교차로안,승용,남,44세,상해없음,승용,남,52세,중상
2020111200100274,2020년 11월 12일 12시,목요일,대전광역시 서구 갈마동,경상사고,0,0,1,0,차대차 - 기타,안전운전불이행,건조,맑음,단일로 - 기타,승용,남,41세,상해없음,승용,여,41세,상해없음
2020111200100305,2020년 11월 12일 13시,목요일,대전광역시 서구 탄방동,경상사고,0,0,1,0,차대차 - 기타,안전운전불이행,건조,맑음,교차로 - 교차로안,승용,여,57세,상해없음,화물,남,34세,경상
2020111200100344,2020년 11월 12일 14시,목요일,대전광역시 중구 대흥동,경상사고,0,0,1,0,차대차 - 기타,안전운전불이행,건조,맑음,단일로 - 기타,승용,여,69세,상해없음,승용,남,46세,경상
2020111200100345,2020년 11월 12일 14시,목요일,대전광역시 동구 중동,경상사고,0,0,2,0,차대차 - 추돌,안전운전불이행,건조,맑음,교차로 - 교차로부근,화물,남,60세,상해없음,화물,남,59세,경상
2020111200100346,2020년 11월 12일 14시,목요일,대전광역시 서구 도마동,경상사고,0,0,1,0,차대차 - 기타,안전운전불이행,건조,맑음,교차로 - 교차로부근,승용,여,28세,상해없음,화물,남,34세,경상
2020111200100347,2020년 11월 12일 14시,목요일,대전광역시 서구 갈마동,경상사고,0,0,1,0,차대사람 - 길가장자리구역통행중,안전운전불이행,건조,맑음,단일로 - 기타,승용,여,43세,상해없음,보행자,여,19세,경상
2020111200100390,2020년 11월 12일 15시,목요일,대전광역시 중구 대흥동,경상사고,0,0,1,0,차대차 - 기타,안전운전불이행,건조,맑음,교차로 - 교차로안,승용,여,50세,상해없음,승용,여,28세,경상
2020111200100391,2020년 11월 12일 15시,목요일,대전광역시 서구 용문동,경상사고,0,0,5,0,차대차 - 추돌,안전운전불이행,건조,맑음,교차로 - 교차로부근,승용,여,50세,상해없음,승용,남,58세,경상
2020111200100427,2020년 11월 12일 16시,목요일,대전광역시 중구 대사동,경상사고,0,0,1,0,차대차 - 기타,안전운전불이행,건조,맑음,교차로 - 교차로부근,승용,남,69세,상해없음,승용,남,72세,경상
2020111200100482,2020년 11월 12일 17시,목요일,대전광역시 동구 삼성동,경상사고,0,0,1,0,차대차 - 측면충돌,신호위반,건조,맑음,교차로 - 교차로안,승용,여,30세,상해없음,승용,남,48세,경상
2020111200100483,2020년 11월 12일 17시,목요일,대전광역시 유성구 방동,중상사고,0,1,2,0,차대차 - 추돌,안전운전불이행,건조,맑음,단일로 - 교량,화물,남,62세,상해없음,화물,남,68세,경상
2020111200100484,2020년 11월 12일 17시,목요일,대전광역시 유성구 도룡동,경상사고,0,0,1,0,차대차 - 측면충돌,안전거리미확보,건조,맑음,단일로 - 기타,승용,남,43세,기타불명,화물,남,65세,경상
2020111200100523,2020년 11월 12일 18시,목요일,대전광역시 유성구 용산동,중상사고,0,1,0,0,차대차 - 기타,안전운전불이행,건조,맑음,단일로 - 기타,승용,남,22세,상해없음,승용,남,33세,중상
2020111200100556,2020년 11월 12일 18시,목요일,대전광역시 중구 오류동,경상사고,0,0,2,0,차대차 - 기타,안전거리미확보,건조,맑음,교차로 - 교차로부근,승용,여,40세,경상,승용,여,43세,경상
2020111200100557,2020년 11월 12일 18시,목요일,대전광역시 서구 도안동,경상사고,0,0,5,0,차대차 - 추돌,안전운전불이행,건조,맑음,단일로 - 기타,승용,여,65세,경상,승합,남,59세,경상
2020111200100558,2020년 11월 12일 18시,목요일,대전광역시 대덕구 법동,경상사고,0,0,1,0,차대차 - 기타,신호위반,건조,맑음,기타 - 기타,승용,남,53세,상해없음,자전거,남,41세,경상
2020111200100559,2020년 11월 12일 18시,목요일,대전광역시 서구 만년동,중상사고,0,1,0,0,차대차 - 추돌,안전운전불이행,건조,맑음,단일로 - 고가도로위,화물,남,47세,상해없음,승용,여,52세,중상
2020111200100560,2020년 11월 12일 18시,목요일,대전광역시 서구 탄방동,부상신고사고,0,0,0,1,차대사람 - 기타,안전운전불이행,건조,맑음,교차로 - 교차로횡단보도내,승용,남,24세,상해없음,보행자,남,47세,부상신고
2020111200100600,2020년 11월 12일 19시,목요일,대전광역시 서구 탄방동,경상사고,0,0,2,0,차대차 - 기타,안전운전불이행,건조,맑음,교차로 - 교차로안,승용,남,57세,상해없음,자전거,남,19세,경상
2020111200100601,2020년 11월 12일 19시,목요일,대전광역시 서구 둔산동,경상사고,0,0,4,0,차대차 - 기타,안전운전불이행,건조,맑음,교차로 - 교차로안,승용,여,48세,경상,승용,여,42세,경상
2020111200100602,2020년 11월 12일 19시,목요일,대전광역시 서구 둔산동,경상사고,0,0,4,0,차대차 - 추돌,안전운전불이행,건조,맑음,교차로 - 교차로부근,승용,남,57세,상해없음,승용,여,45세,경상
2020111200100630,2020년 11월 12일 20시,목요일,대전광역시 서구 도마동,중상사고,0,1,0,0,차대차 - 기타,안전운전불이행,건조,맑음,단일로 - 기타,기타불명,기타불명,미분류,기타불명,이륜,남,49세,중상
2020111200100655,2020년 11월 12일 21시,목요일,대전광역시 중구 선화동,경상사고,0,0,2,1,차대차 - 측면충돌,교차로운행방법위반,건조,맑음,교차로 - 교차로안,승용,여,57세,부상신고,승용,남,69세,경상
2020111200100656,2020년 11월 12일 21시,목요일,대전광역시 유성구 지족동,경상사고,0,0,6,0,차대차 - 추돌,안전운전불이행,건조,맑음,교차로 - 교차로부근,승용,남,40세,경상,승용,남,34세,경상
2020111200100693,2020년 11월 12일 23시,목요일,대전광역시 유성구 죽동,경상사고,0,0,1,0,차대사람 - 횡단중,보행자보호의무위반,건조,맑음,교차로 - 교차로안,승용,여,43세,상해없음,보행자,여,50세,경상
2020111300100029,2020년 11월 13일 02시,금요일,대전광역시 서구 월평동,중상사고,0,1,3,0,차대차 - 추돌,안전운전불이행,건조,맑음,교차로 - 교차로부근,승용,남,34세,상해없음,이륜,남,28세,중상
2020111300100134,2020년 11월 13일 08시,금요일,대전광역시 유성구 관평동,경상사고,0,0,1,0,차대차 - 기타,신호위반,건조,맑음,교차로 - 교차로횡단보도내,기타불명,기타불명,미분류,기타불명,자전거,남,16세,경상
2020111300100171,2020년 11월 13일 09시,금요일,대전광역시 중구 목동,경상사고,0,0,1,0,차대차 - 기타,기타,건조,맑음,단일로 - 기타,승용,남,55세,상해없음,승용,여,51세,경상
2020111300100172,2020년 11월 13일 09시,금요일,대전광역시 대덕구 신대동,경상사고,0,0,2,0,차대차 - 기타,안전운전불이행,건조,맑음,단일로 - 기타,승용,남,48세,상해없음,승용,남,39세,경상
2020111300100173,2020년 11월 13일 09시,금요일,대전광역시 유성구 학하동,경상사고,0,0,1,0,차대차 - 측면충돌,신호위반,건조,맑음,교차로 - 교차로안,건설기계,남,51세,상해없음,승용,남,45세,경상
2020111300100235,2020년 11월 13일 11시,금요일,대전광역시 중구 오류동,경상사고,0,0,1,0,차대차 - 기타,안전거리미확보,건조,맑음,단일로 - 기타,승용,남,19세,상해없음,승용,남,25세,경상
2020111300100236,2020년 11월 13일 11시,금요일,대전광역시 동구 중동,경상사고,0,0,3,0,차량단독 - 기타,안전운전불이행,건조,맑음,단일로 - 기타,승합,남,51세,상해없음,,,,
2020111300100237,2020년 11월 13일 11시,금요일,대전광역시 동구 자양동,중상사고,0,1,0,0,차대사람 - 길가장자리구역통행중,안전운전불이행,건조,맑음,단일로 - 기타,승용,남,76세,상해없음,보행자,여,78세,중상
2020111300100261,2020년 11월 13일 12시,금요일,대전광역시 서구 갈마동,중상사고,0,1,0,0,차대차 - 기타,안전거리미확보,건조,맑음,단일로 - 기타,승용,남,28세,상해없음,이륜,남,55세,중상
2020111300100320,2020년 11월 13일 14시,금요일,대전광역시 서구 탄방동,경상사고,0,0,1,1,차대차 - 기타,안전운전불이행,건조,맑음,단일로 - 기타,화물,남,46세,부상신고,승용,여,30세,경상
2020111300100357,2020년 11월 13일 15시,금요일,대전광역시 대덕구 덕암동,경상사고,0,0,2,0,차대차 - 기타,안전거리미확보,건조,맑음,교차로 - 교차로부근,화물,남,61세,상해없음,승용,남,62세,경상
2020111300100358,2020년 11월 13일 15시,금요일,대전광역시 유성구 봉명동,경상사고,0,0,1,0,차대차 - 추돌,안전운전불이행,건조,맑음,단일로 - 기타,승용,남,39세,상해없음,승용,여,35세,경상
2020111300100400,2020년 11월 13일 16시,금요일,대전광역시 중구 은행동,경상사고,0,0,1,0,차대차 - 기타,안전운전불이행,건조,맑음,단일로 - 기타,승용,여,57세,상해없음,자전거,남,76세,경상
2020111300100401,2020년 11월 13일 16시,금요일,대전광역시 중구 대흥동,중상사고,0,1,1,0,차대차 - 기타,안전운전불이행,건조,맑음,단일로 - 기타,승용,남,31세,상해없음,승합,남,50세,중상
2020111300100447,2020년 11월 13일 17시,금요일,대전광역시 서구 복수동,중상사고,0,1,0,0,차대차 - 측면충돌,안전운전불이행,건조,맑음,교차로 - 교차로부근,승용,남,61세,상해없음,자전거,남,7세,중상
2020111300100514,2020년 11월 13일 18시,금요일,대전광역시 동구 홍도동,경상사고,0,0,1,0,차대차 - 기타,안전거리미확보,건조,맑음,교차로 - 교차로부근,승용,여,44세,상해없음,승용,남,24세,경상
2020111300100515,2020년 11월 13일 18시,금요일,대전광역시 서구 둔산동,중상사고,0,1,0,0,차대차 - 측면충돌,교차로운행방법위반,건조,맑음,단일로 - 기타,승용,여,30세,상해없음,이륜,남,24세,중상
2020111300100516,2020년 11월 13일 18시,금요일,대전광역시 유성구 봉명동,경상사고,0,0,1,1,차대차 - 측면충돌,안전운전불이행,건조,맑음,교차로 - 교차로안,승용,남,61세,상해없음,승용,남,35세,상해없음
2020111300100517,2020년 11월 13일 18시,금요일,대전광역시 유성구 봉명동,경상사고,0,0,1,0,차대차 - 측면충돌,신호위반,건조,맑음,교차로 - 교차로안,승용,여,42세,상해없음,승용,남,29세,경상
2020111300100607,2020년 11월 13일 20시,금요일,대전광역시 서구 도마동,경상사고,0,0,2,0,차대차 - 기타,중앙선침범,건조,맑음,단일로 - 기타,승용,남,42세,상해없음,승용,남,26세,경상
2020111300100608,2020년 11월 13일 20시,금요일,대전광역시 서구 관저동,중상사고,0,1,0,0,차대사람 - 기타,기타,건조,맑음,기타 - 기타,승용,남,29세,상해없음,보행자,남,54세,중상
2020111300100609,2020년 11월 13일 20시,금요일,대전광역시 서구 갈마동,경상사고,0,0,1,0,차대차 - 측면충돌,안전운전불이행,건조,맑음,교차로 - 교차로안,승합,남,49세,상해없음,승용,남,57세,경상
2020111300100640,2020년 11월 13일 21시,금요일,대전광역시 유성구 죽동,경상사고,0,0,1,0,차대차 - 기타,안전운전불이행,건조,맑음,교차로 - 교차로부근,승용,남,68세,상해없음,승용,남,31세,경상
2020111300100658,2020년 11월 13일 22시,금요일,대전광역시 대덕구 상서동,경상사고,0,0,4,0,차대차 - 측면충돌,안전운전불이행,건조,맑음,단일로 - 기타,기타불명,기타불명,미분류,기타불명,승용,여,22세,경상
2020111300100663,2020년 11월 13일 22시,금요일,대전광역시 동구 용전동,경상사고,0,0,1,0,차대사람 - 기타,신호위반,건조,맑음,단일로 - 기타,이륜,남,45세,상해없음,보행자,여,53세,경상
2020111300100664,2020년 11월 13일 22시,금요일,대전광역시 유성구 어은동,경상사고,0,0,2,0,차대차 - 측면충돌,안전운전불이행,건조,맑음,교차로 - 교차로안,승용,남,20세,기타불명,승용,여,21세,경상
2020111400100053,2020년 11월 14일 02시,토요일,대전광역시 서구 괴정동,경상사고,0,0,1,0,차대사람 - 기타,중앙선침범,건조,맑음,단일로 - 기타,기타불명,기타불명,미분류,기타불명,보행자,남,34세,경상
2020111400100054,2020년 11월 14일 02시,토요일,대전광역시 서구 월평동,경상사고,0,0,2,0,차대차 - 기타,교차로운행방법위반,건조,맑음,단일로 - 기타,승용,여,23세,상해없음,승용,남,55세,경상
2020111400100101,2020년 11월 14일 06시,토요일,대전광역시 중구 은행동,경상사고,0,0,3,0,차대차 - 측면충돌,신호위반,건조,맑음,교차로 - 교차로안,화물,남,51세,상해없음,승용,남,76세,경상
2020111400100129,2020년 11월 14일 08시,토요일,대전광역시 서구 갈마동,경상사고,0,0,1,0,차대차 - 기타,안전운전불이행,건조,맑음,교차로 - 교차로부근,승용,남,26세,상해없음,승합,남,27세,경상
2020111400100275,2020년 11월 14일 12시,토요일,대전광역시 서구 용문동,경상사고,0,0,1,0,차대차 - 기타,안전운전불이행,건조,맑음,단일로 - 기타,승용,남,36세,상해없음,자전거,여,24세,경상
2020111400100276,2020년 11월 14일 12시,토요일,대전광역시 대덕구 오정동,경상사고,0,0,2,0,차량단독 - 기타,안전운전불이행,건조,맑음,단일로 - 기타,승합,남,50세,상해없음,,,,
2020111400100277,2020년 11월 14일 12시,토요일,대전광역시 대덕구 법동,경상사고,0,0,1,0,차대차 - 기타,안전거리미확보,건조,맑음,교차로 - 교차로안,승용,남,33세,기타불명,승합,남,57세,상해없음
2020111400100356,2020년 11월 14일 14시,토요일,대전광역시 대덕구 오정동,경상사고,0,0,2,0,차대차 - 기타,안전운전불이행,건조,맑음,교차로 - 교차로안,승용,남,69세,상해없음,승합,남,65세,경상
2020111400100357,2020년 11월 14일 14시,토요일,대전광역시 서구 둔산동,경상사고,0,0,1,0,차대차 - 추돌,안전운전불이행,건조,맑음,단일로 - 기타,이륜,남,19세,상해없음,승용,남,50세,상해없음
2020111400100397,2020년 11월 14일 15시,토요일,대전광역시 중구 목동,중상사고,0,1,1,0,차대차 - 측면충돌,신호위반,건조,맑음,교차로 - 교차로안,화물,남,78세,상해없음,승합,남,56세,중상
2020111400100398,2020년 11월 14일 15시,토요일,대전광역시 동구 구도동,경상사고,0,0,2,0,차대차 - 추돌,안전운전불이행,건조,맑음,교차로 - 교차로부근,승용,남,85세,상해없음,승용,남,49세,경상
2020111400100437,2020년 11월 14일 16시,토요일,대전광역시 유성구 탑립동,경상사고,0,0,1,0,차대차 - 측면충돌,직진우회전진행방해,건조,맑음,교차로 - 교차로안,승용,여,32세,기타불명,이륜,남,37세,경상
2020111400100527,2020년 11월 14일 18시,토요일,대전광역시 동구 가양동,경상사고,0,0,1,0,차대차 - 측면충돌,교차로운행방법위반,건조,맑음,교차로 - 교차로안,이륜,남,18세,상해없음,이륜,남,26세,경상
2020111400100528,2020년 11월 14일 18시,토요일,대전광역시 서구 내동,경상사고,0,0,1,0,차대차 - 기타,안전거리미확보,건조,맑음,교차로 - 교차로부근,승용,여,26세,상해없음,승용,남,50세,경상
2020111400100529,2020년 11월 14일 18시,토요일,대전광역시 유성구 도룡동,경상사고,0,0,3,0,차대차 - 정면충돌,신호위반,건조,맑음,교차로 - 교차로안,승용,남,30세,상해없음,승용,남,22세,경상
2020111400100530,2020년 11월 14일 18시,토요일,대전광역시 유성구 봉명동,경상사고,0,0,3,0,차대차 - 추돌,안전운전불이행,건조,맑음,교차로 - 교차로부근,승용,여,33세,상해없음,승용,남,23세,경상
2020111400100531,2020년 11월 14일 18시,토요일,대전광역시 유성구 노은동,부상신고사고,0,0,0,1,차대차 - 측면충돌,안전운전불이행,건조,맑음,교차로 - 교차로부근,승용,남,54세,기타불명,화물,남,66세,상해없음
2020111400100561,2020년 11월 14일 19시,토요일,대전광역시 동구 대동,중상사고,0,1,0,0,차대차 - 측면충돌,안전운전불이행,건조,맑음,단일로 - 기타,화물,남,39세,상해없음,원동기,남,23세,중상
2020111400100562,2020년 11월 14일 19시,토요일,대전광역시 유성구 도룡동,경상사고,0,0,3,0,차대차 - 측면충돌,안전거리미확보,건조,맑음,단일로 - 기타,승용,여,69세,상해없음,승용,남,37세,경상
2020111400100563,2020년 11월 14일 19시,토요일,대전광역시 유성구 원신흥동,경상사고,0,0,2,0,차대차 - 추돌,안전운전불이행,건조,맑음,교차로 - 교차로부근,승용,남,56세,상해없음,승용,남,29세,경상
2020111400100590,2020년 11월 14일 20시,토요일,대전광역시 중구 문창동,경상사고,0,0,1,0,차대차 - 기타,안전운전불이행,건조,맑음,단일로 - 기타,승용,남,74세,상해없음,이륜,남,43세,경상
2020111400100591,2020년 11월 14일 20시,토요일,대전광역시 서구 탄방동,경상사고,0,0,4,1,차대차 - 기타,교차로운행방법위반,건조,맑음,교차로 - 교차로부근,승용,남,67세,부상신고,승용,남,21세,경상