사고번호,사고일시,요일,시군구,사고내용,사망자수,중상자수,경상자수,부상신고자수,사고유형,법규위반,노면상태,기상상태,도로형태,가해운전자 차종,가해운전자 성별,가해운전자 연령,가해운전자 상해정도,피해운전자 차종,피해운전자 성별,피해운전자 연령,피해운전자 상해정도
2020111400100626,2020년 11월 14일 22시,토요일,대전광역시 대덕구 중리동,경상사고,0,0,1,0,차대차 - 기타,교차로운행방법위반,건조,맑음,교차로 - 교차로부근,승용,남,63세,상해없음,승용,여,49세,경상
2020111500100013,2020년 11월 15일 01시,일요일,대전광역시 서구 관저동,경상사고,0,0,4,0,차대차 - 기타,신호위반,건조,맑음,교차로 - 교차로안,승용,남,26세,경상,이륜,남,18세,경상
2020111500100041,2020년 11월 15일 05시,일요일,대전광역시 서구 갈마동,경상사고,0,0,1,1,차대차 - 기타,안전운전불이행,건조,맑음,교차로 - 교차로부근,기타불명,기타불명,미분류,기타불명,승용,남,25세,경상
2020111500100084,2020년 11월 15일 09시,일요일,대전광역시 동구 용전동,경상사고,0,0,1,0,차대차 - 추돌,안전운전불이행,건조,맑음,교차로 - 교차로부근,승합,남,48세,상해없음,승용,남,27세,경상
2020111500100085,2020년 11월 15일 09시,일요일,대전광역시 유성구 방동,중상사고,0,1,0,0,차대차 - 추돌,안전운전불이행,건조,맑음,단일로 - 기타,이륜,남,55세,상해없음,승용,여,65세,상해없음
2020111500100086,2020년 11월 15일 09시,일요일,대전광역시 유성구 장대동,경상사고,0,0,1,0,차대차 - 기타,신호위반,건조,맑음,교차로 - 교차로안,승합,남,38세,상해없음,이륜,남,30세,경상
2020111500100087,2020년 11월 15일 09시,일요일,대전광역시 유성구 화암동,경상사고,0,0,2,0,차대차 - 측면충돌,안전운전불이행,건조,맑음,단일로 - 기타,승용,남,85세,상해없음,승용,남,57세,경상
2020111500100152,2020년 11월 15일 12시,일요일,대전광역시 대덕구 상서동,경상사고,0,0,1,0,차대차 - 기타,안전운전불이행,건조,맑음,교차로 - 교차로안,승용,여,34세,상해없음,승용,남,29세,경상
2020111500100227,2020년 11월 15일 14시,일요일,대전광역시 중구 은행동,경상사고,0,0,1,0,차대사람 - 차도통행중,안전운전불이행,건조,맑음,단일로 - 기타,승용,여,60세,상해없음,보행자,여,52세,경상
2020111500100228,2020년 11월 15일 14시,일요일,대전광역시 대덕구 오정동,경상사고,0,0,2,0,차대차 - 기타,교차로운행방법위반,건조,맑음,교차로 - 교차로부근,승용,여,40세,상해없음,승용,남,67세,경상
2020111500100256,2020년 11월 15일 15시,일요일,대전광역시 동구 성남동,경상사고,0,0,1,0,차대차 - 기타,신호위반,건조,맑음,단일로 - 기타,승용,여,27세,상해없음,원동기,남,23세,경상
2020111500100257,2020년 11월 15일 15시,일요일,대전광역시 유성구 궁동,경상사고,0,0,1,0,차대차 - 기타,안전운전불이행,건조,맑음,교차로 - 교차로안,자전거,남,28세,경상,승용,남,30세,상해없음
2020111500100311,2020년 11월 15일 17시,일요일,대전광역시 동구 성남동,경상사고,0,0,1,0,차대사람 - 차도통행중,중앙선침범,건조,맑음,교차로 - 교차로횡단보도내,이륜,남,21세,상해없음,보행자,남,60세,경상
2020111500100364,2020년 11월 15일 18시,일요일,대전광역시 중구 대흥동,사망사고,1,0,0,0,차대차 - 측면충돌,안전운전불이행,건조,맑음,교차로 - 교차로횡단보도내,자전거,남,69세,사망,승용,남,30세,상해없음
2020111500100365,2020년 11월 15일 18시,일요일,대전광역시 동구 소제동,경상사고,0,0,1,0,차대차 - 측면충돌,안전운전불이행,건조,맑음,단일로 - 교량,승용,남,61세,상해없음,승용,남,55세,경상
2020111500100366,2020년 11월 15일 18시,일요일,대전광역시 서구 월평동,경상사고,0,0,4,0,차대차 - 기타,신호위반,건조,맑음,단일로 - 기타,화물,남,68세,상해없음,승용,여,57세,경상
2020111500100367,2020년 11월 15일 18시,일요일,대전광역시 서구 월평동,경상사고,0,0,2,0,차대차 - 추돌,안전운전불이행,건조,맑음,단일로 - 기타,승용,남,21세,상해없음,승용,남,29세,경상
2020111500100407,2020년 11월 15일 19시,일요일,대전광역시 유성구 구암동,경상사고,0,0,4,0,차대차 - 추돌,안전운전불이행,건조,맑음,교차로 - 교차로부근,승용,남,24세,상해없음,승용,남,37세,경상
2020111500100470,2020년 11월 15일 23시,일요일,대전광역시 대덕구 비래동,경상사고,0,0,1,0,차대차 - 기타,신호위반,건조,맑음,교차로 - 교차로안,이륜,남,36세,상해없음,승용,여,58세,경상
2020111600100089,2020년 11월 16일 07시,월요일,대전광역시 대덕구 중리동,경상사고,0,0,1,0,차대차 - 기타,신호위반,건조,맑음,교차로 - 교차로안,승용,남,67세,상해없음,승용,남,70세,경상
2020111600100130,2020년 11월 16일 08시,월요일,대전광역시 중구 오류동,경상사고,0,0,1,0,차대차 - 기타,안전거리미확보,건조,맑음,교차로 - 교차로부근,화물,남,41세,상해없음,승용,남,39세,경상
2020111600100131,2020년 11월 16일 08시,월요일,대전광역시 동구 대동,중상사고,0,1,1,0,차대차 - 정면충돌,교차로운행방법위반,건조,맑음,교차로 - 교차로안,승용,여,55세,경상,승용,여,50세,중상
2020111600100313,2020년 11월 16일 13시,월요일,대전광역시 중구 용두동,부상신고사고,0,0,0,1,차대차 - 기타,안전거리미확보,건조,맑음,단일로 - 기타,이륜,남,69세,부상신고,승합,남,50세,상해없음
2020111600100314,2020년 11월 16일 13시,월요일,대전광역시 중구 유천동,중상사고,0,1,0,0,차량단독 - 기타,안전운전불이행,건조,맑음,단일로 - 기타,승합,남,43세,상해없음,,,,
2020111600100388,2020년 11월 16일 15시,월요일,대전광역시 서구 둔산동,경상사고,0,0,2,0,차대차 - 측면충돌,안전운전불이행,건조,맑음,교차로 - 교차로안,승용,남,52세,상해없음,승용,여,39세,경상
2020111600100477,2020년 11월 16일 17시,월요일,대전광역시 서구 변동,경상사고,0,0,1,0,차대차 - 기타,안전운전불이행,건조,맑음,교차로 - 교차로부근,승용,남,39세,상해없음,승용,여,42세,경상
2020111600100478,2020년 11월 16일 17시,월요일,대전광역시 대덕구 법동,경상사고,0,0,3,0,차대차 - 기타,안전운전불이행,건조,흐림,단일로 - 기타,승용,남,60세,상해없음,승용,남,71세,경상
2020111600100479,2020년 11월 16일 17시,월요일,대전광역시 대덕구 읍내동,경상사고,0,0,1,0,차대차 - 기타,안전거리미확보,건조,맑음,단일로 - 기타,승용,남,39세,상해없음,승용,남,46세,경상
2020111600100480,2020년 11월 16일 17시,월요일,대전광역시 서구 월평동,경상사고,0,0,1,0,차대차 - 측면충돌,신호위반,건조,맑음,교차로 - 교차로안,이륜,남,37세,상해없음,승용,여,51세,경상
2020111600100481,2020년 11월 16일 17시,월요일,대전광역시 유성구 상대동,경상사고,0,0,2,0,차대차 - 기타,안전운전불이행,건조,맑음,교차로 - 교차로안,승용,여,66세,기타불명,승용,여,48세,경상
2020111600100543,2020년 11월 16일 18시,월요일,대전광역시 동구 대동,중상사고,0,1,2,0,차대차 - 기타,안전운전불이행,건조,맑음,단일로 - 기타,승용,남,23세,상해없음,승용,남,51세,경상
2020111600100544,2020년 11월 16일 18시,월요일,대전광역시 서구 둔산동,경상사고,0,0,1,0,차량단독 - 기타,기타,건조,맑음,단일로 - 기타,승합,남,64세,상해없음,,,,
2020111600100545,2020년 11월 16일 18시,월요일,대전광역시 유성구 장대동,경상사고,0,0,3,0,차대차 - 측면충돌,안전운전불이행,건조,맑음,단일로 - 기타,화물,남,61세,상해없음,승용,남,68세,경상
2020111600100587,2020년 11월 16일 19시,월요일,대전광역시 중구 선화동,경상사고,0,0,1,0,차대차 - 측면충돌,안전운전불이행,건조,맑음,단일로 - 기타,승용,남,36세,상해없음,승용,남,58세,경상
2020111600100616,2020년 11월 16일 20시,월요일,대전광역시 서구 둔산동,중상사고,0,1,0,1,차대차 - 측면충돌,신호위반,건조,맑음,교차로 - 교차로부근,승용,남,60세,상해없음,이륜,남,23세,부상신고
2020111600100617,2020년 11월 16일 20시,월요일,대전광역시 유성구 노은동,경상사고,0,0,3,0,차대차 - 기타,신호위반,건조,맑음,교차로 - 교차로안,승용,남,58세,상해없음,승용,남,64세,경상
2020111600100646,2020년 11월 16일 21시,월요일,대전광역시 대덕구 오정동,경상사고,0,0,2,1,차대차 - 추돌,안전운전불이행,건조,맑음,단일로 - 기타,승용,여,26세,기타불명,승용,남,61세,경상
2020111700100011,2020년 11월 17일 00시,화요일,대전광역시 중구 대흥동,중상사고,0,1,0,0,차대차 - 기타,신호위반,건조,맑음,교차로 - 교차로안,승용,여,44세,상해없음,이륜,남,35세,중상
2020111700100012,2020년 11월 17일 00시,화요일,대전광역시 서구 갈마동,경상사고,0,0,1,0,차대사람 - 기타,안전운전불이행,건조,맑음,교차로 - 교차로부근,이륜,남,27세,상해없음,보행자,남,27세,경상
2020111700100049,2020년 11월 17일 05시,화요일,대전광역시 중구 태평동,중상사고,0,1,0,0,차대사람 - 횡단중,신호위반,건조,맑음,교차로 - 교차로횡단보도내,승용,남,31세,상해없음,보행자,여,70세,중상
2020111700100062,2020년 11월 17일 06시,화요일,대전광역시 대덕구 중리동,경상사고,0,0,1,0,차대차 - 기타,교차로운행방법위반,건조,맑음,교차로 - 교차로안,승용,남,44세,상해없음,자전거,남,79세,경상
2020111700100120,2020년 11월 17일 08시,화요일,대전광역시 중구 목동,중상사고,0,1,1,0,차대사람 - 횡단중,보행자보호의무위반,건조,맑음,교차로 - 교차로부근,승합,남,44세,상해없음,보행자,남,11세,중상
2020111700100121,2020년 11월 17일 08시,화요일,대전광역시 대덕구 오정동,경상사고,0,0,1,0,차대차 - 기타,교차로운행방법위반,건조,맑음,교차로 - 교차로안,화물,여,32세,상해없음,승용,남,34세,경상
2020111700100122,2020년 11월 17일 08시,화요일,대전광역시 유성구 봉명동,경상사고,0,0,3,0,차대차 - 기타,안전운전불이행,건조,맑음,교차로 - 교차로안,승용,남,48세,상해없음,승용,남,31세,경상
2020111700100154,2020년 11월 17일 09시,화요일,대전광역시 서구 탄방동,중상사고,0,1,0,0,차대차 - 측면충돌,신호위반,건조,맑음,교차로 - 교차로안,화물,남,42세,상해없음,자전거,여,65세,중상
2020111700100177,2020년 11월 17일 10시,화요일,대전광역시 유성구 노은동,경상사고,0,0,2,0,차대차 - 기타,안전운전불이행,건조,맑음,단일로 - 기타,승용,여,46세,상해없음,승용,남,60세,경상
2020111700100225,2020년 11월 17일 11시,화요일,대전광역시 서구 도마동,중상사고,0,1,0,0,차대사람 - 횡단중,안전운전불이행,건조,맑음,교차로 - 교차로안,승용,여,34세,상해없음,보행자,여,82세,중상
2020111700100309,2020년 11월 17일 14시,화요일,대전광역시 유성구 장대동,경상사고,0,0,1,0,차대차 - 측면충돌,교차로운행방법위반,건조,맑음,교차로 - 교차로안,화물,남,58세,상해없음,승용,남,41세,경상
2020111700100377,2020년 11월 17일 16시,화요일,대전광역시 동구 홍도동,중상사고,0,1,0,0,차대차 - 측면충돌,교차로운행방법위반,젖음/습기,비,교차로 - 교차로안,승용,여,47세,상해없음,이륜,남,24세,중상
2020111700100435,2020년 11월 17일 17시,화요일,대전광역시 동구 인동,경상사고,0,0,2,0,차대차 - 측면충돌,안전거리미확보,건조,맑음,단일로 - 기타,승용,남,66세,상해없음,승용,남,37세,경상
2020111700100436,2020년 11월 17일 17시,화요일,대전광역시 서구 도마동,경상사고,0,0,1,0,차대차 - 기타,안전운전불이행,건조,맑음,기타 - 기타,승용,남,47세,상해없음,자전거,남,63세,경상
2020111700100437,2020년 11월 17일 17시,화요일,대전광역시 서구 둔산동,경상사고,0,0,3,0,차대차 - 추돌,안전운전불이행,건조,맑음,단일로 - 기타,승용,여,40세,상해없음,승용,여,51세,경상
2020111700100514,2020년 11월 17일 18시,화요일,대전광역시 동구 자양동,경상사고,0,0,1,0,차대차 - 측면충돌,안전운전불이행,건조,맑음,교차로 - 교차로안,승용,남,28세,상해없음,승용,여,58세,경상
2020111700100515,2020년 11월 17일 18시,화요일,대전광역시 유성구 상대동,중상사고,0,1,0,0,차대사람 - 횡단중,안전운전불이행,건조,맑음,단일로 - 기타,이륜,남,38세,상해없음,보행자,여,66세,중상
2020111700100564,2020년 11월 17일 19시,화요일,대전광역시 중구 부사동,중상사고,0,1,0,1,차대차 - 기타,안전거리미확보,건조,맑음,단일로 - 기타,승용,남,38세,부상신고,승용,여,55세,중상
2020111700100565,2020년 11월 17일 19시,화요일,대전광역시 중구 산성동,중상사고,0,1,0,0,차대차 - 기타,안전거리미확보,젖음/습기,비,단일로 - 기타,승용,남,70세,상해없음,이륜,남,42세,중상
2020111700100567,2020년 11월 17일 19시,화요일,대전광역시 중구 선화동,중상사고,0,1,1,0,차대차 - 측면충돌,안전운전불이행,건조,맑음,단일로 - 기타,이륜,남,26세,상해없음,이륜,남,58세,중상
2020111700100568,2020년 11월 17일 19시,화요일,대전광역시 동구 자양동,중상사고,0,1,0,0,차대사람 - 기타,안전운전불이행,서리/결빙,맑음,기타 - 기타,승용,여,40세,상해없음,보행자,남,69세,중상
2020111700100569,2020년 11월 17일 19시,화요일,대전광역시 서구 갈마동,경상사고,0,0,1,0,차대차 - 측면충돌,중앙선침범,젖음/습기,흐림,교차로 - 교차로부근,기타불명,남,76세,경상,승용,남,58세,상해없음
2020111700100605,2020년 11월 17일 20시,화요일,대전광역시 유성구 궁동,경상사고,0,0,1,0,차대차 - 기타,안전운전불이행,건조,맑음,단일로 - 기타,승용,여,46세,상해없음,화물,여,23세,경상
2020111800100032,2020년 11월 18일 02시,수요일,대전광역시 대덕구 중리동,중상사고,0,1,0,0,차대사람 - 횡단중,안전운전불이행,젖음/습기,비,교차로 - 교차로안,승용,여,43세,상해없음,보행자,남,48세,중상
2020111800100037,2020년 11월 18일 03시,수요일,대전광역시 유성구 덕진동,경상사고,0,0,1,0,차대차 - 측면충돌,신호위반,건조,맑음,교차로 - 교차로안,승용,남,60세,상해없음,승용,남,43세,경상
2020111800100101,2020년 11월 18일 07시,수요일,대전광역시 중구 선화동,경상사고,0,0,2,0,차대차 - 기타,교차로운행방법위반,건조,맑음,교차로 - 교차로안,승용,남,48세,상해없음,승용,여,45세,경상
2020111800100148,2020년 11월 18일 08시,수요일,대전광역시 서구 관저동,중상사고,0,1,0,0,차대사람 - 기타,중앙선침범,건조,맑음,교차로 - 교차로부근,개인형이동수단(PM),남,14세,상해없음,보행자,남,85세,중상
2020111800100180,2020년 11월 18일 09시,수요일,대전광역시 서구 가장동,경상사고,0,0,1,0,차대차 - 정면충돌,중앙선침범,건조,맑음,단일로 - 기타,자전거,남,69세,경상,승용,남,27세,상해없음
2020111800100181,2020년 11월 18일 09시,수요일,대전광역시 서구 둔산동,경상사고,0,0,1,0,차대차 - 후진중충돌,안전운전불이행,건조,맑음,기타 - 기타,승용,남,58세,상해없음,승용,남,54세,경상
2020111800100182,2020년 11월 18일 09시,수요일,대전광역시 유성구 반석동,경상사고,0,0,1,0,차대차 - 기타,안전운전불이행,건조,맑음,교차로 - 교차로횡단보도내,화물,남,33세,상해없음,승합,남,65세,경상
2020111800100282,2020년 11월 18일 12시,수요일,대전광역시 서구 둔산동,경상사고,0,0,1,0,차대차 - 기타,직진우회전진행방해,건조,맑음,교차로 - 교차로안,승용,남,48세,상해없음,승용,남,60세,경상
2020111800100315,2020년 11월 18일 13시,수요일,대전광역시 대덕구 오정동,경상사고,0,0,1,0,차대차 - 기타,안전운전불이행,건조,맑음,단일로 - 기타,화물,여,59세,상해없음,승용,여,68세,경상
2020111800100375,2020년 11월 18일 15시,수요일,대전광역시 유성구 지족동,경상사고,0,0,2,0,차대차 - 추돌,안전운전불이행,건조,맑음,교차로 - 교차로부근,승합,남,42세,상해없음,승용,여,50세,경상
2020111800100419,2020년 11월 18일 16시,수요일,대전광역시 중구 문화동,경상사고,0,0,1,0,차대차 - 추돌,안전운전불이행,젖음/습기,비,단일로 - 기타,승용,남,61세,상해없음,승용,남,28세,경상
2020111800100420,2020년 11월 18일 16시,수요일,대전광역시 유성구 궁동,경상사고,0,0,1,0,차대차 - 측면충돌,신호위반,젖음/습기,비,단일로 - 기타,승용,남,62세,상해없음,화물,남,57세,경상
2020111800100421,2020년 11월 18일 16시,수요일,대전광역시 유성구 구암동,경상사고,0,0,3,0,차대차 - 추돌,안전거리미확보,젖음/습기,비,단일로 - 기타,승용,여,54세,기타불명,승용,여,41세,경상
2020111800100469,2020년 11월 18일 17시,수요일,대전광역시 서구 내동,경상사고,0,0,2,0,차대차 - 추돌,안전운전불이행,젖음/습기,비,교차로 - 교차로부근,승용,여,45세,상해없음,승용,여,67세,경상
2020111800100470,2020년 11월 18일 17시,수요일,대전광역시 유성구 장대동,경상사고,0,0,1,0,차량단독 - 기타,기타,젖음/습기,맑음,단일로 - 기타,승합,남,58세,상해없음,,,,
2020111800100539,2020년 11월 18일 18시,수요일,대전광역시 대덕구 비래동,경상사고,0,0,1,0,차대차 - 기타,안전운전불이행,젖음/습기,비,교차로 - 교차로부근,기타불명,기타불명,미분류,기타불명,승용,여,43세,경상
2020111800100540,2020년 11월 18일 18시,수요일,대전광역시 유성구 화암동,경상사고,0,0,2,0,차대차 - 기타,안전거리미확보,건조,맑음,단일로 - 기타,승용,여,39세,경상,승용,남,27세,경상
2020111800100541,2020년 11월 18일 18시,수요일,대전광역시 유성구 봉명동,경상사고,0,0,1,0,차대차 - 기타,교차로운행방법위반,젖음/습기,비,교차로 - 교차로안,승용,남,49세,상해없음,이륜,남,24세,경상
2020111800100542,2020년 11월 18일 18시,수요일,대전광역시 유성구 죽동,경상사고,0,0,1,0,차대차 - 기타,안전운전불이행,건조,맑음,단일로 - 기타,승용,남,39세,상해없음,승용,남,34세,경상
2020111800100601,2020년 11월 18일 19시,수요일,대전광역시 유성구 봉명동,경상사고,0,0,1,0,차대차 - 기타,안전운전불이행,젖음/습기,비,교차로 - 교차로부근,승용,남,37세,상해없음,이륜,남,37세,경상
2020111800100657,2020년 11월 18일 21시,수요일,대전광역시 유성구 봉명동,경상사고,0,0,3,0,차대차 - 측면충돌,안전거리미확보,건조,맑음,단일로 - 기타,승용,남,62세,상해없음,승합,남,47세,경상
2020111800100658,2020년 11월 18일 21시,수요일,대전광역시 유성구 덕진동,중상사고,0,1,0,0,차대차 - 기타,중앙선침범,젖음/습기,비,교차로 - 교차로부근,승용,남,35세,상해없음,승용,남,50세,중상
2020111800100680,2020년 11월 18일 22시,수요일,대전광역시 유성구 노은동,경상사고,0,0,1,0,차대차 - 기타,신호위반,젖음/습기,비,교차로 - 교차로안,이륜,남,17세,상해없음,특수,남,26세,경상
2020111800100702,2020년 11월 18일 23시,수요일,대전광역시 동구 용전동,경상사고,0,0,1,0,차대사람 - 기타,기타,젖음/습기,비,교차로 - 교차로안,승용,남,54세,상해없음,보행자,남,44세,경상
2020111800100703,2020년 11월 18일 23시,수요일,대전광역시 유성구 안산동,경상사고,0,0,1,1,차대차 - 기타,안전운전불이행,젖음/습기,흐림,교차로 - 교차로부근,승용,여,33세,상해없음,승용,남,51세,부상신고
2020111900100029,2020년 11월 19일 01시,목요일,대전광역시 서구 관저동,경상사고,0,0,1,0,차대사람 - 기타,안전운전불이행,건조,맑음,단일로 - 기타,이륜,남,41세,상해없음,보행자,남,22세,경상
2020111900100094,2020년 11월 19일 06시,목요일,대전광역시 동구 원동,사망사고,1,0,0,0,차대차 - 측면충돌,중앙선침범,젖음/습기,흐림,단일로 - 기타,자전거,남,81세,사망,승용,남,66세,상해없음
2020111900100133,2020년 11월 19일 07시,목요일,대전광역시 유성구 문지동,경상사고,0,0,1,0,차대차 - 기타,안전운전불이행,젖음/습기,비,단일로 - 기타,화물,남,49세,상해없음,승합,남,43세,경상
2020111900100193,2020년 11월 19일 08시,목요일,대전광역시 유성구 신성동,중상사고,0,1,1,0,차대차 - 기타,차로위반,건조,흐림,기타 - 기타,원동기,남,84세,중상,승용,남,24세,경상
2020111900100236,2020년 11월 19일 09시,목요일,대전광역시 유성구 구암동,경상사고,0,0,1,0,차대차 - 기타,신호위반,젖음/습기,비,교차로 - 교차로안,승용,남,67세,상해없음,승용,남,29세,경상
2020111900100300,2020년 11월 19일 11시,목요일,대전광역시 동구 가양동,경상사고,0,0,2,0,차대차 - 측면충돌,차로위반,젖음/습기,비,교차로 - 교차로부근,승용,남,58세,경상,승용,남,66세,상해없음
2020111900100429,2020년 11월 19일 15시,목요일,대전광역시 유성구 구암동,경상사고,0,0,1,0,차대차 - 기타,안전운전불이행,젖음/습기,흐림,교차로 - 교차로안,이륜,남,29세,경상,화물,남,63세,상해없음
2020111900100464,2020년 11월 19일 16시,목요일,대전광역시 유성구 덕명동,중상사고,0,1,0,0,차대사람 - 기타,안전운전불이행,건조,맑음,단일로 - 기타,화물,남,46세,상해없음,보행자,여,61세,중상
2020111900100509,2020년 11월 19일 17시,목요일,대전광역시 동구 자양동,경상사고,0,0,1,0,차대차 - 측면충돌,안전운전불이행,건조,맑음,단일로 - 기타,승용,여,50세,상해없음,화물,남,67세,경상
2020111900100565,2020년 11월 19일 18시,목요일,대전광역시 동구 구도동,사망사고,1,0,0,0,차량단독 - 공작물충돌,안전운전불이행,건조,맑음,단일로 - 기타,승용,남,78세,사망,,,,
2020111900100566,2020년 11월 19일 18시,목요일,대전광역시 서구 둔산동,경상사고,0,0,1,0,차대차 - 기타,신호위반,건조,맑음,교차로 - 교차로안,승용,남,67세,상해없음,승용,남,31세,경상
2020111900100606,2020년 11월 19일 19시,목요일,대전광역시 중구 중촌동,중상사고,0,1,0,0,차대사람 - 횡단중,보행자보호의무위반,건조,맑음,교차로 - 교차로횡단보도내,승용,남,20세,상해없음,보행자,남,25세,중상
2020111900100607,2020년 11월 19일 19시,목요일,대전광역시 유성구 봉명동,경상사고,0,0,1,0,차대사람 - 횡단중,보행자보호의무위반,건조,맑음,교차로 - 교차로횡단보도내,승용,여,48세,기타불명,보행자,남,32세,경상
2020111900100679,2020년 11월 19일 22시,목요일,대전광역시 중구 태평동,경상사고,0,0,2,0,차대차 - 측면충돌,안전운전불이행,건조,맑음,교차로 - 교차로안,승용,남,58세,상해없음,승용,남,60세,경상
2020111900100697,2020년 11월 19일 23시,목요일,대전광역시 유성구 구암동,경상사고,0,0,1,0,차대차 - 추돌,안전운전불이행,건조,흐림,교차로 - 교차로부근,승용,남,50세,상해없음,승용,여,58세,경상
2020112000100017,2020년 11월 20일 00시,금요일,대전광역시 서구 괴정동,경상사고,0,0,2,0,차대차 - 측면충돌,신호위반,건조,맑음,교차로 - 교차로안,승용,남,27세,상해없음,승용,남,51세,경상
2020112000100050,2020년 11월 20일 04시,금요일,대전광역시 중구 유천동,경상사고,0,0,2,0,차대차 - 추돌,안전운전불이행,건조,맑음,단일로 - 기타,승용,남,32세,상해없음,승용,남,57세,경상
2020112000100051,2020년 11월 20일 04시,금요일,대전광역시 서구 갈마동,경상사고,0,0,1,0,차대사람 - 기타,안전운전불이행,건조,맑음,기타 - 기타,승용,남,23세,상해없음,보행자,여,37세,경상
2020112000100258,2020년 11월 20일 12시,금요일,대전광역시 동구 중동,경상사고,0,0,1,0,차대차 - 측면충돌,교차로운행방법위반,건조,맑음,교차로 - 교차로안,승용,남,58세,상해없음,자전거,여,68세,경상
2020112000100298,2020년 11월 20일 13시,금요일,대전광역시 서구 용문동,경상사고,0,0,1,0,차대차 - 기타,안전운전불이행,건조,맑음,단일로 - 기타,승용,여,28세,상해없음,승용,남,29세,기타불명
2020112000100327,2020년 11월 20일 14시,금요일,대전광역시 동구 용전동,경상사고,0,0,1,0,차대차 - 측면충돌,안전거리미확보,건조,맑음,단일로 - 기타,승용,여,37세,상해없음,화물,여,34세,경상
2020112000100408,2020년 11월 20일 16시,금요일,대전광역시 동구 자양동,경상사고,0,0,2,0,차대차 - 후진중충돌,안전운전불이행,건조,맑음,교차로 - 교차로부근,승용,남,62세,상해없음,승용,남,29세,경상
2020112000100409,2020년 11월 20일 16시,금요일,대전광역시 유성구 장대동,경상사고,0,0,1,0,차대차 - 기타,신호위반,건조,맑음,교차로 - 교차로안,승용,남,72세,상해없음,승용,남,46세,경상
2020112000100448,2020년 11월 20일 17시,금요일,대전광역시 유성구 하기동,중상사고,0,3,2,2,차대차 - 추돌,안전운전불이행,건조,맑음,단일로 - 기타,특수,남,51세,상해없음,화물,남,31세,중상
2020112000100553,2020년 11월 20일 18시,금요일,대전광역시 서구 탄방동,경상사고,0,0,1,0,차량단독 - 기타,안전운전불이행,건조,맑음,단일로 - 기타,승합,남,58세,상해없음,,,,
2020112000100599,2020년 11월 20일 19시,금요일,대전광역시 서구 관저동,경상사고,0,0,1,0,차대차 - 정면충돌,안전운전불이행,건조,맑음,교차로 - 교차로안,이륜,남,46세,경상,승용,남,44세,상해없음
2020112000100600,2020년 11월 20일 19시,금요일,대전광역시 대덕구 중리동,경상사고,0,0,1,0,차대차 - 추돌,안전운전불이행,건조,맑음,교차로 - 교차로부근,승용,여,51세,상해없음,승용,남,63세,경상
2020112000100601,2020년 11월 20일 19시,금요일,대전광역시 서구 둔산동,경상사고,0,0,1,0,차대차 - 측면충돌,안전운전불이행,건조,맑음,단일로 - 기타,승용,남,27세,상해없음,승용,여,38세,경상
2020112000100674,2020년 11월 20일 21시,금요일,대전광역시 대덕구 오정동,경상사고,0,0,1,0,차대차 - 기타,신호위반,건조,흐림,교차로 - 교차로안,승용,여,50세,상해없음,승용,남,22세,경상
2020112000100725,2020년 11월 20일 23시,금요일,대전광역시 서구 가수원동,중상사고,0,1,0,0,차대차 - 측면충돌,안전운전불이행,건조,맑음,단일로 - 교량,승용,여,36세,기타불명,승용,남,27세,중상
2020112100100054,2020년 11월 21일 03시,토요일,대전광역시 동구 성남동,중상사고,0,1,1,0,차대차 - 기타,안전거리미확보,건조,맑음,단일로 - 기타,승용,남,61세,상해없음,승용,남,61세,중상
2020112100100071,2020년 11월 21일 05시,토요일,대전광역시 유성구 노은동,경상사고,0,0,1,0,차대차 - 기타,안전운전불이행,건조,맑음,단일로 - 기타,승용,남,22세,상해없음,승용,남,31세,경상
2020112100100104,2020년 11월 21일 07시,토요일,대전광역시 유성구 둔곡동,경상사고,0,0,1,0,차대차 - 측면충돌,안전운전불이행,건조,맑음,단일로 - 기타,승용,남,53세,상해없음,화물,남,35세,경상
2020112100100165,2020년 11월 21일 10시,토요일,대전광역시 서구 가수원동,경상사고,0,0,2,0,차대차 - 측면충돌,안전거리미확보,건조,맑음,단일로 - 교량,건설기계,남,49세,상해없음,승용,여,32세,경상
2020112100100203,2020년 11월 21일 11시,토요일,대전광역시 유성구 지족동,경상사고,0,0,1,0,차대사람 - 기타,안전운전불이행,건조,맑음,교차로 - 교차로횡단보도내,이륜,남,70세,상해없음,보행자,남,43세,경상
2020112100100246,2020년 11월 21일 12시,토요일,대전광역시 동구 용전동,중상사고,0,3,0,0,차대차 - 측면충돌,기타,건조,맑음,교차로 - 교차로안,승용,남,60세,상해없음,승용,남,67세,상해없음
2020112100100247,2020년 11월 21일 12시,토요일,대전광역시 유성구 노은동,사망사고,1,0,0,0,차량단독 - 공작물충돌,안전운전불이행,건조,맑음,단일로 - 기타,이륜,남,47세,사망,,,,
2020112100100288,2020년 11월 21일 13시,토요일,대전광역시 동구 용운동,경상사고,0,0,1,0,차대차 - 추돌,안전운전불이행,건조,맑음,단일로 - 기타,승용,남,61세,상해없음,승용,남,37세,경상
2020112100100289,2020년 11월 21일 13시,토요일,대전광역시 서구 용문동,경상사고,0,0,1,0,차대차 - 기타,중앙선침범,건조,맑음,단일로 - 기타,자전거,여,75세,기타불명,승용,남,61세,경상