사고번호,사고일시,요일,시군구,사고내용,사망자수,중상자수,경상자수,부상신고자수,사고유형,법규위반,노면상태,기상상태,도로형태,가해운전자 차종,가해운전자 성별,가해운전자 연령,가해운전자 상해정도,피해운전자 차종,피해운전자 성별,피해운전자 연령,피해운전자 상해정도
2020120900100110,2020년 12월 9일 08시,수요일,대전광역시 서구 월평동,경상사고,0,0,1,0,차대사람 - 길가장자리구역통행중,안전운전불이행,건조,맑음,교차로 - 교차로안,승용,여,38세,상해없음,보행자,여,78세,경상
2020120900100111,2020년 12월 9일 08시,수요일,대전광역시 유성구 구성동,경상사고,0,0,1,0,차대차 - 추돌,안전운전불이행,건조,맑음,교차로 - 교차로안,승용,여,49세,상해없음,승용,여,37세,경상
2020120900100178,2020년 12월 9일 10시,수요일,대전광역시 중구 문창동,경상사고,0,0,1,0,차대차 - 기타,불법유턴,건조,맑음,교차로 - 교차로안,화물,남,62세,상해없음,승합,남,37세,상해없음
2020120900100233,2020년 12월 9일 12시,수요일,대전광역시 중구 목동,경상사고,0,0,2,0,차대차 - 기타,교차로운행방법위반,건조,맑음,교차로 - 교차로안,승용,남,67세,상해없음,화물,남,57세,경상
2020120900100285,2020년 12월 9일 14시,수요일,대전광역시 유성구 원내동,경상사고,0,0,1,0,차대차 - 기타,안전운전불이행,건조,맑음,교차로 - 교차로안,승용,남,77세,상해없음,화물,남,40세,상해없음
2020120900100316,2020년 12월 9일 15시,수요일,대전광역시 대덕구 덕암동,중상사고,0,1,0,0,차대사람 - 횡단중,보행자보호의무위반,건조,맑음,단일로 - 기타,승용,남,36세,상해없음,보행자,여,14세,중상
2020120900100317,2020년 12월 9일 15시,수요일,대전광역시 서구 탄방동,경상사고,0,0,2,0,차대차 - 측면충돌,안전운전불이행,건조,맑음,교차로 - 교차로안,승용,여,30세,경상,승용,여,31세,경상
2020120900100456,2020년 12월 9일 18시,수요일,대전광역시 서구 도마동,경상사고,0,0,1,0,차대차 - 추돌,안전운전불이행,건조,맑음,교차로 - 교차로안,승합,남,56세,상해없음,승용,여,64세,상해없음
2020120900100457,2020년 12월 9일 18시,수요일,대전광역시 유성구 복용동,경상사고,0,0,1,0,차대차 - 기타,신호위반,건조,맑음,교차로 - 교차로안,승용,여,53세,상해없음,승용,남,26세,경상
2020120900100459,2020년 12월 9일 18시,수요일,대전광역시 유성구 구성동,중상사고,0,1,0,0,차대차 - 측면충돌,안전운전불이행,건조,맑음,교차로 - 교차로안,승용,남,71세,상해없음,승용,남,28세,중상
2020120900100541,2020년 12월 9일 20시,수요일,대전광역시 유성구 구성동,경상사고,0,0,1,1,차대차 - 측면충돌,안전운전불이행,건조,맑음,교차로 - 교차로부근,승용,여,34세,상해없음,승합,남,53세,경상
2020120900100571,2020년 12월 9일 21시,수요일,대전광역시 서구 탄방동,경상사고,0,0,1,0,차대사람 - 횡단중,보행자보호의무위반,건조,맑음,단일로 - 기타,이륜,남,43세,상해없음,보행자,남,26세,경상
2020120900100591,2020년 12월 9일 22시,수요일,대전광역시 유성구 봉명동,경상사고,0,0,1,0,차대차 - 측면충돌,안전운전불이행,건조,맑음,교차로 - 교차로안,승용,남,72세,상해없음,승용,남,33세,경상
2020121000100014,2020년 12월 10일 03시,목요일,대전광역시 대덕구 오정동,경상사고,0,0,1,0,차대사람 - 횡단중,안전운전불이행,건조,맑음,기타 - 기타,승용,남,44세,기타불명,보행자,남,8세,경상
2020121000100082,2020년 12월 10일 08시,목요일,대전광역시 서구 도마동,경상사고,0,0,1,0,차대차 - 측면충돌,신호위반,건조,맑음,교차로 - 교차로안,승용,여,38세,상해없음,승용,남,49세,경상
2020121000100083,2020년 12월 10일 08시,목요일,대전광역시 유성구 방동,경상사고,0,0,1,0,차대차 - 기타,안전운전불이행,건조,맑음,단일로 - 교량,승용,남,61세,상해없음,화물,남,40세,경상
2020121000100124,2020년 12월 10일 10시,목요일,대전광역시 중구 선화동,경상사고,0,0,2,1,차대차 - 기타,교차로운행방법위반,건조,맑음,교차로 - 교차로안,이륜,남,27세,부상신고,승용,남,63세,경상
2020121000100154,2020년 12월 10일 11시,목요일,대전광역시 서구 내동,경상사고,0,0,1,0,차대차 - 기타,안전운전불이행,건조,맑음,교차로 - 교차로부근,승용,남,36세,상해없음,승용,남,49세,경상
2020121000100210,2020년 12월 10일 13시,목요일,대전광역시 중구 문창동,경상사고,0,0,1,0,차대사람 - 횡단중,보행자보호의무위반,건조,맑음,단일로 - 기타,화물,남,30세,상해없음,보행자,남,64세,경상
2020121000100211,2020년 12월 10일 13시,목요일,대전광역시 서구 변동,경상사고,0,0,1,0,차대사람 - 보도통행중,안전운전불이행,건조,맑음,기타 - 기타,자전거,남,11세,상해없음,보행자,남,61세,경상
2020121000100212,2020년 12월 10일 13시,목요일,대전광역시 유성구 봉명동,경상사고,0,0,4,0,차대차 - 측면충돌,안전운전불이행,건조,맑음,교차로 - 교차로안,승용,여,46세,상해없음,승용,남,20세,경상
2020121000100258,2020년 12월 10일 15시,목요일,대전광역시 서구 정림동,중상사고,0,1,0,0,차대사람 - 기타,안전운전불이행,건조,맑음,교차로 - 교차로부근,화물,남,55세,상해없음,보행자,여,84세,중상
2020121000100259,2020년 12월 10일 15시,목요일,대전광역시 유성구 구암동,경상사고,0,0,1,0,차대차 - 기타,안전운전불이행,건조,맑음,단일로 - 기타,화물,남,52세,상해없음,승용,여,49세,경상
2020121000100392,2020년 12월 10일 18시,목요일,대전광역시 중구 대흥동,경상사고,0,0,1,0,차대사람 - 기타,안전운전불이행,건조,맑음,기타 - 기타,자전거,여,48세,상해없음,보행자,여,4세,경상
2020121000100393,2020년 12월 10일 18시,목요일,대전광역시 중구 유천동,경상사고,0,0,1,0,차대차 - 추돌,안전거리미확보,건조,맑음,단일로 - 기타,승용,여,71세,상해없음,승용,남,62세,경상
2020121000100394,2020년 12월 10일 18시,목요일,대전광역시 중구 대흥동,경상사고,0,0,2,0,차대차 - 추돌,안전거리미확보,건조,맑음,교차로 - 교차로안,승합,남,50세,상해없음,승용,남,47세,경상
2020121000100437,2020년 12월 10일 19시,목요일,대전광역시 서구 도마동,경상사고,0,0,1,0,차대차 - 기타,기타,건조,맑음,단일로 - 기타,승합,남,57세,상해없음,이륜,남,30세,상해없음
2020121000100438,2020년 12월 10일 19시,목요일,대전광역시 대덕구 문평동,경상사고,0,0,1,0,차대차 - 측면충돌,교차로운행방법위반,건조,맑음,교차로 - 교차로안,승용,여,41세,상해없음,승합,남,67세,경상
2020121000100439,2020년 12월 10일 19시,목요일,대전광역시 서구 갈마동,부상신고사고,0,0,0,1,차대차 - 추돌,안전운전불이행,건조,맑음,교차로 - 교차로부근,이륜,남,40세,부상신고,화물,남,46세,상해없음
2020121000100440,2020년 12월 10일 19시,목요일,대전광역시 유성구 원내동,경상사고,0,0,1,0,차대차 - 후진중충돌,안전운전불이행,건조,맑음,교차로 - 교차로안,승용,여,65세,상해없음,승용,여,52세,경상
2020121000100476,2020년 12월 10일 20시,목요일,대전광역시 동구 삼정동,중상사고,0,1,0,0,차대차 - 측면충돌,신호위반,건조,맑음,교차로 - 교차로안,승용,남,22세,상해없음,승용,여,55세,중상
2020121000100507,2020년 12월 10일 21시,목요일,대전광역시 서구 둔산동,경상사고,0,0,1,0,차대사람 - 차도통행중,안전운전불이행,건조,맑음,단일로 - 기타,승용,남,36세,상해없음,보행자,남,18세,경상
2020121000100530,2020년 12월 10일 22시,목요일,대전광역시 대덕구 송촌동,경상사고,0,0,3,0,차대차 - 기타,신호위반,건조,맑음,교차로 - 교차로안,승용,남,24세,기타불명,승용,남,43세,경상
2020121000100545,2020년 12월 10일 23시,목요일,대전광역시 서구 둔산동,경상사고,0,0,2,0,차대차 - 측면충돌,과속,건조,맑음,교차로 - 교차로부근,승용,남,30세,경상,승용,남,67세,경상
2020121000100546,2020년 12월 10일 23시,목요일,대전광역시 서구 월평동,경상사고,0,0,2,0,차대차 - 추돌,안전운전불이행,건조,맑음,교차로 - 교차로안,승용,남,47세,상해없음,승용,여,49세,경상
2020121000100547,2020년 12월 10일 23시,목요일,대전광역시 유성구 장대동,경상사고,0,0,1,0,차대차 - 기타,안전운전불이행,건조,맑음,단일로 - 기타,승용,남,46세,기타불명,이륜,남,36세,경상
2020121100100012,2020년 12월 11일 00시,금요일,대전광역시 중구 산성동,경상사고,0,0,2,0,차대차 - 기타,안전운전불이행,건조,맑음,단일로 - 기타,승용,남,83세,경상,승용,남,38세,경상
2020121100100020,2020년 12월 11일 02시,금요일,대전광역시 중구 석교동,경상사고,0,0,1,0,차대차 - 추돌,안전운전불이행,건조,맑음,단일로 - 기타,승용,남,51세,상해없음,화물,남,45세,경상
2020121100100021,2020년 12월 11일 02시,금요일,대전광역시 서구 내동,경상사고,0,0,2,0,차대차 - 측면충돌,신호위반,건조,맑음,교차로 - 교차로안,이륜,여,14세,상해없음,승용,남,55세,경상
2020121100100033,2020년 12월 11일 05시,금요일,대전광역시 중구 오류동,경상사고,0,0,1,0,차대차 - 기타,안전거리미확보,건조,맑음,단일로 - 기타,승용,남,18세,상해없음,승용,남,75세,경상
2020121100100090,2020년 12월 11일 08시,금요일,대전광역시 중구 대흥동,경상사고,0,0,4,0,차대차 - 기타,안전거리미확보,건조,맑음,단일로 - 기타,승용,남,71세,상해없음,승합,남,41세,경상
2020121100100091,2020년 12월 11일 08시,금요일,대전광역시 서구 둔산동,경상사고,0,0,1,0,차대차 - 측면충돌,중앙선침범,건조,맑음,단일로 - 기타,건설기계,남,64세,상해없음,이륜,남,44세,경상
2020121100100123,2020년 12월 11일 10시,금요일,대전광역시 서구 흑석동,경상사고,0,0,1,0,차대차 - 기타,신호위반,건조,흐림,교차로 - 교차로안,승용,남,65세,상해없음,승용,여,63세,경상
2020121100100124,2020년 12월 11일 10시,금요일,대전광역시 대덕구 비래동,경상사고,0,0,1,0,차대차 - 기타,교차로운행방법위반,건조,맑음,교차로 - 교차로안,승용,여,34세,상해없음,승용,남,36세,경상
2020121100100125,2020년 12월 11일 10시,금요일,대전광역시 서구 월평동,경상사고,0,0,1,0,차대차 - 추돌,안전운전불이행,건조,맑음,교차로 - 교차로안,승용,여,37세,상해없음,승용,남,28세,경상
2020121100100152,2020년 12월 11일 11시,금요일,대전광역시 중구 중촌동,경상사고,0,0,1,0,차대사람 - 횡단중,안전운전불이행,건조,맑음,교차로 - 교차로부근,승용,남,64세,상해없음,보행자,여,49세,경상
2020121100100153,2020년 12월 11일 11시,금요일,대전광역시 동구 정동,중상사고,0,1,0,0,차대사람 - 횡단중,보행자보호의무위반,건조,맑음,교차로 - 교차로횡단보도내,화물,남,58세,상해없음,보행자,여,74세,중상
2020121100100187,2020년 12월 11일 12시,금요일,대전광역시 유성구 용계동,경상사고,0,0,1,0,차대차 - 기타,신호위반,건조,맑음,교차로 - 교차로안,화물,남,51세,상해없음,승용,남,27세,경상
2020121100100215,2020년 12월 11일 13시,금요일,대전광역시 서구 둔산동,경상사고,0,0,1,0,차대차 - 측면충돌,교차로운행방법위반,건조,맑음,교차로 - 교차로안,승용,여,47세,상해없음,승용,남,45세,경상
2020121100100257,2020년 12월 11일 14시,금요일,대전광역시 서구 용문동,경상사고,0,0,1,0,차대차 - 기타,직진우회전진행방해,건조,맑음,교차로 - 교차로안,화물,남,60세,상해없음,승용,여,38세,경상
2020121100100258,2020년 12월 11일 14시,금요일,대전광역시 유성구 구암동,경상사고,0,0,1,0,차대차 - 후진중충돌,안전운전불이행,건조,맑음,교차로 - 교차로부근,승용,남,67세,상해없음,승용,남,32세,경상
2020121100100298,2020년 12월 11일 15시,금요일,대전광역시 서구 둔산동,경상사고,0,0,1,0,차대사람 - 횡단중,보행자보호의무위반,건조,맑음,교차로 - 교차로안,승용,남,67세,상해없음,보행자,남,39세,경상
2020121100100299,2020년 12월 11일 15시,금요일,대전광역시 유성구 구암동,경상사고,0,0,2,0,차대차 - 기타,안전운전불이행,건조,맑음,교차로 - 교차로안,승용,남,33세,상해없음,승용,남,26세,경상
2020121100100326,2020년 12월 11일 16시,금요일,대전광역시 서구 월평동,경상사고,0,0,1,0,차량단독 - 기타,기타,건조,맑음,교차로 - 교차로부근,승용,남,61세,상해없음,,,,
2020121100100327,2020년 12월 11일 16시,금요일,대전광역시 서구 탄방동,경상사고,0,0,2,0,차대차 - 기타,안전운전불이행,건조,맑음,단일로 - 기타,승용,남,49세,상해없음,승용,남,61세,경상
2020121100100372,2020년 12월 11일 17시,금요일,대전광역시 중구 유천동,중상사고,0,1,0,0,차량단독 - 기타,기타,건조,맑음,단일로 - 기타,승합,남,52세,상해없음,,,,
2020121100100373,2020년 12월 11일 17시,금요일,대전광역시 대덕구 목상동,중상사고,0,1,2,0,차대차 - 기타,교차로운행방법위반,건조,맑음,교차로 - 교차로안,화물,남,65세,상해없음,승용,여,53세,중상
2020121100100443,2020년 12월 11일 18시,금요일,대전광역시 동구 가오동,경상사고,0,0,1,0,차대차 - 측면충돌,안전운전불이행,건조,맑음,교차로 - 교차로안,승용,여,38세,상해없음,이륜,남,19세,경상
2020121100100444,2020년 12월 11일 18시,금요일,대전광역시 동구 자양동,경상사고,0,0,3,0,차대차 - 측면충돌,안전운전불이행,건조,맑음,단일로 - 기타,승용,남,26세,경상,승용,남,31세,경상
2020121100100445,2020년 12월 11일 18시,금요일,대전광역시 대덕구 중리동,경상사고,0,0,1,0,차대차 - 기타,안전거리미확보,건조,맑음,교차로 - 교차로부근,승용,남,68세,상해없음,승용,여,23세,경상
2020121100100530,2020년 12월 11일 20시,금요일,대전광역시 중구 산성동,경상사고,0,0,1,0,차대사람 - 기타,기타,건조,맑음,기타 - 기타,이륜,남,74세,상해없음,보행자,남,56세,경상
2020121100100531,2020년 12월 11일 20시,금요일,대전광역시 서구 가장동,경상사고,0,0,3,0,차대차 - 기타,신호위반,건조,맑음,교차로 - 교차로안,승용,남,69세,상해없음,승용,남,60세,경상
2020121100100532,2020년 12월 11일 20시,금요일,대전광역시 대덕구 중리동,경상사고,0,0,1,0,차대차 - 추돌,안전운전불이행,건조,맑음,교차로 - 교차로부근,이륜,남,17세,상해없음,이륜,남,62세,경상
2020121100100533,2020년 12월 11일 20시,금요일,대전광역시 유성구 구암동,경상사고,0,0,5,0,차대차 - 추돌,안전운전불이행,건조,맑음,단일로 - 기타,승용,여,26세,기타불명,승용,남,34세,경상
2020121100100568,2020년 12월 11일 21시,금요일,대전광역시 서구 관저동,경상사고,0,0,1,0,차대차 - 기타,안전운전불이행,건조,맑음,단일로 - 기타,승용,남,41세,상해없음,승용,남,31세,경상
2020121100100569,2020년 12월 11일 21시,금요일,대전광역시 유성구 송강동,경상사고,0,0,1,0,차대차 - 추돌,안전운전불이행,건조,맑음,단일로 - 기타,화물,남,69세,상해없음,승용,남,40세,경상
2020121100100595,2020년 12월 11일 22시,금요일,대전광역시 중구 선화동,경상사고,0,0,2,0,차대차 - 측면충돌,안전운전불이행,건조,맑음,교차로 - 교차로안,승용,여,22세,상해없음,승용,남,32세,경상
2020121200100027,2020년 12월 12일 03시,토요일,대전광역시 대덕구 오정동,경상사고,0,0,1,1,차량단독 - 공작물충돌,안전운전불이행,건조,맑음,단일로 - 기타,승용,남,31세,부상신고,,,,
2020121200100178,2020년 12월 12일 12시,토요일,대전광역시 동구 천동,경상사고,0,0,1,0,차대차 - 정면충돌,안전운전불이행,건조,맑음,교차로 - 교차로횡단보도내,화물,남,35세,상해없음,자전거,남,9세,경상
2020121200100341,2020년 12월 12일 17시,토요일,대전광역시 대덕구 중리동,경상사고,0,0,1,0,차대차 - 기타,안전운전불이행,건조,맑음,단일로 - 기타,승용,남,43세,상해없음,이륜,남,38세,경상
2020121200100389,2020년 12월 12일 18시,토요일,대전광역시 중구 용두동,경상사고,0,0,1,0,차대차 - 측면충돌,안전운전불이행,건조,맑음,단일로 - 기타,승용,남,38세,상해없음,승용,남,34세,경상
2020121200100390,2020년 12월 12일 18시,토요일,대전광역시 동구 삼정동,중상사고,0,1,0,0,차대차 - 추돌,안전운전불이행,건조,맑음,단일로 - 기타,승용,남,65세,상해없음,승용,여,52세,중상
2020121200100391,2020년 12월 12일 18시,토요일,대전광역시 서구 갈마동,경상사고,0,0,1,0,차대차 - 측면충돌,교차로운행방법위반,건조,맑음,교차로 - 교차로안,승용,남,47세,상해없음,승용,남,60세,경상
2020121200100450,2020년 12월 12일 20시,토요일,대전광역시 서구 둔산동,중상사고,0,1,0,0,차대사람 - 횡단중,안전운전불이행,건조,맑음,교차로 - 교차로횡단보도내,승용,남,56세,상해없음,보행자,남,37세,중상
2020121200100498,2020년 12월 12일 23시,토요일,대전광역시 서구 복수동,경상사고,0,0,3,0,차대차 - 정면충돌,중앙선침범,건조,맑음,교차로 - 교차로안,승용,여,41세,상해없음,화물,남,21세,경상
2020121300100011,2020년 12월 13일 00시,일요일,대전광역시 서구 갈마동,부상신고사고,0,0,0,1,차대사람 - 길가장자리구역통행중,안전운전불이행,건조,맑음,단일로 - 기타,승용,남,29세,상해없음,보행자,남,22세,부상신고
2020121300100012,2020년 12월 13일 00시,일요일,대전광역시 유성구 원신흥동,경상사고,0,0,1,0,차대차 - 측면충돌,신호위반,건조,맑음,교차로 - 교차로안,승용,남,57세,상해없음,승용,남,57세,상해없음
2020121300100026,2020년 12월 13일 02시,일요일,대전광역시 서구 둔산동,경상사고,0,0,2,0,차대차 - 추돌,안전운전불이행,젖음/습기,맑음,교차로 - 교차로안,승용,남,23세,상해없음,승용,남,46세,경상
2020121300100027,2020년 12월 13일 02시,일요일,대전광역시 서구 탄방동,중상사고,0,1,0,0,차대차 - 정면충돌,안전운전불이행,건조,맑음,교차로 - 교차로안,승용,여,21세,상해없음,승용,남,30세,중상
2020121300100183,2020년 12월 13일 14시,일요일,대전광역시 동구 낭월동,경상사고,0,0,1,0,차대차 - 측면충돌,직진우회전진행방해,젖음/습기,비,교차로 - 교차로안,승용,남,60세,상해없음,원동기,남,77세,경상
2020121300100211,2020년 12월 13일 15시,일요일,대전광역시 동구 판암동,경상사고,0,0,5,0,차대차 - 측면충돌,직진우회전진행방해,건조,맑음,교차로 - 교차로안,승용,남,62세,경상,승합,여,50세,경상
2020121300100212,2020년 12월 13일 15시,일요일,대전광역시 서구 탄방동,경상사고,0,0,1,0,차대사람 - 기타,신호위반,젖음/습기,맑음,교차로 - 교차로횡단보도내,이륜,남,32세,상해없음,보행자,남,64세,경상
2020121300100228,2020년 12월 13일 16시,일요일,대전광역시 동구 자양동,경상사고,0,0,2,0,차대차 - 측면충돌,안전거리미확보,건조,맑음,교차로 - 교차로횡단보도내,승용,남,65세,상해없음,승합,남,36세,경상
2020121300100291,2020년 12월 13일 18시,일요일,대전광역시 대덕구 덕암동,중상사고,0,1,0,0,차대차 - 기타,안전운전불이행,건조,맑음,교차로 - 교차로안,승용,여,46세,기타불명,승용,남,66세,상해없음
2020121300100363,2020년 12월 13일 21시,일요일,대전광역시 동구 인동,경상사고,0,0,1,0,차대차 - 측면충돌,안전운전불이행,건조,맑음,교차로 - 교차로안,승용,여,22세,상해없음,승용,여,60세,경상
2020121300100364,2020년 12월 13일 21시,일요일,대전광역시 유성구 관평동,경상사고,0,0,2,0,차대차 - 측면충돌,교차로운행방법위반,건조,맑음,교차로 - 교차로안,승용,남,34세,상해없음,승용,여,57세,경상
2020121300100381,2020년 12월 13일 22시,일요일,대전광역시 서구 가수원동,경상사고,0,0,1,0,차대차 - 측면충돌,교차로운행방법위반,건조,맑음,교차로 - 교차로안,승합,남,50세,기타불명,이륜,남,43세,경상
2020121300100386,2020년 12월 13일 23시,일요일,대전광역시 동구 홍도동,경상사고,0,0,1,0,차대사람 - 횡단중,보행자보호의무위반,건조,맑음,교차로 - 교차로횡단보도내,이륜,남,39세,상해없음,보행자,남,42세,경상
2020121400100013,2020년 12월 14일 02시,월요일,대전광역시 동구 성남동,경상사고,0,0,1,0,차대차 - 측면충돌,신호위반,건조,맑음,교차로 - 교차로안,승용,남,27세,상해없음,승용,남,32세,경상
2020121400100026,2020년 12월 14일 05시,월요일,대전광역시 동구 가양동,중상사고,0,1,0,0,차대차 - 측면충돌,신호위반,건조,맑음,교차로 - 교차로횡단보도내,승용,남,41세,상해없음,자전거,남,72세,중상
2020121400100057,2020년 12월 14일 07시,월요일,대전광역시 중구 문화동,경상사고,0,0,1,0,차대차 - 기타,안전거리미확보,건조,맑음,교차로 - 교차로부근,승용,남,69세,상해없음,승용,여,39세,경상
2020121400100058,2020년 12월 14일 07시,월요일,대전광역시 유성구 관평동,경상사고,0,0,4,0,차대차 - 기타,교차로운행방법위반,건조,맑음,교차로 - 교차로안,승용,여,48세,상해없음,승용,남,70세,경상
2020121400100097,2020년 12월 14일 08시,월요일,대전광역시 대덕구 오정동,경상사고,0,0,1,0,차대차 - 측면충돌,안전거리미확보,건조,맑음,단일로 - 기타,승용,남,71세,상해없음,승용,여,30세,경상
2020121400100123,2020년 12월 14일 09시,월요일,대전광역시 대덕구 오정동,경상사고,0,0,3,0,차대차 - 기타,안전운전불이행,건조,맑음,단일로 - 기타,승합,남,56세,기타불명,승용,남,39세,경상
2020121400100179,2020년 12월 14일 11시,월요일,대전광역시 중구 유천동,경상사고,0,0,1,0,차대차 - 측면충돌,기타,건조,맑음,교차로 - 교차로안,이륜,남,25세,경상,승용,남,45세,상해없음
2020121400100205,2020년 12월 14일 12시,월요일,대전광역시 동구 용전동,경상사고,0,0,1,0,차대차 - 추돌,안전운전불이행,건조,맑음,교차로 - 교차로부근,승용,남,51세,상해없음,화물,남,50세,경상
2020121400100206,2020년 12월 14일 12시,월요일,대전광역시 서구 용문동,중상사고,0,1,0,0,차대차 - 기타,안전거리미확보,건조,맑음,기타 - 기타,승용,남,83세,상해없음,이륜,남,39세,중상
2020121400100207,2020년 12월 14일 12시,월요일,대전광역시 대덕구 신일동,중상사고,0,1,3,0,차대차 - 기타,안전거리미확보,건조,맑음,단일로 - 기타,승용,남,38세,상해없음,승용,남,43세,중상
2020121400100278,2020년 12월 14일 14시,월요일,대전광역시 동구 용전동,경상사고,0,0,1,0,차대사람 - 기타,안전운전불이행,건조,맑음,단일로 - 기타,승용,여,42세,상해없음,보행자,여,73세,경상
2020121400100279,2020년 12월 14일 14시,월요일,대전광역시 유성구 관평동,경상사고,0,0,2,0,차대차 - 추돌,안전운전불이행,건조,맑음,교차로 - 교차로부근,승합,남,31세,상해없음,승용,남,35세,경상
2020121400100342,2020년 12월 14일 16시,월요일,대전광역시 대덕구 읍내동,경상사고,0,0,1,0,차대차 - 기타,안전운전불이행,건조,맑음,단일로 - 기타,화물,남,59세,기타불명,승용,남,36세,경상
2020121400100343,2020년 12월 14일 16시,월요일,대전광역시 유성구 구암동,경상사고,0,0,2,0,차대차 - 측면충돌,안전운전불이행,건조,맑음,단일로 - 기타,승용,여,56세,상해없음,승용,남,54세,경상
2020121400100381,2020년 12월 14일 17시,월요일,대전광역시 동구 용전동,경상사고,0,0,1,0,차대차 - 추돌,안전운전불이행,건조,맑음,단일로 - 기타,승용,남,68세,상해없음,승용,남,27세,경상
2020121400100439,2020년 12월 14일 18시,월요일,대전광역시 서구 괴정동,중상사고,0,1,0,0,차대차 - 기타,안전운전불이행,건조,맑음,교차로 - 교차로안,승용,여,57세,상해없음,이륜,남,26세,중상
2020121400100440,2020년 12월 14일 18시,월요일,대전광역시 서구 갈마동,중상사고,0,1,0,0,차대사람 - 기타,안전운전불이행,건조,맑음,단일로 - 기타,승용,여,29세,상해없음,보행자,여,50세,중상
2020121400100543,2020년 12월 14일 22시,월요일,대전광역시 동구 용전동,경상사고,0,0,1,0,차대차 - 측면충돌,교차로운행방법위반,건조,맑음,교차로 - 교차로안,원동기,남,19세,상해없음,승용,남,52세,경상
2020121400100544,2020년 12월 14일 22시,월요일,대전광역시 서구 괴정동,경상사고,0,0,1,0,차대사람 - 횡단중,신호위반,젖음/습기,맑음,단일로 - 기타,승용,남,40세,상해없음,보행자,여,59세,경상
2020121400100558,2020년 12월 14일 23시,월요일,대전광역시 유성구 죽동,경상사고,0,0,1,0,차대차 - 기타,안전운전불이행,건조,맑음,교차로 - 교차로횡단보도내,이륜,남,38세,경상,승용,남,60세,상해없음
2020121500100009,2020년 12월 15일 01시,화요일,대전광역시 중구 선화동,경상사고,0,0,1,0,차대차 - 기타,안전운전불이행,건조,맑음,교차로 - 교차로안,승용,남,47세,상해없음,승용,남,62세,경상
2020121500100049,2020년 12월 15일 07시,화요일,대전광역시 중구 옥계동,중상사고,0,1,0,0,차대사람 - 기타,보행자보호의무위반,건조,맑음,기타 - 기타,승용,남,63세,상해없음,보행자,여,53세,중상
2020121500100078,2020년 12월 15일 08시,화요일,대전광역시 서구 월평동,중상사고,0,1,0,0,차대차 - 기타,안전운전불이행,건조,맑음,단일로 - 기타,승용,남,30세,상해없음,자전거,남,39세,중상
2020121500100079,2020년 12월 15일 08시,화요일,대전광역시 유성구 반석동,경상사고,0,0,2,0,차대차 - 기타,안전운전불이행,건조,맑음,단일로 - 기타,승용,남,48세,상해없음,승용,남,51세,상해없음
2020121500100101,2020년 12월 15일 09시,화요일,대전광역시 중구 선화동,경상사고,0,0,1,0,차대차 - 측면충돌,안전운전불이행,건조,맑음,교차로 - 교차로부근,승용,여,24세,상해없음,승용,남,38세,경상
2020121500100126,2020년 12월 15일 10시,화요일,대전광역시 동구 용운동,경상사고,0,0,1,0,차대사람 - 기타,안전운전불이행,건조,맑음,교차로 - 교차로안,승용,남,60세,상해없음,보행자,여,20세,경상
2020121500100127,2020년 12월 15일 10시,화요일,대전광역시 동구 삼성동,경상사고,0,0,3,0,차대차 - 측면충돌,안전거리미확보,건조,맑음,단일로 - 기타,승용,남,32세,경상,승용,남,32세,경상
2020121500100160,2020년 12월 15일 11시,화요일,대전광역시 유성구 노은동,경상사고,0,0,1,0,차대차 - 기타,신호위반,건조,맑음,교차로 - 교차로안,승용,남,81세,상해없음,승용,남,70세,경상
2020121500100186,2020년 12월 15일 12시,화요일,대전광역시 동구 삼성동,경상사고,0,0,1,0,차대차 - 기타,교차로운행방법위반,건조,맑음,교차로 - 교차로안,승용,남,79세,상해없음,화물,남,59세,경상
2020121500100222,2020년 12월 15일 13시,화요일,대전광역시 서구 도안동,경상사고,0,0,4,0,차대차 - 기타,안전운전불이행,건조,맑음,교차로 - 교차로안,승용,여,64세,상해없음,승용,남,42세,경상
2020121500100223,2020년 12월 15일 13시,화요일,대전광역시 유성구 구암동,경상사고,0,0,1,0,차대차 - 기타,안전거리미확보,건조,맑음,단일로 - 기타,승용,남,53세,상해없음,승용,여,38세,경상
2020121500100329,2020년 12월 15일 16시,화요일,대전광역시 동구 대동,경상사고,0,0,1,0,차대차 - 측면충돌,신호위반,건조,맑음,단일로 - 기타,승용,남,76세,상해없음,승용,남,56세,경상
2020121500100330,2020년 12월 15일 16시,화요일,대전광역시 서구 정림동,경상사고,0,0,1,0,차대차 - 측면충돌,안전거리미확보,건조,맑음,단일로 - 기타,기타불명,기타불명,미분류,기타불명,승용,여,55세,상해없음
2020121500100332,2020년 12월 15일 16시,화요일,대전광역시 유성구 봉명동,경상사고,0,0,1,0,차대차 - 기타,안전운전불이행,건조,맑음,단일로 - 기타,승용,남,30세,상해없음,승용,남,54세,경상
2020121500100370,2020년 12월 15일 17시,화요일,대전광역시 중구 문화동,경상사고,0,0,1,0,차대차 - 측면충돌,안전거리미확보,건조,맑음,단일로 - 기타,승용,남,75세,상해없음,승용,여,43세,경상