사고번호,사고일시,요일,시군구,사고내용,사망자수,중상자수,경상자수,부상신고자수,사고유형,법규위반,노면상태,기상상태,도로형태,가해운전자 차종,가해운전자 성별,가해운전자 연령,가해운전자 상해정도,피해운전자 차종,피해운전자 성별,피해운전자 연령,피해운전자 상해정도
2020122200100433,2020년 12월 22일 18시,화요일,대전광역시 유성구 장대동,중상사고,0,1,0,0,차대차 - 기타,직진우회전진행방해,건조,맑음,교차로 - 교차로안,승용,남,53세,상해없음,이륜,남,53세,중상
2020122200100488,2020년 12월 22일 19시,화요일,대전광역시 서구 월평동,경상사고,0,0,1,0,차대차 - 측면충돌,기타,건조,맑음,교차로 - 교차로안,기타불명,기타불명,미분류,기타불명,승용,여,60세,경상
2020122200100489,2020년 12월 22일 19시,화요일,대전광역시 유성구 봉명동,경상사고,0,0,1,0,차대차 - 기타,안전운전불이행,건조,맑음,교차로 - 교차로안,승용,여,37세,상해없음,승용,남,50세,경상
2020122200100586,2020년 12월 22일 23시,화요일,대전광역시 동구 가양동,경상사고,0,0,2,0,차대차 - 측면충돌,기타,건조,맑음,교차로 - 교차로안,승용,남,24세,상해없음,승용,여,21세,경상
2020122300100033,2020년 12월 23일 05시,수요일,대전광역시 중구 대사동,사망사고,1,0,0,0,차대사람 - 기타,과속,건조,맑음,단일로 - 기타,화물,남,35세,상해없음,보행자,여,73세,사망
2020122300100054,2020년 12월 23일 06시,수요일,대전광역시 유성구 하기동,경상사고,0,0,2,0,차대차 - 추돌,안전운전불이행,건조,맑음,단일로 - 기타,승용,남,24세,상해없음,화물,남,65세,경상
2020122300100191,2020년 12월 23일 11시,수요일,대전광역시 서구 둔산동,경상사고,0,0,1,0,차대차 - 기타,신호위반,건조,맑음,교차로 - 교차로부근,승용,여,45세,상해없음,승용,여,21세,상해없음
2020122300100225,2020년 12월 23일 12시,수요일,대전광역시 대덕구 대화동,경상사고,0,0,1,0,차대차 - 기타,기타,건조,맑음,교차로 - 교차로안,이륜,남,40세,경상,승용,남,56세,상해없음
2020122300100278,2020년 12월 23일 14시,수요일,대전광역시 동구 가오동,경상사고,0,0,1,0,차대차 - 후진중충돌,불법유턴,건조,맑음,교차로 - 교차로부근,승합,남,56세,상해없음,이륜,남,33세,경상
2020122300100393,2020년 12월 23일 17시,수요일,대전광역시 중구 유천동,경상사고,0,0,1,0,차대차 - 기타,신호위반,건조,맑음,교차로 - 교차로안,화물,남,47세,상해없음,화물,남,65세,경상
2020122300100394,2020년 12월 23일 17시,수요일,대전광역시 중구 태평동,경상사고,0,0,1,0,차대차 - 기타,안전운전불이행,건조,맑음,교차로 - 교차로안,승용,남,64세,상해없음,승용,남,47세,경상
2020122300100395,2020년 12월 23일 17시,수요일,대전광역시 유성구 어은동,부상신고사고,0,0,0,1,차대사람 - 횡단중,안전운전불이행,건조,맑음,단일로 - 기타,이륜,남,28세,상해없음,보행자,남,19세,부상신고
2020122300100472,2020년 12월 23일 18시,수요일,대전광역시 중구 오류동,경상사고,0,0,1,0,차대차 - 기타,안전거리미확보,건조,맑음,단일로 - 기타,승용,여,51세,상해없음,승용,남,35세,경상
2020122300100473,2020년 12월 23일 18시,수요일,대전광역시 동구 판암동,경상사고,0,0,1,0,차대차 - 추돌,안전운전불이행,건조,맑음,단일로 - 기타,승용,남,26세,상해없음,승용,남,58세,경상
2020122300100474,2020년 12월 23일 18시,수요일,대전광역시 대덕구 중리동,중상사고,0,1,0,0,차대사람 - 보도통행중,보행자보호의무위반,건조,흐림,단일로 - 기타,승용,여,48세,기타불명,보행자,여,58세,중상
2020122300100560,2020년 12월 23일 20시,수요일,대전광역시 대덕구 오정동,경상사고,0,0,1,0,차대사람 - 기타,안전운전불이행,건조,흐림,단일로 - 기타,이륜,남,48세,상해없음,보행자,여,18세,경상
2020122300100596,2020년 12월 23일 21시,수요일,대전광역시 서구 가수원동,중상사고,0,1,4,0,차대차 - 기타,신호위반,건조,맑음,교차로 - 교차로안,승용,남,50세,상해없음,승합,남,47세,경상
2020122300100597,2020년 12월 23일 21시,수요일,대전광역시 유성구 도룡동,경상사고,0,0,1,0,차대차 - 측면충돌,과속,건조,맑음,교차로 - 교차로안,승용,남,30세,경상,승용,남,53세,기타불명
2020122300100609,2020년 12월 23일 22시,수요일,대전광역시 유성구 궁동,중상사고,0,1,0,0,차대차 - 추돌,안전운전불이행,건조,맑음,교차로 - 교차로부근,승용,남,43세,상해없음,승용,여,56세,중상
2020122400100042,2020년 12월 24일 06시,목요일,대전광역시 유성구 반석동,경상사고,0,0,2,0,차대차 - 후진중충돌,안전운전불이행,건조,맑음,단일로 - 기타,승용,남,64세,기타불명,승용,여,63세,경상
2020122400100065,2020년 12월 24일 07시,목요일,대전광역시 동구 가양동,경상사고,0,0,1,0,차대사람 - 횡단중,신호위반,건조,맑음,교차로 - 교차로횡단보도내,승용,남,22세,상해없음,보행자,여,60세,경상
2020122400100186,2020년 12월 24일 11시,목요일,대전광역시 서구 가수원동,경상사고,0,0,1,0,차대차 - 기타,안전운전불이행,건조,맑음,기타 - 기타,이륜,남,33세,상해없음,이륜,남,40세,경상
2020122400100187,2020년 12월 24일 11시,목요일,대전광역시 서구 둔산동,경상사고,0,0,2,0,차대차 - 기타,안전운전불이행,건조,맑음,단일로 - 기타,승용,여,52세,기타불명,승용,여,42세,경상
2020122400100215,2020년 12월 24일 12시,목요일,대전광역시 서구 도마동,경상사고,0,0,2,0,차대차 - 추돌,안전운전불이행,건조,맑음,교차로 - 교차로부근,승용,남,61세,상해없음,승용,남,52세,경상
2020122400100216,2020년 12월 24일 12시,목요일,대전광역시 유성구 방동,경상사고,0,0,1,0,차대차 - 추돌,안전운전불이행,건조,맑음,단일로 - 기타,화물,남,49세,상해없음,화물,남,41세,경상
2020122400100292,2020년 12월 24일 14시,목요일,대전광역시 유성구 구암동,경상사고,0,0,1,0,차대차 - 측면충돌,신호위반,건조,맑음,교차로 - 교차로안,승용,남,43세,상해없음,승용,남,32세,경상
2020122400100371,2020년 12월 24일 16시,목요일,대전광역시 동구 가오동,경상사고,0,0,1,0,차대차 - 측면충돌,교차로운행방법위반,건조,맑음,교차로 - 교차로안,승용,남,69세,상해없음,승용,여,44세,경상
2020122400100372,2020년 12월 24일 16시,목요일,대전광역시 서구 갈마동,경상사고,0,0,1,0,차량단독 - 기타,기타,건조,맑음,교차로 - 교차로부근,승합,남,53세,상해없음,,,,
2020122400100373,2020년 12월 24일 16시,목요일,대전광역시 유성구 봉명동,경상사고,0,0,1,0,차대차 - 측면충돌,안전운전불이행,건조,맑음,교차로 - 교차로안,승합,남,62세,상해없음,승용,남,30세,경상
2020122400100492,2020년 12월 24일 18시,목요일,대전광역시 유성구 원내동,경상사고,0,0,2,0,차대차 - 측면충돌,신호위반,건조,맑음,교차로 - 교차로안,승용,여,52세,상해없음,승용,남,22세,경상
2020122400100493,2020년 12월 24일 18시,목요일,대전광역시 서구 내동,경상사고,0,0,1,0,차대차 - 측면충돌,안전운전불이행,건조,맑음,단일로 - 기타,승용,남,81세,상해없음,승용,여,26세,경상
2020122400100494,2020년 12월 24일 18시,목요일,대전광역시 유성구 상대동,경상사고,0,0,4,0,차대차 - 측면충돌,안전운전불이행,건조,맑음,교차로 - 교차로안,승용,남,42세,상해없음,승용,남,54세,경상
2020122400100549,2020년 12월 24일 19시,목요일,대전광역시 서구 둔산동,경상사고,0,0,3,0,차대차 - 측면충돌,신호위반,건조,맑음,단일로 - 기타,승용,여,44세,경상,승용,여,49세,경상
2020122400100550,2020년 12월 24일 19시,목요일,대전광역시 유성구 하기동,경상사고,0,0,3,0,차대차 - 기타,안전거리미확보,건조,맑음,단일로 - 기타,승용,여,43세,경상,승용,여,56세,경상
2020122400100585,2020년 12월 24일 20시,목요일,대전광역시 중구 태평동,중상사고,0,1,1,0,차대차 - 기타,신호위반,건조,맑음,교차로 - 교차로부근,이륜,남,55세,상해없음,승합,남,41세,경상
2020122400100627,2020년 12월 24일 21시,목요일,대전광역시 대덕구 송촌동,경상사고,0,0,1,1,차대차 - 추돌,안전운전불이행,건조,맑음,단일로 - 기타,화물,남,60세,상해없음,승합,남,53세,경상
2020122400100628,2020년 12월 24일 21시,목요일,대전광역시 서구 갈마동,경상사고,0,0,1,0,차대차 - 정면충돌,신호위반,건조,맑음,교차로 - 교차로안,이륜,남,36세,상해없음,승용,여,56세,경상
2020122400100651,2020년 12월 24일 22시,목요일,대전광역시 중구 산성동,경상사고,0,0,1,0,차대차 - 추돌,안전운전불이행,건조,맑음,교차로 - 교차로부근,승용,남,57세,상해없음,승용,남,27세,경상
2020122400100652,2020년 12월 24일 22시,목요일,대전광역시 서구 가수원동,경상사고,0,0,1,0,차대사람 - 기타,안전운전불이행,건조,맑음,교차로 - 교차로안,승용,남,21세,상해없음,보행자,남,47세,경상
2020122500100033,2020년 12월 25일 06시,금요일,대전광역시 유성구 송강동,경상사고,0,0,1,0,차대차 - 추돌,중앙선침범,젖음/습기,눈,단일로 - 기타,승용,남,46세,상해없음,승용,남,29세,경상
2020122500100063,2020년 12월 25일 09시,금요일,대전광역시 중구 선화동,중상사고,0,1,0,0,차대차 - 기타,신호위반,건조,맑음,교차로 - 교차로부근,자전거,남,77세,중상,승용,여,28세,상해없음
2020122500100117,2020년 12월 25일 12시,금요일,대전광역시 서구 갈마동,경상사고,0,0,2,0,차대차 - 기타,차로위반,건조,맑음,단일로 - 기타,승용,남,30세,상해없음,화물,남,49세,경상
2020122500100197,2020년 12월 25일 15시,금요일,대전광역시 중구 문화동,경상사고,0,0,1,0,차량단독 - 기타,기타,건조,맑음,단일로 - 기타,승합,남,55세,상해없음,,,,
2020122500100245,2020년 12월 25일 17시,금요일,대전광역시 서구 갈마동,경상사고,0,0,1,0,차대차 - 기타,신호위반,건조,맑음,교차로 - 교차로안,승용,여,40세,상해없음,원동기,남,54세,경상
2020122500100277,2020년 12월 25일 18시,금요일,대전광역시 대덕구 오정동,경상사고,0,0,1,0,차대차 - 측면충돌,신호위반,건조,맑음,단일로 - 기타,화물,남,37세,상해없음,승용,남,62세,경상
2020122500100307,2020년 12월 25일 19시,금요일,대전광역시 동구 성남동,경상사고,0,0,1,0,차대차 - 측면충돌,교차로운행방법위반,건조,맑음,교차로 - 교차로안,이륜,남,46세,상해없음,승용,남,61세,경상
2020122500100337,2020년 12월 25일 20시,금요일,대전광역시 중구 문화동,경상사고,0,0,1,0,차대차 - 기타,신호위반,건조,맑음,교차로 - 교차로안,승용,남,27세,상해없음,승용,여,33세,경상
2020122500100372,2020년 12월 25일 21시,금요일,대전광역시 유성구 궁동,경상사고,0,0,1,0,차대차 - 기타,안전운전불이행,건조,맑음,교차로 - 교차로안,승용,남,45세,상해없음,이륜,남,29세,경상
2020122500100389,2020년 12월 25일 23시,금요일,대전광역시 서구 둔산동,경상사고,0,0,2,0,차대차 - 기타,안전운전불이행,건조,맑음,교차로 - 교차로안,승용,남,27세,상해없음,승용,남,61세,경상
2020122600100071,2020년 12월 26일 09시,토요일,대전광역시 중구 은행동,경상사고,0,0,1,0,차대사람 - 보도통행중,기타,건조,맑음,단일로 - 기타,원동기,남,42세,상해없음,보행자,여,31세,경상
2020122600100072,2020년 12월 26일 09시,토요일,대전광역시 서구 둔산동,경상사고,0,0,1,0,차대차 - 측면충돌,안전거리미확보,건조,맑음,단일로 - 기타,승용,여,44세,상해없음,승용,남,61세,경상
2020122600100092,2020년 12월 26일 10시,토요일,대전광역시 대덕구 중리동,중상사고,0,1,0,0,차량단독 - 기타,안전운전불이행,건조,맑음,단일로 - 기타,승합,남,52세,상해없음,,,,
2020122600100190,2020년 12월 26일 14시,토요일,대전광역시 유성구 전민동,중상사고,0,1,0,0,차대사람 - 기타,기타,건조,맑음,단일로 - 기타,승용,남,61세,상해없음,보행자,남,7세,중상
2020122600100217,2020년 12월 26일 15시,토요일,대전광역시 서구 내동,중상사고,0,1,0,0,차대차 - 기타,안전운전불이행,건조,맑음,단일로 - 기타,승합,남,59세,상해없음,이륜,남,38세,중상
2020122600100238,2020년 12월 26일 16시,토요일,대전광역시 유성구 구암동,경상사고,0,0,2,0,차대차 - 기타,안전운전불이행,건조,맑음,단일로 - 기타,화물,남,55세,상해없음,승용,여,45세,경상
2020122600100314,2020년 12월 26일 18시,토요일,대전광역시 서구 관저동,중상사고,0,1,0,0,차대차 - 정면충돌,안전운전불이행,건조,맑음,교차로 - 교차로부근,승용,여,24세,상해없음,이륜,남,22세,중상
2020122600100350,2020년 12월 26일 19시,토요일,대전광역시 서구 괴정동,경상사고,0,0,1,0,차대차 - 측면충돌,안전운전불이행,건조,맑음,교차로 - 교차로횡단보도내,승용,여,60세,상해없음,이륜,남,41세,경상
2020122600100376,2020년 12월 26일 20시,토요일,대전광역시 유성구 원신흥동,경상사고,0,0,1,0,차대차 - 기타,불법유턴,건조,맑음,교차로 - 교차로안,자전거,남,80세,상해없음,승용,남,51세,상해없음
2020122600100432,2020년 12월 26일 23시,토요일,대전광역시 서구 괴정동,부상신고사고,0,0,0,1,차대차 - 측면충돌,안전거리미확보,건조,맑음,단일로 - 기타,기타불명,기타불명,미분류,기타불명,이륜,남,28세,부상신고
2020122700100076,2020년 12월 27일 12시,일요일,대전광역시 중구 유천동,중상사고,0,1,4,0,차대차 - 측면충돌,직진우회전진행방해,건조,맑음,교차로 - 교차로안,승용,남,76세,경상,승용,남,46세,경상
2020122700100127,2020년 12월 27일 15시,일요일,대전광역시 중구 문창동,경상사고,0,0,1,0,차대사람 - 보도통행중,안전운전불이행,건조,맑음,단일로 - 기타,승용,남,69세,기타불명,보행자,여,85세,경상
2020122700100189,2020년 12월 27일 17시,일요일,대전광역시 서구 둔산동,경상사고,0,0,1,0,차대차 - 기타,안전운전불이행,건조,맑음,교차로 - 교차로부근,승용,남,51세,상해없음,승용,남,56세,경상
2020122700100244,2020년 12월 27일 19시,일요일,대전광역시 중구 오류동,경상사고,0,0,3,0,차대차 - 기타,안전거리미확보,건조,맑음,단일로 - 기타,승용,여,60세,경상,승용,여,24세,경상
2020122700100305,2020년 12월 27일 22시,일요일,대전광역시 중구 대흥동,경상사고,0,0,2,0,차대차 - 측면충돌,교차로운행방법위반,건조,맑음,교차로 - 교차로안,화물,남,71세,상해없음,이륜,남,22세,경상
2020122700100312,2020년 12월 27일 23시,일요일,대전광역시 서구 용문동,경상사고,0,0,1,0,차량단독 - 공작물충돌,안전운전불이행,건조,맑음,단일로 - 기타,이륜,남,39세,경상,,,,
2020122800100020,2020년 12월 28일 04시,월요일,대전광역시 유성구 지족동,경상사고,0,0,1,0,차대차 - 추돌,안전운전불이행,건조,맑음,단일로 - 기타,승용,남,78세,상해없음,승용,여,30세,경상
2020122800100164,2020년 12월 28일 10시,월요일,대전광역시 서구 복수동,경상사고,0,0,2,0,차대차 - 측면충돌,안전운전불이행,건조,맑음,교차로 - 교차로안,화물,남,41세,경상,승용,남,64세,경상
2020122800100165,2020년 12월 28일 10시,월요일,대전광역시 서구 내동,경상사고,0,0,1,0,차대사람 - 차도통행중,안전운전불이행,건조,맑음,단일로 - 기타,승용,남,74세,상해없음,보행자,여,30세,경상
2020122800100266,2020년 12월 28일 13시,월요일,대전광역시 서구 탄방동,경상사고,0,0,1,0,차대사람 - 기타,안전운전불이행,건조,맑음,교차로 - 교차로부근,원동기,남,27세,상해없음,보행자,여,32세,경상
2020122800100267,2020년 12월 28일 13시,월요일,대전광역시 서구 둔산동,경상사고,0,0,2,0,차대차 - 기타,신호위반,건조,맑음,교차로 - 교차로안,승용,남,66세,상해없음,승용,남,48세,경상
2020122800100418,2020년 12월 28일 17시,월요일,대전광역시 서구 도마동,경상사고,0,0,1,0,차대사람 - 차도통행중,안전운전불이행,건조,맑음,교차로 - 교차로안,승용,남,68세,상해없음,보행자,여,74세,경상
2020122800100471,2020년 12월 28일 18시,월요일,대전광역시 유성구 봉명동,중상사고,0,1,0,0,차대사람 - 횡단중,보행자보호의무위반,건조,맑음,교차로 - 교차로횡단보도내,승용,여,43세,상해없음,보행자,여,53세,중상
2020122800100555,2020년 12월 28일 22시,월요일,대전광역시 유성구 궁동,경상사고,0,0,1,0,차대차 - 기타,신호위반,건조,맑음,교차로 - 교차로안,이륜,남,43세,상해없음,화물,남,43세,경상
2020122900100010,2020년 12월 29일 03시,화요일,대전광역시 중구 유천동,중상사고,0,1,0,0,차대차 - 측면충돌,안전거리미확보,건조,맑음,단일로 - 교량,이륜,남,26세,상해없음,이륜,남,27세,중상
2020122900100081,2020년 12월 29일 09시,화요일,대전광역시 중구 문화동,경상사고,0,0,1,0,차대차 - 기타,안전운전불이행,건조,맑음,단일로 - 기타,승용,남,61세,상해없음,승용,여,40세,경상
2020122900100217,2020년 12월 29일 15시,화요일,대전광역시 동구 가양동,경상사고,0,0,1,0,차대사람 - 기타,기타,적설,맑음,기타 - 기타,자전거,기타불명,미분류,기타불명,보행자,남,36세,경상
2020122900100247,2020년 12월 29일 16시,화요일,대전광역시 대덕구 신대동,경상사고,0,0,3,0,차대차 - 측면충돌,안전거리미확보,젖음/습기,비,단일로 - 기타,화물,남,50세,상해없음,승용,남,66세,경상
2020122900100344,2020년 12월 29일 18시,화요일,대전광역시 중구 오류동,경상사고,0,0,1,0,차대사람 - 기타,중앙선침범,젖음/습기,눈,교차로 - 교차로횡단보도내,승용,여,54세,상해없음,보행자,남,42세,경상
2020122900100345,2020년 12월 29일 18시,화요일,대전광역시 중구 대흥동,경상사고,0,0,1,0,차대사람 - 기타,보행자보호의무위반,젖음/습기,눈,교차로 - 교차로횡단보도내,승합,남,56세,기타불명,보행자,남,65세,경상
2020122900100346,2020년 12월 29일 18시,화요일,대전광역시 서구 관저동,경상사고,0,0,1,0,차대사람 - 횡단중,신호위반,적설,눈,교차로 - 교차로안,이륜,남,21세,상해없음,보행자,남,54세,경상
2020122900100384,2020년 12월 29일 19시,화요일,대전광역시 서구 둔산동,경상사고,0,0,1,0,차대사람 - 기타,신호위반,젖음/습기,눈,교차로 - 교차로안,원동기,남,30세,상해없음,보행자,여,27세,경상
2020122900100458,2020년 12월 29일 21시,화요일,대전광역시 동구 세천동,경상사고,0,0,1,0,차대차 - 기타,안전운전불이행,서리/결빙,흐림,단일로 - 기타,승용,남,21세,상해없음,화물,남,50세,경상
2020122900100459,2020년 12월 29일 21시,화요일,대전광역시 유성구 지족동,경상사고,0,0,2,0,차대차 - 기타,교차로운행방법위반,건조,맑음,교차로 - 교차로안,승용,남,29세,상해없음,승용,남,28세,경상
2020123000100062,2020년 12월 30일 07시,수요일,대전광역시 유성구 송강동,경상사고,0,0,1,0,차대차 - 추돌,교차로운행방법위반,서리/결빙,흐림,교차로 - 교차로부근,승용,남,51세,기타불명,승용,남,51세,경상
2020123000100092,2020년 12월 30일 08시,수요일,대전광역시 유성구 관평동,경상사고,0,0,1,0,차대차 - 측면충돌,중앙선침범,서리/결빙,눈,교차로 - 교차로부근,승용,여,29세,상해없음,승용,여,32세,경상
2020123000100093,2020년 12월 30일 08시,수요일,대전광역시 유성구 탑립동,경상사고,0,0,1,0,차대차 - 추돌,안전운전불이행,서리/결빙,눈,단일로 - 기타,승용,남,32세,상해없음,승용,남,38세,경상
2020123000100113,2020년 12월 30일 09시,수요일,대전광역시 중구 대흥동,중상사고,0,1,0,0,차대사람 - 횡단중,중앙선침범,건조,맑음,단일로 - 기타,승용,여,56세,상해없음,보행자,남,91세,중상
2020123000100131,2020년 12월 30일 10시,수요일,대전광역시 유성구 화암동,경상사고,0,0,6,0,차대차 - 기타,안전거리미확보,젖음/습기,맑음,단일로 - 기타,승용,남,59세,상해없음,승용,남,62세,경상
2020123000100164,2020년 12월 30일 11시,수요일,대전광역시 중구 태평동,경상사고,0,0,1,0,차대차 - 기타,기타,건조,맑음,단일로 - 기타,승용,남,56세,상해없음,자전거,남,13세,경상
2020123000100165,2020년 12월 30일 11시,수요일,대전광역시 유성구 원신흥동,경상사고,0,0,3,0,차대차 - 추돌,안전운전불이행,건조,맑음,단일로 - 기타,화물,남,64세,상해없음,승용,여,55세,경상
2020123000100223,2020년 12월 30일 13시,수요일,대전광역시 서구 괴정동,중상사고,0,1,0,0,차대차 - 기타,기타,건조,맑음,교차로 - 교차로안,승용,여,33세,상해없음,이륜,남,25세,중상
2020123000100254,2020년 12월 30일 14시,수요일,대전광역시 동구 성남동,중상사고,0,1,0,0,차대사람 - 기타,보행자보호의무위반,건조,맑음,교차로 - 교차로안,화물,남,62세,상해없음,보행자,여,9세,중상
2020123000100255,2020년 12월 30일 14시,수요일,대전광역시 서구 용문동,경상사고,0,0,1,0,차대사람 - 기타,안전운전불이행,건조,맑음,단일로 - 기타,승용,여,58세,상해없음,보행자,여,50세,경상
2020123000100283,2020년 12월 30일 15시,수요일,대전광역시 중구 선화동,경상사고,0,0,2,0,차대차 - 기타,교차로운행방법위반,건조,맑음,교차로 - 교차로안,승용,남,39세,경상,승용,남,67세,경상
2020123000100284,2020년 12월 30일 15시,수요일,대전광역시 대덕구 오정동,중상사고,0,1,0,0,차대사람 - 횡단중,보행자보호의무위반,건조,맑음,교차로 - 교차로횡단보도내,화물,남,48세,상해없음,보행자,여,28세,중상
2020123000100319,2020년 12월 30일 16시,수요일,대전광역시 중구 태평동,경상사고,0,0,1,0,차대차 - 기타,안전운전불이행,건조,맑음,교차로 - 교차로부근,이륜,남,32세,경상,승용,여,54세,상해없음
2020123000100419,2020년 12월 30일 18시,수요일,대전광역시 중구 호동,경상사고,0,0,1,0,차대차 - 측면충돌,안전운전불이행,건조,맑음,교차로 - 교차로부근,원동기,남,29세,상해없음,승용,남,37세,경상
2020123000100421,2020년 12월 30일 18시,수요일,대전광역시 서구 갈마동,경상사고,0,0,2,0,차대차 - 추돌,안전운전불이행,건조,맑음,단일로 - 기타,승용,남,50세,상해없음,승용,남,21세,경상
2020123000100477,2020년 12월 30일 20시,수요일,대전광역시 서구 도마동,경상사고,0,0,1,0,차대차 - 측면충돌,안전운전불이행,건조,맑음,교차로 - 교차로안,이륜,남,49세,경상,화물,남,64세,기타불명
2020123000100478,2020년 12월 30일 20시,수요일,대전광역시 대덕구 비래동,경상사고,0,0,1,0,차대차 - 기타,기타,건조,맑음,단일로 - 기타,승합,남,52세,상해없음,원동기,남,42세,상해없음
2020123000100515,2020년 12월 30일 21시,수요일,대전광역시 중구 안영동,경상사고,0,0,1,0,차대차 - 기타,안전운전불이행,건조,맑음,단일로 - 기타,승용,남,56세,상해없음,승용,남,43세,경상
2020123000100516,2020년 12월 30일 21시,수요일,대전광역시 서구 변동,경상사고,0,0,3,0,차대차 - 기타,중앙선침범,건조,맑음,교차로 - 교차로부근,화물,남,61세,상해없음,승용,남,37세,경상
2020123000100517,2020년 12월 30일 21시,수요일,대전광역시 대덕구 오정동,경상사고,0,0,1,0,차대차 - 기타,신호위반,건조,맑음,교차로 - 교차로부근,승용,남,30세,기타불명,승용,여,30세,경상
2020123100100015,2020년 12월 31일 04시,목요일,대전광역시 대덕구 와동,경상사고,0,0,1,0,차대차 - 측면충돌,안전운전불이행,젖음/습기,흐림,교차로 - 교차로부근,화물,남,58세,기타불명,승용,남,38세,경상
2020123100100061,2020년 12월 31일 08시,목요일,대전광역시 서구 둔산동,경상사고,0,0,1,0,차대차 - 기타,안전운전불이행,건조,맑음,교차로 - 교차로부근,기타불명,기타불명,미분류,기타불명,승용,여,45세,경상
2020123100100078,2020년 12월 31일 09시,목요일,대전광역시 동구 가양동,경상사고,0,0,1,0,차대차 - 측면충돌,중앙선침범,건조,맑음,단일로 - 기타,승용,남,62세,상해없음,특수,남,31세,경상
2020123100100103,2020년 12월 31일 10시,목요일,대전광역시 중구 태평동,경상사고,0,0,1,0,차대차 - 기타,신호위반,건조,맑음,교차로 - 교차로안,승용,여,65세,상해없음,자전거,남,51세,경상
2020123100100104,2020년 12월 31일 10시,목요일,대전광역시 유성구 장대동,중상사고,0,1,0,0,차대차 - 측면충돌,신호위반,건조,맑음,교차로 - 교차로안,승용,여,41세,상해없음,원동기,남,49세,중상
2020123100100175,2020년 12월 31일 12시,목요일,대전광역시 중구 대흥동,중상사고,0,1,0,0,차량단독 - 기타,안전운전불이행,건조,맑음,단일로 - 기타,승합,남,53세,기타불명,,,,
2020123100100176,2020년 12월 31일 12시,목요일,대전광역시 유성구 봉명동,경상사고,0,0,1,0,차대차 - 추돌,안전운전불이행,건조,맑음,교차로 - 교차로부근,승용,여,45세,상해없음,승용,남,28세,경상
2020123100100209,2020년 12월 31일 13시,목요일,대전광역시 동구 가오동,중상사고,0,1,0,0,차대차 - 정면충돌,교차로운행방법위반,건조,맑음,교차로 - 교차로안,승용,여,43세,상해없음,이륜,남,39세,중상
2020123100100210,2020년 12월 31일 13시,목요일,대전광역시 서구 갈마동,경상사고,0,0,2,0,차대차 - 기타,안전운전불이행,건조,맑음,교차로 - 교차로안,승용,남,53세,경상,승용,여,63세,경상
2020123100100240,2020년 12월 31일 14시,목요일,대전광역시 대덕구 법동,부상신고사고,0,0,0,1,차대사람 - 기타,기타,건조,맑음,기타 - 기타,화물,남,60세,상해없음,보행자,여,69세,부상신고
2020123100100241,2020년 12월 31일 14시,목요일,대전광역시 유성구 반석동,경상사고,0,0,1,0,차대차 - 측면충돌,기타,건조,맑음,교차로 - 교차로횡단보도내,이륜,남,51세,상해없음,자전거,남,11세,경상
2020123100100269,2020년 12월 31일 15시,목요일,대전광역시 유성구 관평동,경상사고,0,0,1,0,차대차 - 측면충돌,안전운전불이행,건조,맑음,단일로 - 기타,승용,남,19세,상해없음,승용,남,31세,경상
2020123100100371,2020년 12월 31일 17시,목요일,대전광역시 중구 문창동,경상사고,0,0,1,0,차대사람 - 차도통행중,안전운전불이행,건조,맑음,단일로 - 기타,승용,여,61세,상해없음,보행자,여,66세,경상
2020123100100372,2020년 12월 31일 17시,목요일,대전광역시 대덕구 오정동,경상사고,0,0,1,0,차대차 - 추돌,안전운전불이행,건조,맑음,단일로 - 기타,승용,여,29세,상해없음,승용,남,41세,경상
2020123100100438,2020년 12월 31일 18시,목요일,대전광역시 동구 구도동,중상사고,0,1,0,0,차대차 - 기타,신호위반,젖음/습기,눈,교차로 - 교차로안,승용,남,63세,상해없음,화물,남,50세,중상
2020123100100439,2020년 12월 31일 18시,목요일,대전광역시 대덕구 법동,경상사고,0,0,1,0,차대사람 - 횡단중,보행자보호의무위반,건조,맑음,교차로 - 교차로횡단보도내,승용,남,63세,상해없음,보행자,남,47세,경상
2020123100100440,2020년 12월 31일 18시,목요일,대전광역시 유성구 봉명동,경상사고,0,0,3,0,차대차 - 기타,안전거리미확보,건조,맑음,교차로 - 교차로부근,승용,여,39세,상해없음,승용,남,21세,경상
2020123100100488,2020년 12월 31일 19시,목요일,대전광역시 대덕구 오정동,경상사고,0,0,1,0,차대사람 - 기타,보행자보호의무위반,건조,맑음,교차로 - 교차로안,승용,남,29세,상해없음,보행자,남,20세,경상
2020123100100524,2020년 12월 31일 20시,목요일,대전광역시 유성구 봉명동,경상사고,0,0,1,0,차대차 - 기타,안전운전불이행,건조,맑음,단일로 - 기타,승용,여,49세,상해없음,이륜,남,33세,경상
2020123100100525,2020년 12월 31일 20시,목요일,대전광역시 유성구 가정동,경상사고,0,0,1,0,차대차 - 기타,신호위반,건조,맑음,교차로 - 교차로안,승용,여,36세,기타불명,승용,남,31세,경상
2020123100100607,2020년 12월 31일 23시,목요일,대전광역시 동구 가양동,경상사고,0,0,1,0,차대차 - 기타,신호위반,건조,맑음,교차로 - 교차로안,이륜,남,27세,상해없음,이륜,남,31세,경상